
-- Create Database (Optional)
GRANT ALL PRIVILEGES ON roomEase.* TO 'chhoungech'@'localhost'; FLUSH PRIVILEGES;
-- -----------------------------------------------------
-- 1. Table: USERS
-- -----------------------------------------------------
CREATE TABLE IF NOT EXISTS `USERS` (
  `uuid` VARCHAR(36) NOT NULL,
  `full_name` VARCHAR(255) NOT NULL,
  `email` VARCHAR(255) NOT NULL,
  `password_hash` VARCHAR(255) NOT NULL,
  `role` ENUM('RENTER', 'OWNER', 'ADMIN') NOT NULL,
  `avatar_url` VARCHAR(255) NULL,
  `phone_number` VARCHAR(50) NULL,
  `google_id` VARCHAR(255) NULL,
  `facebook_id` VARCHAR(255) NULL,
  `is_verified` BOOLEAN NOT NULL DEFAULT FALSE,
  `is_banned` BOOLEAN NOT NULL DEFAULT FALSE,
  `last_login_at` DATETIME NULL,
  `created_at` DATETIME NOT NULL DEFAULT CURRENT_TIMESTAMP,
  `updated_at` DATETIME NOT NULL DEFAULT CURRENT_TIMESTAMP ON UPDATE CURRENT_TIMESTAMP,
  PRIMARY KEY (`uuid`),
  UNIQUE INDEX `email_UNIQUE` (`email` ASC),
  UNIQUE INDEX `google_id_UNIQUE` (`google_id` ASC),
  UNIQUE INDEX `facebook_id_UNIQUE` (`facebook_id` ASC)
) ENGINE = InnoDB;

-- -----------------------------------------------------
-- 2. Table: ROOMS
-- -----------------------------------------------------
CREATE TABLE IF NOT EXISTS `ROOMS` (
  `uuid` VARCHAR(36) NOT NULL,
  `owner_id` VARCHAR(36) NOT NULL,
  `title` VARCHAR(255) NOT NULL,
  `description` TEXT NULL,
  `price_per_month` DECIMAL(10, 2) NOT NULL,
  `deposit` DECIMAL(10, 2) NOT NULL DEFAULT 0.00,
  `address` VARCHAR(255) NOT NULL,
  `district` VARCHAR(100) NOT NULL,
  `city` VARCHAR(100) NOT NULL,
  `location` POINT NOT NULL,
  `room_type` ENUM('STUDIO', '1BR', '2BR', 'SHARED') NOT NULL,
  `status` ENUM('AVAILABLE', 'RENTED') NOT NULL DEFAULT 'AVAILABLE',
  `approval_status` ENUM('PENDING', 'APPROVED', 'REJECTED') NOT NULL DEFAULT 'PENDING',
  `created_at` DATETIME NOT NULL DEFAULT CURRENT_TIMESTAMP,
  `updated_at` DATETIME NOT NULL DEFAULT CURRENT_TIMESTAMP ON UPDATE CURRENT_TIMESTAMP,
  PRIMARY KEY (`uuid`),
  SPATIAL INDEX `location_SPATIAL` (`location`),
  CONSTRAINT `fk_rooms_owner`
    FOREIGN KEY (`owner_id`)
    REFERENCES `USERS` (`uuid`)
    ON DELETE CASCADE
    ON UPDATE CASCADE
) ENGINE = InnoDB;

-- -----------------------------------------------------
-- 3. Table: AMENITIES
-- -----------------------------------------------------
CREATE TABLE IF NOT EXISTS `AMENITIES` (
  `id` INT NOT NULL AUTO_INCREMENT,
  `name` VARCHAR(100) NOT NULL,
  `icon` VARCHAR(100) NULL,
  PRIMARY KEY (`id`),
  UNIQUE INDEX `name_UNIQUE` (`name` ASC)
) ENGINE = InnoDB;

-- -----------------------------------------------------
-- 4. Table: ROOM_AMENITIES (Many-to-Many Bridge)
-- -----------------------------------------------------
CREATE TABLE IF NOT EXISTS `ROOM_AMENITIES` (
  `room_id` VARCHAR(36) NOT NULL,
  `amenity_id` INT NOT NULL,
  PRIMARY KEY (`room_id`, `amenity_id`),
  CONSTRAINT `fk_room_amenities_room`
    FOREIGN KEY (`room_id`)
    REFERENCES `ROOMS` (`uuid`)
    ON DELETE CASCADE
    ON UPDATE CASCADE,
  CONSTRAINT `fk_room_amenities_amenity`
    FOREIGN KEY (`amenity_id`)
    REFERENCES `AMENITIES` (`id`)
    ON DELETE CASCADE
    ON UPDATE CASCADE
) ENGINE = InnoDB;

-- -----------------------------------------------------
-- 5. Table: ROOM_IMAGES
-- -----------------------------------------------------
CREATE TABLE IF NOT EXISTS `ROOM_IMAGES` (
  `uuid` VARCHAR(36) NOT NULL,
  `room_id` VARCHAR(36) NOT NULL,
  `image_url` VARCHAR(255) NOT NULL,
  `is_primary` BOOLEAN NOT NULL DEFAULT FALSE,
  `sort_order` INT NOT NULL DEFAULT 0,
  `created_at` DATETIME NOT NULL DEFAULT CURRENT_TIMESTAMP,
  PRIMARY KEY (`uuid`),
  CONSTRAINT `fk_room_images_room`
    FOREIGN KEY (`room_id`)
    REFERENCES `ROOMS` (`uuid`)
    ON DELETE CASCADE
    ON UPDATE CASCADE
) ENGINE = InnoDB;

-- -----------------------------------------------------
-- 6. Table: SAVED_ROOMS
-- -----------------------------------------------------
CREATE TABLE IF NOT EXISTS `SAVED_ROOMS` (
  `uuid` VARCHAR(36) NOT NULL,
  `user_id` VARCHAR(36) NOT NULL,
  `room_id` VARCHAR(36) NOT NULL,
  `created_at` DATETIME NOT NULL DEFAULT CURRENT_TIMESTAMP,
  PRIMARY KEY (`uuid`),
  UNIQUE INDEX `user_room_UNIQUE` (`user_id` ASC, `room_id` ASC),
  CONSTRAINT `fk_saved_rooms_user`
    FOREIGN KEY (`user_id`)
    REFERENCES `USERS` (`uuid`)
    ON DELETE CASCADE
    ON UPDATE CASCADE,
  CONSTRAINT `fk_saved_rooms_room`
    FOREIGN KEY (`room_id`)
    REFERENCES `ROOMS` (`uuid`)
    ON DELETE CASCADE
    ON UPDATE CASCADE
) ENGINE = InnoDB;

-- -----------------------------------------------------
-- 7. Table: VIEWING_REQUESTS
-- -----------------------------------------------------
CREATE TABLE IF NOT EXISTS `VIEWING_REQUESTS` (
  `uuid` VARCHAR(36) NOT NULL,
  `room_id` VARCHAR(36) NOT NULL,
  `renter_id` VARCHAR(36) NOT NULL,
  `owner_id` VARCHAR(36) NOT NULL,
  `requested_date` DATE NOT NULL,
  `requested_time` TIME NOT NULL,
  `status` ENUM('PENDING', 'APPROVED', 'REJECTED', 'SUGGESTED') NOT NULL DEFAULT 'PENDING',
  `suggested_date` DATE NULL,
  `suggested_time` TIME NULL,
  `notes` TEXT NULL,
  `created_at` DATETIME NOT NULL DEFAULT CURRENT_TIMESTAMP,
  `updated_at` DATETIME NOT NULL DEFAULT CURRENT_TIMESTAMP ON UPDATE CURRENT_TIMESTAMP,
  PRIMARY KEY (`uuid`),
  CONSTRAINT `fk_viewing_room`
    FOREIGN KEY (`room_id`)
    REFERENCES `ROOMS` (`uuid`)
    ON DELETE CASCADE
    ON UPDATE CASCADE,
  CONSTRAINT `fk_viewing_renter`
    FOREIGN KEY (`renter_id`)
    REFERENCES `USERS` (`uuid`)
    ON DELETE CASCADE
    ON UPDATE CASCADE,
  CONSTRAINT `fk_viewing_owner`
    FOREIGN KEY (`owner_id`)
    REFERENCES `USERS` (`uuid`)
    ON DELETE CASCADE
    ON UPDATE CASCADE
) ENGINE = InnoDB;

-- -----------------------------------------------------
-- 8. Table: CONVERSATIONS
-- -----------------------------------------------------
CREATE TABLE IF NOT EXISTS `CONVERSATIONS` (
  `uuid` VARCHAR(36) NOT NULL,
  `room_id` VARCHAR(36) NOT NULL,
  `renter_id` VARCHAR(36) NOT NULL,
  `owner_id` VARCHAR(36) NOT NULL,
  `created_at` DATETIME NOT NULL DEFAULT CURRENT_TIMESTAMP,
  `updated_at` DATETIME NOT NULL DEFAULT CURRENT_TIMESTAMP ON UPDATE CURRENT_TIMESTAMP,
  PRIMARY KEY (`uuid`),
  CONSTRAINT `fk_conversation_room`
    FOREIGN KEY (`room_id`)
    REFERENCES `ROOMS` (`uuid`)
    ON DELETE CASCADE
    ON UPDATE CASCADE,
  CONSTRAINT `fk_conversation_renter`
    FOREIGN KEY (`renter_id`)
    REFERENCES `USERS` (`uuid`)
    ON DELETE CASCADE
    ON UPDATE CASCADE,
  CONSTRAINT `fk_conversation_owner`
    FOREIGN KEY (`owner_id`)
    REFERENCES `USERS` (`uuid`)
    ON DELETE CASCADE
    ON UPDATE CASCADE
) ENGINE = InnoDB;

-- -----------------------------------------------------
-- 9. Table: MESSAGES
-- -----------------------------------------------------
CREATE TABLE IF NOT EXISTS `MESSAGES` (
  `uuid` VARCHAR(36) NOT NULL,
  `conversation_id` VARCHAR(36) NOT NULL,
  `sender_id` VARCHAR(36) NOT NULL,
  `content` TEXT NOT NULL,
  `is_read` BOOLEAN NOT NULL DEFAULT FALSE,
  `created_at` DATETIME NOT NULL DEFAULT CURRENT_TIMESTAMP,
  PRIMARY KEY (`uuid`),
  CONSTRAINT `fk_messages_conversation`
    FOREIGN KEY (`conversation_id`)
    REFERENCES `CONVERSATIONS` (`uuid`)
    ON DELETE CASCADE
    ON UPDATE CASCADE,
  CONSTRAINT `fk_messages_sender`
    FOREIGN KEY (`sender_id`)
    REFERENCES `USERS` (`uuid`)
    ON DELETE CASCADE
    ON UPDATE CASCADE
) ENGINE = InnoDB;

-- -----------------------------------------------------
-- 10. Table: REVIEWS
-- -----------------------------------------------------
CREATE TABLE IF NOT EXISTS `REVIEWS` (
  `uuid` VARCHAR(36) NOT NULL,
  `room_id` VARCHAR(36) NOT NULL,
  `user_id` VARCHAR(36) NOT NULL,
  `rating` INT NOT NULL,
  `comment` TEXT NULL,
  `created_at` DATETIME NOT NULL DEFAULT CURRENT_TIMESTAMP,
  PRIMARY KEY (`uuid`),
  CONSTRAINT `chk_review_rating` CHECK (`rating` BETWEEN 1 AND 5),
  CONSTRAINT `fk_reviews_room`
    FOREIGN KEY (`room_id`)
    REFERENCES `ROOMS` (`uuid`)
    ON DELETE CASCADE
    ON UPDATE CASCADE,
  CONSTRAINT `fk_reviews_user`
    FOREIGN KEY (`user_id`)
    REFERENCES `USERS` (`uuid`)
    ON DELETE CASCADE
    ON UPDATE CASCADE
) ENGINE = InnoDB;

-- -----------------------------------------------------
-- 11. Table: UNIVERSITIES
-- -----------------------------------------------------
CREATE TABLE IF NOT EXISTS `UNIVERSITIES` (
  `id` INT NOT NULL AUTO_INCREMENT,
  `name` VARCHAR(255) NOT NULL,
  `location` POINT NOT NULL,
  `address` VARCHAR(255) NULL,
  PRIMARY KEY (`id`),
  UNIQUE INDEX `name_UNIQUE` (`name` ASC),
  SPATIAL INDEX `location_SPATIAL` (`location`)
) ENGINE = InnoDB;

-- -----------------------------------------------------
-- 12. Table: NEARBY_UNIVERSITIES
-- -----------------------------------------------------
CREATE TABLE IF NOT EXISTS `NEARBY_UNIVERSITIES` (
  `room_id` VARCHAR(36) NOT NULL,
  `university_id` INT NOT NULL,
  `distance_km` DECIMAL(5, 2) NOT NULL,
  `walk_minutes` INT NULL,
  PRIMARY KEY (`room_id`, `university_id`),
  CONSTRAINT `fk_nearby_uni_room`
    FOREIGN KEY (`room_id`)
    REFERENCES `ROOMS` (`uuid`)
    ON DELETE CASCADE
    ON UPDATE CASCADE,
  CONSTRAINT `fk_nearby_uni_university`
    FOREIGN KEY (`university_id`)
    REFERENCES `UNIVERSITIES` (`id`)
    ON DELETE CASCADE
    ON UPDATE CASCADE
) ENGINE = InnoDB;

-- -----------------------------------------------------
-- 13. Table: NOTIFICATIONS
-- -----------------------------------------------------
CREATE TABLE IF NOT EXISTS `NOTIFICATIONS` (
  `uuid` VARCHAR(36) NOT NULL,
  `user_id` VARCHAR(36) NOT NULL,
  `type` VARCHAR(50) NOT NULL,
  `reference_id` VARCHAR(36) NULL,
  `message` TEXT NOT NULL,
  `is_read` BOOLEAN NOT NULL DEFAULT FALSE,
  `created_at` DATETIME NOT NULL DEFAULT CURRENT_TIMESTAMP,
  PRIMARY KEY (`uuid`),
  CONSTRAINT `fk_notifications_user`
    FOREIGN KEY (`user_id`)
    REFERENCES `USERS` (`uuid`)
    ON DELETE CASCADE
    ON UPDATE CASCADE
) ENGINE = InnoDB;

-- -----------------------------------------------------
-- 14. Table: SEARCH_HISTORY
-- -----------------------------------------------------
CREATE TABLE IF NOT EXISTS `SEARCH_HISTORY` (
  `uuid` VARCHAR(36) NOT NULL,
  `user_id` VARCHAR(36) NOT NULL,
  `keyword` VARCHAR(255) NULL,
  `city` VARCHAR(100) NULL,
  `district` VARCHAR(100) NULL,
  `min_price` DECIMAL(10, 2) NULL,
  `max_price` DECIMAL(10, 2) NULL,
  `room_type` ENUM('STUDIO', '1BR', '2BR', 'SHARED') NULL,
  `searched_at` DATETIME NOT NULL DEFAULT CURRENT_TIMESTAMP,
  PRIMARY KEY (`uuid`),
  CONSTRAINT `fk_search_history_user`
    FOREIGN KEY (`user_id`)
    REFERENCES `USERS` (`uuid`)
    ON DELETE CASCADE
    ON UPDATE CASCADE
) ENGINE = InnoDB;


-- These 6 indexes cover ~80% of your performance risk
CREATE INDEX idx_rooms_owner    ON ROOMS(owner_id);
CREATE INDEX idx_rooms_search   ON ROOMS(approval_status, status, district, price_per_month);
CREATE INDEX idx_messages_conv  ON MESSAGES(conversation_id, created_at);
CREATE INDEX idx_notif_user     ON NOTIFICATIONS(user_id, is_read, created_at DESC);
CREATE INDEX idx_conv_renter    ON CONVERSATIONS(renter_id, updated_at DESC);
CREATE INDEX idx_conv_owner     ON CONVERSATIONS(owner_id, updated_at DESC);



-- RoomEase Seed Data (100 records per major table)



SET FOREIGN_KEY_CHECKS=0;


-- USERS
INSERT INTO `USERS` (uuid,full_name,email,password_hash,role,phone_number,is_verified,is_banned,created_at,updated_at) VALUES
  ('eff0da25-6ba8-4b0a-a522-f11ef7aa6263','Phearith Vong','phearith.vong0@gmail.com','$2b$10$hashedpassword000','RENTER','0184539704',1,0,'2025-02-16 06:35:38','2025-02-16 06:35:38'),
  ('c46c7456-6a7d-4972-bfae-4bd83f69a294','Reaksa Uy','reaksa.uy1@gmail.com','$2b$10$hashedpassword001','OWNER','0379375710',1,0,'2025-11-08 06:35:38','2025-11-08 06:35:38'),
  ('57f765f9-2717-490a-a764-d46657a7baf4','Rathana Seng','rathana.seng2@gmail.com','$2b$10$hashedpassword002','RENTER','0285443951',1,0,'2026-03-19 06:35:38','2026-03-19 06:35:38'),
  ('74349d93-5a97-4bde-904a-292bbaa14493','Piseth Ros','piseth.ros3@gmail.com','$2b$10$hashedpassword003','ADMIN','0785408072',1,0,'2025-05-12 06:35:38','2025-05-12 06:35:38'),
  ('3f0028a3-1cd2-4337-9ae0-c07e709f827b','Reaksa Nget','reaksa.nget4@gmail.com','$2b$10$hashedpassword004','RENTER','0847700828',1,0,'2025-11-25 06:35:38','2025-11-25 06:35:38'),
  ('24ab7eb8-c05b-44f8-9c2d-3567fa026e39','Piseth Chan','piseth.chan5@gmail.com','$2b$10$hashedpassword005','RENTER','0759279821',1,0,'2026-04-13 06:35:38','2026-04-13 06:35:38'),
  ('2428036e-a122-4d1f-b76c-b93eac676d8b','Mealea Kim','mealea.kim6@gmail.com','$2b$10$hashedpassword006','OWNER','0243564251',1,0,'2025-07-12 06:35:38','2025-07-12 06:35:38'),
  ('09f500ef-0e78-4256-bd00-000a198fe0ea','Virak Nget','virak.nget7@gmail.com','$2b$10$hashedpassword007','OWNER','0862065818',1,0,'2025-11-13 06:35:38','2025-11-13 06:35:38'),
  ('6ad50919-6d77-4d6d-bc15-0359448690b7','Phearith Kong','phearith.kong8@gmail.com','$2b$10$hashedpassword008','RENTER','0699877065',1,0,'2026-01-21 06:35:38','2026-01-21 06:35:38'),
  ('5bd05cd9-69e6-44f0-b675-0b0e8fb7562b','Bunna Chea','bunna.chea9@gmail.com','$2b$10$hashedpassword009','RENTER','0972921859',1,0,'2025-06-14 06:35:38','2025-06-14 06:35:38'),
  ('6d511d3a-8802-4249-a9ff-a680b0e044e9','Rathana Ros','rathana.ros10@gmail.com','$2b$10$hashedpassword010','RENTER','0446707197',1,0,'2026-04-02 06:35:38','2026-04-02 06:35:38'),
  ('cfb0b1b3-da72-417e-9f50-913cf74587f5','Makara Nget','makara.nget11@gmail.com','$2b$10$hashedpassword011','RENTER','0308612220',1,0,'2026-05-28 06:35:38','2026-05-28 06:35:38'),
  ('e36c4a02-059d-4a69-aa5b-5dd1029eba5a','Rithy Vong','rithy.vong12@gmail.com','$2b$10$hashedpassword012','RENTER','0743997281',1,0,'2025-09-12 06:35:38','2025-09-12 06:35:38'),
  ('b5f2c781-4417-4887-9810-8cc7301b9b7f','Heng Sok','heng.sok13@gmail.com','$2b$10$hashedpassword013','OWNER','0906007072',1,0,'2025-03-25 06:35:38','2025-03-25 06:35:38'),
  ('17eafe69-8be3-4396-8f87-62363ea0b70b','Channary Yim','channary.yim14@gmail.com','$2b$10$hashedpassword014','RENTER','0874337174',1,0,'2026-03-12 06:35:38','2026-03-12 06:35:38'),
  ('eb1f6382-6185-4ed4-8ae9-a2d69b64bec4','Leakhena Lim','leakhena.lim15@gmail.com','$2b$10$hashedpassword015','RENTER','0799897858',1,0,'2025-02-13 06:35:38','2025-02-13 06:35:38'),
  ('c4e65f46-2165-4300-8569-1e507c25cc31','Sophea Kong','sophea.kong16@gmail.com','$2b$10$hashedpassword016','RENTER','0519197443',1,0,'2026-05-20 06:35:38','2026-05-20 06:35:38'),
  ('179309ac-4569-438b-8926-72baaf5fb4b2','Ratanak Chhun','ratanak.chhun17@gmail.com','$2b$10$hashedpassword017','RENTER','0495017343',1,0,'2026-04-30 06:35:38','2026-04-30 06:35:38'),
  ('c6007366-d637-45ea-a59e-595d35327c58','Piseth Touch','piseth.touch18@gmail.com','$2b$10$hashedpassword018','RENTER','0202437026',1,0,'2025-05-20 06:35:38','2025-05-20 06:35:38'),
  ('a7923b0d-17f9-464d-8140-32e8b6818016','Sokhom Phal','sokhom.phal19@gmail.com','$2b$10$hashedpassword019','RENTER','0783109911',1,0,'2026-03-25 06:35:38','2026-03-25 06:35:38'),
  ('d167c517-8a4c-45f4-83e3-ef33bd9866d0','Kosal Horn','kosal.horn20@gmail.com','$2b$10$hashedpassword020','RENTER','0803770370',1,0,'2026-01-14 06:35:38','2026-01-14 06:35:38'),
  ('11d0587f-50f8-4fb0-bab1-7c0317ea98f1','Nita Kong','nita.kong21@gmail.com','$2b$10$hashedpassword021','RENTER','0644553384',1,0,'2025-08-26 06:35:38','2025-08-26 06:35:38'),
  ('3e629edf-bfd0-44e4-9aa3-af4641407f97','Mealea Mao','mealea.mao22@gmail.com','$2b$10$hashedpassword022','RENTER','0497693979',1,0,'2025-06-20 06:35:38','2025-06-20 06:35:38'),
  ('1775165e-e4cd-4256-bef6-5e039a573473','Channary Chhun','channary.chhun23@gmail.com','$2b$10$hashedpassword023','RENTER','0669683481',1,0,'2025-10-10 06:35:38','2025-10-10 06:35:38'),
  ('a85e5df6-d0df-4343-951a-d1f18aad9d77','Ratanak Hing','ratanak.hing24@gmail.com','$2b$10$hashedpassword024','RENTER','0382074176',1,0,'2025-12-07 06:35:38','2025-12-07 06:35:38'),
  ('f8115c5c-1878-4c99-abbe-0795b2e72abb','Sophea Touch','sophea.touch25@gmail.com','$2b$10$hashedpassword025','OWNER','0804860684',1,0,'2025-08-01 06:35:38','2025-08-01 06:35:38'),
  ('3a3d6454-6ebd-4c80-bc20-c596eec55873','Piseth Chea','piseth.chea26@gmail.com','$2b$10$hashedpassword026','RENTER','0191987737',1,0,'2026-02-01 06:35:38','2026-02-01 06:35:38'),
  ('f6cc35a6-15f7-44a6-9886-bcc20d9c61b2','Bopha Kim','bopha.kim27@gmail.com','$2b$10$hashedpassword027','RENTER','0522188789',1,0,'2025-09-08 06:35:38','2025-09-08 06:35:38'),
  ('b3171e1d-c621-427e-911a-4b32574a40de','Piseth Vong','piseth.vong28@gmail.com','$2b$10$hashedpassword028','OWNER','0959143903',1,0,'2026-02-09 06:35:38','2026-02-09 06:35:38'),
  ('6553bcc1-0794-4f19-8d19-748eab479e98','Bunna Chan','bunna.chan29@gmail.com','$2b$10$hashedpassword029','RENTER','0838930103',1,0,'2026-01-25 06:35:38','2026-01-25 06:35:38'),
  ('2e4fbdbd-ce84-4e5c-81a5-eada651b2048','Panha Horn','panha.horn30@gmail.com','$2b$10$hashedpassword030','RENTER','0624194548',1,0,'2026-04-11 06:35:38','2026-04-11 06:35:38'),
  ('6fb00870-837f-485f-8237-b618c46e9eb3','Ratanak Nget','ratanak.nget31@gmail.com','$2b$10$hashedpassword031','RENTER','0558106470',1,0,'2025-10-31 06:35:38','2025-10-31 06:35:38'),
  ('8d73bfca-01d2-4bee-95a1-8f7e6f5cd041','Vanna Kim','vanna.kim32@gmail.com','$2b$10$hashedpassword032','RENTER','0962651177',1,0,'2026-04-28 06:35:38','2026-04-28 06:35:38'),
  ('f84463a8-e8b4-43ce-91db-a20dd39180a6','Phearith Uy','phearith.uy33@gmail.com','$2b$10$hashedpassword033','RENTER','0235171761',1,0,'2026-02-20 06:35:38','2026-02-20 06:35:38'),
  ('f84b914e-9c61-4e4f-b8b8-0662cabf915a','Sreymom Ros','sreymom.ros34@gmail.com','$2b$10$hashedpassword034','RENTER','0673351868',1,0,'2025-10-25 06:35:38','2025-10-25 06:35:38'),
  ('7aa7ddfd-3bcd-4cbe-ada2-0f2ec55db3d8','Virak Vong','virak.vong35@gmail.com','$2b$10$hashedpassword035','RENTER','0695191056',1,0,'2025-03-08 06:35:38','2025-03-08 06:35:38'),
  ('07a55d25-7f29-4ae0-827a-7371e292c792','Heng Phal','heng.phal36@gmail.com','$2b$10$hashedpassword036','OWNER','0662642635',1,0,'2026-05-04 06:35:38','2026-05-04 06:35:38'),
  ('492d9542-dc49-4e7e-9191-ae6dd442aa4d','Channary Ros','channary.ros37@gmail.com','$2b$10$hashedpassword037','RENTER','0112564689',1,0,'2025-05-09 06:35:38','2025-05-09 06:35:38'),
  ('f16e7b4f-acce-4a31-b239-7a493017a689','Theary Hing','theary.hing38@gmail.com','$2b$10$hashedpassword038','OWNER','0317818496',1,0,'2025-09-23 06:35:38','2025-09-23 06:35:38'),
  ('66c8ee2b-42df-4e82-b4aa-fd0547fbb5fa','Sokhom Mao','sokhom.mao39@gmail.com','$2b$10$hashedpassword039','RENTER','0611983738',1,0,'2026-03-06 06:35:38','2026-03-06 06:35:38'),
  ('dec0e5de-3f31-41f2-8f58-fb71600dc5b6','Phearith Chea','phearith.chea40@gmail.com','$2b$10$hashedpassword040','OWNER','0595449368',1,0,'2025-04-23 06:35:38','2025-04-23 06:35:38'),
  ('bbc36ffb-ffc3-43ac-b71b-83525beacdf5','Panha Seng','panha.seng41@gmail.com','$2b$10$hashedpassword041','RENTER','0468096887',1,0,'2025-06-07 06:35:38','2025-06-07 06:35:38'),
  ('b1e1d2bb-febb-48e0-bb91-5e0b70d77b50','Rithy Ros','rithy.ros42@gmail.com','$2b$10$hashedpassword042','RENTER','0949164991',1,0,'2026-03-11 06:35:38','2026-03-11 06:35:38'),
  ('a6fc1ab6-babe-4955-b695-8e0d4e585e0c','Sreymom Keo','sreymom.keo43@gmail.com','$2b$10$hashedpassword043','RENTER','0371981186',1,0,'2025-08-06 06:35:38','2025-08-06 06:35:38'),
  ('d3eff5db-9b4a-469c-af6f-e419d9d67590','Rithy Ros','rithy.ros44@gmail.com','$2b$10$hashedpassword044','OWNER','0176261415',1,0,'2026-04-30 06:35:38','2026-04-30 06:35:38'),
  ('07d599c4-e7f1-41f7-9f44-013c2fe2cef4','Dara Touch','dara.touch45@gmail.com','$2b$10$hashedpassword045','RENTER','0719436429',1,0,'2025-02-13 06:35:38','2025-02-13 06:35:38'),
  ('e2454f38-5e4b-4f4f-b220-ccb4ce268b64','Theary Yim','theary.yim46@gmail.com','$2b$10$hashedpassword046','RENTER','0301954280',1,0,'2025-09-11 06:35:38','2025-09-11 06:35:38'),
  ('381b96c6-d7eb-48ee-8f51-c6eb26c27e33','Bopha Lim','bopha.lim47@gmail.com','$2b$10$hashedpassword047','RENTER','0182140194',1,0,'2025-06-18 06:35:38','2025-06-18 06:35:38'),
  ('0949570c-e2d0-4061-9fdc-42698cb9df69','Theary Hing','theary.hing48@gmail.com','$2b$10$hashedpassword048','OWNER','0613011363',1,0,'2025-02-28 06:35:38','2025-02-28 06:35:38'),
  ('e791a6c4-3114-4394-a07f-66bc44ff67fb','Reaksa Hing','reaksa.hing49@gmail.com','$2b$10$hashedpassword049','OWNER','0841666754',1,0,'2025-07-16 06:35:38','2025-07-16 06:35:38'),
  ('850d9e0c-a01d-498e-8871-5e74b1b8590e','Bopha Nget','bopha.nget50@gmail.com','$2b$10$hashedpassword050','RENTER','0949770838',1,0,'2025-12-19 06:35:38','2025-12-19 06:35:38'),
  ('9317f130-3624-48b4-bcb5-a57d45f98178','Heng Vong','heng.vong51@gmail.com','$2b$10$hashedpassword051','RENTER','0366271130',1,0,'2026-01-27 06:35:38','2026-01-27 06:35:38'),
  ('a5f734a0-fb3a-44a7-b5ce-ca39a0b1be0f','Kunthea Pen','kunthea.pen52@gmail.com','$2b$10$hashedpassword052','OWNER','0266033115',1,0,'2025-10-07 06:35:38','2025-10-07 06:35:38'),
  ('b8e0f3b8-875e-4108-a434-61c55a75ed5b','Sothea Phal','sothea.phal53@gmail.com','$2b$10$hashedpassword053','RENTER','0118688755',1,0,'2025-07-15 06:35:38','2025-07-15 06:35:38'),
  ('c4c9eb54-5211-49c0-bc22-4a8cae2a1b67','Reaksa Sok','reaksa.sok54@gmail.com','$2b$10$hashedpassword054','OWNER','0194576135',1,0,'2025-09-12 06:35:38','2025-09-12 06:35:38'),
  ('3e20359e-3eef-43f6-a359-4bd951e98fd2','Kunthea Chan','kunthea.chan55@gmail.com','$2b$10$hashedpassword055','OWNER','0542154126',1,0,'2025-03-05 06:35:38','2025-03-05 06:35:38'),
  ('f46ae936-dd6e-44ee-a5a9-318db8622647','Piseth Chhun','piseth.chhun56@gmail.com','$2b$10$hashedpassword056','OWNER','0463646552',1,0,'2025-10-17 06:35:38','2025-10-17 06:35:38'),
  ('97540b66-1c7f-46b9-adfc-814d0f857fd2','Sokha Ros','sokha.ros57@gmail.com','$2b$10$hashedpassword057','RENTER','0489874152',1,0,'2026-05-25 06:35:38','2026-05-25 06:35:38'),
  ('d606d815-af6f-440a-8039-64af48c4a294','Kosal Ros','kosal.ros58@gmail.com','$2b$10$hashedpassword058','RENTER','0482737893',1,0,'2025-03-06 06:35:38','2025-03-06 06:35:38'),
  ('f0f82ee5-63ec-42f1-8b4a-36c65cd46dd5','Chanthy Vong','chanthy.vong59@gmail.com','$2b$10$hashedpassword059','RENTER','0242795765',1,0,'2025-05-14 06:35:38','2025-05-14 06:35:38'),
  ('b96a92c8-5074-4a2f-8b51-05186e5564ef','Bunna Chan','bunna.chan60@gmail.com','$2b$10$hashedpassword060','OWNER','0445727085',1,0,'2025-07-24 06:35:38','2025-07-24 06:35:38'),
  ('593f8338-a05e-4274-84df-3d1cfaf0affd','Sreymom Uy','sreymom.uy61@gmail.com','$2b$10$hashedpassword061','RENTER','0365428914',1,0,'2025-09-13 06:35:38','2025-09-13 06:35:38'),
  ('2ad1f054-0cdf-497d-b782-6f4c071a1531','Sokhom Vong','sokhom.vong62@gmail.com','$2b$10$hashedpassword062','OWNER','0162548511',1,0,'2025-07-09 06:35:38','2025-07-09 06:35:38'),
  ('3e257aab-7716-46fb-83a2-e31acf79dfcf','Chenda Vong','chenda.vong63@gmail.com','$2b$10$hashedpassword063','RENTER','0151059486',1,0,'2025-12-10 06:35:38','2025-12-10 06:35:38'),
  ('b5134063-e3a0-460a-9dbc-ab6abc7e13c9','Mealea Chan','mealea.chan64@gmail.com','$2b$10$hashedpassword064','OWNER','0915394880',1,0,'2026-03-08 06:35:38','2026-03-08 06:35:38'),
  ('e5d14242-4e88-4003-8abd-59e7160aeabd','Rithy Seng','rithy.seng65@gmail.com','$2b$10$hashedpassword065','ADMIN','0808175395',1,0,'2025-08-15 06:35:38','2025-08-15 06:35:38'),
  ('12e7f61f-5362-4448-9c51-15e078b836f7','Sophea Sok','sophea.sok66@gmail.com','$2b$10$hashedpassword066','RENTER','0193500715',1,0,'2025-08-23 06:35:38','2025-08-23 06:35:38'),
  ('c14aebfb-8143-473e-b515-9d80c6e66a48','Dara Chhun','dara.chhun67@gmail.com','$2b$10$hashedpassword067','RENTER','0843484601',1,0,'2025-10-21 06:35:38','2025-10-21 06:35:38'),
  ('554b4c7f-71b9-4047-ad37-b4c2ca8aa5cb','Chanthy Kim','chanthy.kim68@gmail.com','$2b$10$hashedpassword068','RENTER','0497117837',1,0,'2025-02-23 06:35:38','2025-02-23 06:35:38'),
  ('a5635d95-feab-4304-be41-23cabb2be648','Heng Kim','heng.kim69@gmail.com','$2b$10$hashedpassword069','RENTER','0554524499',1,0,'2025-06-14 06:35:38','2025-06-14 06:35:38'),
  ('ec9b1752-967a-4a66-b47a-bcba2901a1f5','Piseth Sok','piseth.sok70@gmail.com','$2b$10$hashedpassword070','RENTER','0557817881',1,0,'2025-07-16 06:35:38','2025-07-16 06:35:38'),
  ('3242b1bb-0bb4-47f5-8bf8-9471187b5c9b','Rithy Chan','rithy.chan71@gmail.com','$2b$10$hashedpassword071','OWNER','0403726327',1,0,'2025-04-15 06:35:38','2025-04-15 06:35:38'),
  ('5a43d6f1-70c1-4ed0-a3e7-fd98f1231ff3','Panha Lim','panha.lim72@gmail.com','$2b$10$hashedpassword072','RENTER','0621415846',1,0,'2026-02-27 06:35:38','2026-02-27 06:35:38'),
  ('5cae85cb-6054-4919-80b6-f6031dbf3534','Rithy Uy','rithy.uy73@gmail.com','$2b$10$hashedpassword073','RENTER','0625163555',1,0,'2026-01-13 06:35:38','2026-01-13 06:35:38'),
  ('a67ca264-5699-4056-87c6-bcc806014190','Virak Sok','virak.sok74@gmail.com','$2b$10$hashedpassword074','RENTER','0581649691',1,0,'2025-03-16 06:35:38','2025-03-16 06:35:38'),
  ('240809bc-50f8-4b78-b632-76788e0eb038','Sokhom Hing','sokhom.hing75@gmail.com','$2b$10$hashedpassword075','OWNER','0358722606',1,0,'2025-12-01 06:35:38','2025-12-01 06:35:38'),
  ('f280ff35-a190-43c3-903c-4a8e4c7b28ce','Makara Hing','makara.hing76@gmail.com','$2b$10$hashedpassword076','OWNER','0381397023',1,0,'2025-06-26 06:35:38','2025-06-26 06:35:38'),
  ('a720cb5d-0462-48f2-86e7-a4953d8d5242','Sreymom Pen','sreymom.pen77@gmail.com','$2b$10$hashedpassword077','RENTER','0525674183',1,0,'2025-03-13 06:35:38','2025-03-13 06:35:38'),
  ('d0cc1727-eb5f-4ac8-8af7-b1d291bee5b8','Bopha Vong','bopha.vong78@gmail.com','$2b$10$hashedpassword078','RENTER','0549546409',1,0,'2025-11-06 06:35:38','2025-11-06 06:35:38'),
  ('a6e9d3b9-94d8-4b7e-8772-e388a0770fd5','Kosal Ros','kosal.ros79@gmail.com','$2b$10$hashedpassword079','OWNER','0521463060',1,0,'2026-03-31 06:35:38','2026-03-31 06:35:38'),
  ('8aac427d-d132-4792-9b7d-81130e3c303c','Rathana Vong','rathana.vong80@gmail.com','$2b$10$hashedpassword080','RENTER','0325453786',1,0,'2026-05-10 06:35:38','2026-05-10 06:35:38'),
  ('0f80f7bb-0152-44e4-be71-96449760ffba','Ratanak Kong','ratanak.kong81@gmail.com','$2b$10$hashedpassword081','RENTER','0656799667',1,0,'2025-05-21 06:35:38','2025-05-21 06:35:38'),
  ('38a7143e-c7db-4fd6-b773-4f93a4581e3b','Panha Uy','panha.uy82@gmail.com','$2b$10$hashedpassword082','OWNER','0659580255',1,0,'2026-03-31 06:35:38','2026-03-31 06:35:38'),
  ('694f7095-ccee-42e1-a21d-b8f90f920223','Phearith Touch','phearith.touch83@gmail.com','$2b$10$hashedpassword083','RENTER','0345273534',1,0,'2026-05-07 06:35:38','2026-05-07 06:35:38'),
  ('99296336-2328-4645-8c8c-c6dfa75ed174','Sopha Nget','sopha.nget84@gmail.com','$2b$10$hashedpassword084','OWNER','0109722815',1,0,'2025-04-12 06:35:38','2025-04-12 06:35:38'),
  ('a359ba03-f9a7-4092-9c91-e9da09754c42','Bunna Mao','bunna.mao85@gmail.com','$2b$10$hashedpassword085','OWNER','0568235969',1,0,'2026-04-24 06:35:38','2026-04-24 06:35:38'),
  ('45e1ccc3-0eea-495b-ad4f-7e8cf946f70c','Kosal Uy','kosal.uy86@gmail.com','$2b$10$hashedpassword086','OWNER','0896266630',1,0,'2025-06-24 06:35:38','2025-06-24 06:35:38'),
  ('e03a30ff-5d94-49d1-92ca-7ae817c17c7e','Theary Sok','theary.sok87@gmail.com','$2b$10$hashedpassword087','OWNER','0489508103',1,0,'2025-12-22 06:35:38','2025-12-22 06:35:38'),
  ('9eb76276-0693-4766-8047-7bac73a2d2fd','Kosal Nget','kosal.nget88@gmail.com','$2b$10$hashedpassword088','RENTER','0517751158',1,0,'2025-06-07 06:35:38','2025-06-07 06:35:38'),
  ('8c8ccd5c-dea0-40c4-9bb3-3e9be2a08e7e','Makara Ros','makara.ros89@gmail.com','$2b$10$hashedpassword089','OWNER','0264218542',1,0,'2025-10-26 06:35:38','2025-10-26 06:35:38'),
  ('40ca7086-c39f-45b7-b429-d9164f4ddb97','Kosal Pen','kosal.pen90@gmail.com','$2b$10$hashedpassword090','OWNER','0963919694',1,0,'2025-07-18 06:35:38','2025-07-18 06:35:38'),
  ('d674d86c-1d7a-42f3-9359-294d866a6864','Reaksa Keo','reaksa.keo91@gmail.com','$2b$10$hashedpassword091','RENTER','0611006810',1,0,'2025-12-25 06:35:38','2025-12-25 06:35:38');

-- AMENITIES
INSERT INTO `AMENITIES` (id,name,icon) VALUES
  (1,'WiFi','wifi'),
  (2,'Air Conditioning','ac'),
  (3,'Parking','parking'),
  (4,'Water Heater','water-heater'),
  (5,'Security Camera','camera'),
  (6,'Kitchen','kitchen'),
  (7,'Washing Machine','washing'),
  (8,'Balcony','balcony'),
  (9,'Gym','gym'),
  (10,'Swimming Pool','pool'),
  (11,'24h Security','security'),
  (12,'Elevator','elevator'),
  (13,'Cable TV','tv'),
  (14,'Desk','desk'),
  (15,'Refrigerator','fridge');

-- UNIVERSITIES
INSERT INTO `UNIVERSITIES` (id,name,location,address) VALUES
  (1,'CADT',ST_GeomFromText('POINT(11.5768 104.9282)',4326),'Phnom Penh Technology Park, Sen Sok'),
  (2,'Royal University of Phnom Penh',ST_GeomFromText('POINT(11.5893 104.9183)',4326),'Russian Federation Blvd, Toul Kork'),
  (3,'ITC',ST_GeomFromText('POINT(11.5742 104.9278)',4326),'Russian Federation Blvd, Toul Kork'),
  (4,'Norton University',ST_GeomFromText('POINT(11.5516 104.9214)',4326),'Street 566, Boeung Kak II'),
  (5,'BELTEI',ST_GeomFromText('POINT(11.5634 104.9071)',4326),'Street 598, Toul Kork'),
  (6,'Pannasastra University',ST_GeomFromText('POINT(11.5561 104.9238)',4326),'Street 562, Toul Kork'),
  (7,'Royal University of Law',ST_GeomFromText('POINT(11.5621 104.9199)',4326),'Preah Monivong Blvd'),
  (8,'University of Management',ST_GeomFromText('POINT(11.5499 104.9267)',4326),'Preah Norodom Blvd');

-- ROOMS
INSERT INTO `ROOMS` (uuid,owner_id,title,description,price_per_month,deposit,address,district,city,location,room_type,status,approval_status,created_at,updated_at) VALUES
  ('d31d0af4-d151-4d44-ab45-8140192d0343','d3eff5db-9b4a-469c-af6f-e419d9d67590','Student-Friendly 1BR in Russei Keo','A well-maintained 1br room in Russei Keo, ideal for students and young professionals.',300,300,'174 Street 87','Russei Keo','Phnom Penh',ST_GeomFromText('POINT(11.611075 104.931117)',4326),'1BR','RENTED','REJECTED','2025-06-07 06:35:38','2025-06-07 06:35:38'),
  ('2b2a7851-bffb-4191-af4e-8417074dbabd','d3eff5db-9b4a-469c-af6f-e419d9d67590','Spacious 2BR with Balcony','A well-maintained 2br room in Sen Sok, ideal for students and young professionals.',150,150,'467 Street 425','Sen Sok','Phnom Penh',ST_GeomFromText('POINT(11.547682 104.884621)',4326),'2BR','RENTED','APPROVED','2026-05-12 06:35:38','2026-05-12 06:35:38'),
  ('09d89686-5deb-45ee-bb3c-4de98fef4eaa','8c8ccd5c-dea0-40c4-9bb3-3e9be2a08e7e','New 1BR with Full Amenities','A well-maintained 1br room in Russei Keo, ideal for students and young professionals.',150,150,'798 Street 436','Russei Keo','Phnom Penh',ST_GeomFromText('POINT(11.608727 104.880554)',4326),'1BR','RENTED','PENDING','2026-04-25 06:35:38','2026-04-25 06:35:38'),
  ('dccae1c8-1f6e-4143-917f-a099f86eb545','f16e7b4f-acce-4a31-b239-7a493017a689','Cozy 1BR near University of Management','A well-maintained 1br room in Chbar Ampov, ideal for students and young professionals.',350,350,'573 Street 325','Chbar Ampov','Phnom Penh',ST_GeomFromText('POINT(11.640096 104.892136)',4326),'1BR','AVAILABLE','APPROVED','2025-09-20 06:35:38','2025-09-20 06:35:38'),
  ('5dc7f18a-2812-4930-976f-ddc3b9784700','99296336-2328-4645-8c8c-c6dfa75ed174','Student-Friendly SHARED in Pur Senchey','A well-maintained shared room in Pur Senchey, ideal for students and young professionals.',120,240,'785 Street 534','Pur Senchey','Phnom Penh',ST_GeomFromText('POINT(11.633379 104.925007)',4326),'SHARED','RENTED','PENDING','2026-01-28 06:35:38','2026-01-28 06:35:38'),
  ('3c5b3fee-5998-4f69-9f21-ba52dff18a60','f46ae936-dd6e-44ee-a5a9-318db8622647','Modern 1BR in Boeung Keng Kang','A well-maintained 1br room in Boeung Keng Kang, ideal for students and young professionals.',500,500,'237 Street 393','Boeung Keng Kang','Phnom Penh',ST_GeomFromText('POINT(11.558139 104.913585)',4326),'1BR','RENTED','APPROVED','2026-04-02 06:35:38','2026-04-02 06:35:38'),
  ('723ec80e-6dc9-4732-aeeb-ab8de7eab109','a6e9d3b9-94d8-4b7e-8772-e388a0770fd5','New 1BR with Full Amenities','A well-maintained 1br room in Chamkar Mon, ideal for students and young professionals.',250,250,'969 Street 21','Chamkar Mon','Phnom Penh',ST_GeomFromText('POINT(11.595113 104.921577)',4326),'1BR','AVAILABLE','APPROVED','2025-08-23 06:35:38','2025-08-23 06:35:38'),
  ('b6638a7d-e578-45f9-8715-2828ebbec108','e03a30ff-5d94-49d1-92ca-7ae817c17c7e','Quiet SHARED in 7 Makara','A well-maintained shared room in 7 Makara, ideal for students and young professionals.',180,180,'820 Street 226','7 Makara','Phnom Penh',ST_GeomFromText('POINT(11.632414 104.975343)',4326),'SHARED','AVAILABLE','APPROVED','2025-09-12 06:35:38','2025-09-12 06:35:38'),
  ('753aa67c-f5ce-48b6-96f3-e4d2a64ace94','f46ae936-dd6e-44ee-a5a9-318db8622647','Student-Friendly 1BR in Boeung Keng Kang','A well-maintained 1br room in Boeung Keng Kang, ideal for students and young professionals.',80,80,'942 Street 131','Boeung Keng Kang','Phnom Penh',ST_GeomFromText('POINT(11.570336 104.947914)',4326),'1BR','AVAILABLE','APPROVED','2025-10-22 06:35:38','2025-10-22 06:35:38'),
  ('6a8d4e57-7f22-48cf-b5f6-7a56085cb45c','3242b1bb-0bb4-47f5-8bf8-9471187b5c9b','Modern STUDIO in Russei Keo','A well-maintained studio room in Russei Keo, ideal for students and young professionals.',450,450,'466 Street 335','Russei Keo','Phnom Penh',ST_GeomFromText('POINT(11.546284 104.92617)',4326),'STUDIO','AVAILABLE','APPROVED','2026-03-02 06:35:38','2026-03-02 06:35:38'),
  ('95b8ca06-9fb3-4b49-9036-41ecc1ffe0ce','0949570c-e2d0-4061-9fdc-42698cb9df69','Spacious SHARED with Balcony','A well-maintained shared room in Boeung Keng Kang, ideal for students and young professionals.',100,100,'71 Street 42','Boeung Keng Kang','Phnom Penh',ST_GeomFromText('POINT(11.532326 104.933942)',4326),'SHARED','RENTED','APPROVED','2025-07-21 06:35:38','2025-07-21 06:35:38'),
  ('3e9857ea-b315-4983-9b30-d34fea8f5147','99296336-2328-4645-8c8c-c6dfa75ed174','Cozy STUDIO near Norton University','A well-maintained studio room in Chamkar Mon, ideal for students and young professionals.',400,400,'717 Street 263','Chamkar Mon','Phnom Penh',ST_GeomFromText('POINT(11.558625 104.927356)',4326),'STUDIO','AVAILABLE','PENDING','2025-10-23 06:35:38','2025-10-23 06:35:38'),
  ('78e0c13d-c4a1-4ecb-a4aa-e3d364dbfe8f','99296336-2328-4645-8c8c-c6dfa75ed174','Affordable 2BR for Students','A well-maintained 2br room in Daun Penh, ideal for students and young professionals.',180,180,'407 Street 204','Daun Penh','Phnom Penh',ST_GeomFromText('POINT(11.599442 104.972889)',4326),'2BR','AVAILABLE','PENDING','2025-12-08 06:35:38','2025-12-08 06:35:38'),
  ('b0bbceea-79c4-4d51-9959-f76d857dca9d','09f500ef-0e78-4256-bd00-000a198fe0ea','Modern 1BR in Sen Sok','A well-maintained 1br room in Sen Sok, ideal for students and young professionals.',400,400,'13 Street 431','Sen Sok','Phnom Penh',ST_GeomFromText('POINT(11.571664 104.922838)',4326),'1BR','AVAILABLE','APPROVED','2025-12-26 06:35:38','2025-12-26 06:35:38'),
  ('22c5de9e-2ae9-4afd-a48e-06b5e12c9db5','45e1ccc3-0eea-495b-ad4f-7e8cf946f70c','Quiet SHARED in Sen Sok','A well-maintained shared room in Sen Sok, ideal for students and young professionals.',450,450,'631 Street 552','Sen Sok','Phnom Penh',ST_GeomFromText('POINT(11.614877 104.923549)',4326),'SHARED','RENTED','REJECTED','2026-01-31 06:35:38','2026-01-31 06:35:38'),
  ('253727ec-e12a-42ef-a166-bd2145c08422','99296336-2328-4645-8c8c-c6dfa75ed174','Spacious SHARED with Balcony','A well-maintained shared room in 7 Makara, ideal for students and young professionals.',200,200,'584 Street 389','7 Makara','Phnom Penh',ST_GeomFromText('POINT(11.629688 104.888666)',4326),'SHARED','RENTED','APPROVED','2025-10-24 06:35:38','2025-10-24 06:35:38'),
  ('36673f1d-4619-4401-91f2-4b796c10b5ef','0949570c-e2d0-4061-9fdc-42698cb9df69','Affordable STUDIO for Students','A well-maintained studio room in 7 Makara, ideal for students and young professionals.',300,300,'570 Street 11','7 Makara','Phnom Penh',ST_GeomFromText('POINT(11.572579 104.905835)',4326),'STUDIO','AVAILABLE','APPROVED','2026-01-28 06:35:38','2026-01-28 06:35:38'),
  ('1f38d016-fabc-40d0-bb98-d7a7f0bd11c1','b96a92c8-5074-4a2f-8b51-05186e5564ef','New 1BR with Full Amenities','A well-maintained 1br room in Sen Sok, ideal for students and young professionals.',300,600,'96 Street 302','Sen Sok','Phnom Penh',ST_GeomFromText('POINT(11.62098 104.949061)',4326),'1BR','AVAILABLE','APPROVED','2026-06-10 06:35:38','2026-06-10 06:35:38'),
  ('78fa2982-362b-4703-86ab-12fbbfb1494a','f16e7b4f-acce-4a31-b239-7a493017a689','Quiet SHARED in Chamkar Mon','A well-maintained shared room in Chamkar Mon, ideal for students and young professionals.',300,600,'465 Street 278','Chamkar Mon','Phnom Penh',ST_GeomFromText('POINT(11.593711 104.92255)',4326),'SHARED','RENTED','APPROVED','2025-06-24 06:35:38','2025-06-24 06:35:38'),
  ('07c8aec8-45ee-4a04-8cf4-047e894f9f93','d3eff5db-9b4a-469c-af6f-e419d9d67590','Bright 2BR Close to Campus','A well-maintained 2br room in Chamkar Mon, ideal for students and young professionals.',200,200,'496 Street 284','Chamkar Mon','Phnom Penh',ST_GeomFromText('POINT(11.619146 104.975088)',4326),'2BR','AVAILABLE','APPROVED','2025-06-05 06:35:38','2025-06-05 06:35:38'),
  ('e30717e9-6bfc-4f4d-990a-e2a196322307','38a7143e-c7db-4fd6-b773-4f93a4581e3b','Spacious 2BR with Balcony','A well-maintained 2br room in Sen Sok, ideal for students and young professionals.',150,150,'567 Street 300','Sen Sok','Phnom Penh',ST_GeomFromText('POINT(11.551533 104.881415)',4326),'2BR','AVAILABLE','APPROVED','2026-05-22 06:35:38','2026-05-22 06:35:38'),
  ('2c2e65b6-ac85-4eeb-a9f2-6c29b06b763e','a6e9d3b9-94d8-4b7e-8772-e388a0770fd5','Cozy 1BR near Royal University of Phnom Penh','A well-maintained 1br room in 7 Makara, ideal for students and young professionals.',400,400,'117 Street 67','7 Makara','Phnom Penh',ST_GeomFromText('POINT(11.586328 104.924047)',4326),'1BR','AVAILABLE','APPROVED','2025-10-17 06:35:38','2025-10-17 06:35:38'),
  ('50afcbc3-b68d-4ecc-b9d9-eebedcb5bc20','a5f734a0-fb3a-44a7-b5ce-ca39a0b1be0f','Affordable SHARED for Students','A well-maintained shared room in Sen Sok, ideal for students and young professionals.',120,240,'621 Street 232','Sen Sok','Phnom Penh',ST_GeomFromText('POINT(11.643895 104.888518)',4326),'SHARED','AVAILABLE','APPROVED','2025-11-17 06:35:38','2025-11-17 06:35:38'),
  ('8c2193a3-4951-43da-8fe3-9a2755194fe5','99296336-2328-4645-8c8c-c6dfa75ed174','Spacious SHARED with Balcony','A well-maintained shared room in 7 Makara, ideal for students and young professionals.',400,400,'213 Street 217','7 Makara','Phnom Penh',ST_GeomFromText('POINT(11.566646 104.942103)',4326),'SHARED','AVAILABLE','APPROVED','2025-05-24 06:35:38','2025-05-24 06:35:38'),
  ('c735207c-190f-4c54-948a-a610e6b3c7aa','dec0e5de-3f31-41f2-8f58-fb71600dc5b6','Affordable STUDIO for Students','A well-maintained studio room in Daun Penh, ideal for students and young professionals.',350,350,'238 Street 296','Daun Penh','Phnom Penh',ST_GeomFromText('POINT(11.548784 104.920852)',4326),'STUDIO','AVAILABLE','APPROVED','2026-06-02 06:35:38','2026-06-02 06:35:38'),
  ('82a25648-01fd-41fd-809b-8f08aa400ddb','a6e9d3b9-94d8-4b7e-8772-e388a0770fd5','Bright 2BR Close to Campus','A well-maintained 2br room in 7 Makara, ideal for students and young professionals.',180,360,'664 Street 153','7 Makara','Phnom Penh',ST_GeomFromText('POINT(11.600775 104.960391)',4326),'2BR','AVAILABLE','APPROVED','2026-02-23 06:35:38','2026-02-23 06:35:38'),
  ('17429a4c-0a9d-4ab8-afac-27316ee718cc','40ca7086-c39f-45b7-b429-d9164f4ddb97','Cozy 2BR near Royal University of Phnom Penh','A well-maintained 2br room in Daun Penh, ideal for students and young professionals.',120,120,'706 Street 312','Daun Penh','Phnom Penh',ST_GeomFromText('POINT(11.601405 104.962424)',4326),'2BR','RENTED','APPROVED','2025-10-22 06:35:38','2025-10-22 06:35:38'),
  ('c1664b85-9e82-45d0-bde8-f3d5701c0243','a6e9d3b9-94d8-4b7e-8772-e388a0770fd5','Student-Friendly SHARED in Boeung Keng Kang','A well-maintained shared room in Boeung Keng Kang, ideal for students and young professionals.',100,200,'235 Street 590','Boeung Keng Kang','Phnom Penh',ST_GeomFromText('POINT(11.534783 104.923203)',4326),'SHARED','AVAILABLE','APPROVED','2026-05-03 06:35:38','2026-05-03 06:35:38'),
  ('a6186894-c3e9-4b9a-a0cf-65a31d87d3a0','b5134063-e3a0-460a-9dbc-ab6abc7e13c9','Affordable STUDIO for Students','A well-maintained studio room in Boeung Keng Kang, ideal for students and young professionals.',300,600,'834 Street 504','Boeung Keng Kang','Phnom Penh',ST_GeomFromText('POINT(11.608181 104.971607)',4326),'STUDIO','AVAILABLE','APPROVED','2025-07-28 06:35:38','2025-07-28 06:35:38'),
  ('11822530-61af-4dfe-86ac-8e551e205d04','09f500ef-0e78-4256-bd00-000a198fe0ea','Quiet SHARED in Mean Chey','A well-maintained shared room in Mean Chey, ideal for students and young professionals.',200,400,'968 Street 411','Mean Chey','Phnom Penh',ST_GeomFromText('POINT(11.542552 104.896082)',4326),'SHARED','AVAILABLE','APPROVED','2025-07-14 06:35:38','2025-07-14 06:35:38'),
  ('554066e2-e08b-477a-98cc-4dc9f3b44d45','45e1ccc3-0eea-495b-ad4f-7e8cf946f70c','Quiet STUDIO in 7 Makara','A well-maintained studio room in 7 Makara, ideal for students and young professionals.',180,180,'674 Street 556','7 Makara','Phnom Penh',ST_GeomFromText('POINT(11.543911 104.957255)',4326),'STUDIO','RENTED','PENDING','2026-06-18 06:35:38','2026-06-18 06:35:38'),
  ('20739778-b9e8-4363-8d30-e0687c4adeab','3e20359e-3eef-43f6-a359-4bd951e98fd2','Quiet SHARED in Toul Kork','A well-maintained shared room in Toul Kork, ideal for students and young professionals.',400,400,'449 Street 497','Toul Kork','Phnom Penh',ST_GeomFromText('POINT(11.605049 104.955999)',4326),'SHARED','AVAILABLE','APPROVED','2026-01-22 06:35:38','2026-01-22 06:35:38'),
  ('dd98ce7f-9ef8-462c-9678-c140c2a47cbc','b5f2c781-4417-4887-9810-8cc7301b9b7f','Affordable STUDIO for Students','A well-maintained studio room in Pur Senchey, ideal for students and young professionals.',180,360,'473 Street 121','Pur Senchey','Phnom Penh',ST_GeomFromText('POINT(11.531641 104.920799)',4326),'STUDIO','AVAILABLE','PENDING','2026-04-21 06:35:38','2026-04-21 06:35:38'),
  ('877c6664-f3f8-4a42-8ef8-3a928bf8adb1','240809bc-50f8-4b78-b632-76788e0eb038','Spacious 1BR with Balcony','A well-maintained 1br room in 7 Makara, ideal for students and young professionals.',250,250,'521 Street 140','7 Makara','Phnom Penh',ST_GeomFromText('POINT(11.647629 104.904373)',4326),'1BR','AVAILABLE','APPROVED','2025-08-16 06:35:38','2025-08-16 06:35:38'),
  ('b52e1e40-021f-4756-83f4-73e44e1d426c','e03a30ff-5d94-49d1-92ca-7ae817c17c7e','Quiet STUDIO in Boeung Keng Kang','A well-maintained studio room in Boeung Keng Kang, ideal for students and young professionals.',350,350,'502 Street 153','Boeung Keng Kang','Phnom Penh',ST_GeomFromText('POINT(11.628466 104.908284)',4326),'STUDIO','AVAILABLE','APPROVED','2025-07-16 06:35:38','2025-07-16 06:35:38'),
  ('60ed4506-ea82-4f47-b72c-ca0667abda5c','3e20359e-3eef-43f6-a359-4bd951e98fd2','New SHARED with Full Amenities','A well-maintained shared room in Mean Chey, ideal for students and young professionals.',300,300,'45 Street 326','Mean Chey','Phnom Penh',ST_GeomFromText('POINT(11.634352 104.978077)',4326),'SHARED','AVAILABLE','APPROVED','2025-11-20 06:35:38','2025-11-20 06:35:38'),
  ('03a852c2-77ca-4f97-ac5f-1b130a1e77fa','38a7143e-c7db-4fd6-b773-4f93a4581e3b','Affordable SHARED for Students','A well-maintained shared room in Russei Keo, ideal for students and young professionals.',300,300,'103 Street 539','Russei Keo','Phnom Penh',ST_GeomFromText('POINT(11.54515 104.976535)',4326),'SHARED','AVAILABLE','APPROVED','2025-11-05 06:35:38','2025-11-05 06:35:38'),
  ('aae599cb-1de9-4bbd-8268-d09f6f55e1b3','40ca7086-c39f-45b7-b429-d9164f4ddb97','New SHARED with Full Amenities','A well-maintained shared room in Toul Kork, ideal for students and young professionals.',450,450,'666 Street 83','Toul Kork','Phnom Penh',ST_GeomFromText('POINT(11.538979 104.958153)',4326),'SHARED','AVAILABLE','APPROVED','2025-11-27 06:35:38','2025-11-27 06:35:38'),
  ('e8dd518b-9626-471e-9db7-fe480cba6277','e03a30ff-5d94-49d1-92ca-7ae817c17c7e','Quiet 2BR in Chbar Ampov','A well-maintained 2br room in Chbar Ampov, ideal for students and young professionals.',450,900,'647 Street 295','Chbar Ampov','Phnom Penh',ST_GeomFromText('POINT(11.636493 104.928795)',4326),'2BR','AVAILABLE','APPROVED','2026-02-18 06:35:38','2026-02-18 06:35:38'),
  ('3f31be5e-9857-4c8a-9313-f1ed118d2dfc','f16e7b4f-acce-4a31-b239-7a493017a689','Modern STUDIO in Russei Keo','A well-maintained studio room in Russei Keo, ideal for students and young professionals.',300,300,'368 Street 384','Russei Keo','Phnom Penh',ST_GeomFromText('POINT(11.61328 104.970342)',4326),'STUDIO','AVAILABLE','PENDING','2026-01-19 06:35:38','2026-01-19 06:35:38'),
  ('87bc47aa-3a71-4d32-bc89-95a7bfde7590','c4c9eb54-5211-49c0-bc22-4a8cae2a1b67','Affordable 1BR for Students','A well-maintained 1br room in Chamkar Mon, ideal for students and young professionals.',120,120,'147 Street 238','Chamkar Mon','Phnom Penh',ST_GeomFromText('POINT(11.539476 104.967084)',4326),'1BR','AVAILABLE','APPROVED','2025-08-24 06:35:38','2025-08-24 06:35:38'),
  ('af21b5ec-f5f7-443d-bcfa-9fc56f003066','3e20359e-3eef-43f6-a359-4bd951e98fd2','Cozy 2BR near BELTEI','A well-maintained 2br room in 7 Makara, ideal for students and young professionals.',300,300,'307 Street 435','7 Makara','Phnom Penh',ST_GeomFromText('POINT(11.611313 104.895798)',4326),'2BR','AVAILABLE','APPROVED','2025-08-22 06:35:38','2025-08-22 06:35:38'),
  ('c476c798-3f30-4ea0-b7ae-98ee11e166e1','a6e9d3b9-94d8-4b7e-8772-e388a0770fd5','Bright 2BR Close to Campus','A well-maintained 2br room in 7 Makara, ideal for students and young professionals.',250,250,'303 Street 23','7 Makara','Phnom Penh',ST_GeomFromText('POINT(11.542798 104.918136)',4326),'2BR','AVAILABLE','APPROVED','2025-06-25 06:35:38','2025-06-25 06:35:38'),
  ('3659ad3b-ccd4-4105-a3ea-bf2cc2452484','45e1ccc3-0eea-495b-ad4f-7e8cf946f70c','Cozy SHARED near CADT','A well-maintained shared room in Boeung Keng Kang, ideal for students and young professionals.',400,800,'822 Street 361','Boeung Keng Kang','Phnom Penh',ST_GeomFromText('POINT(11.589607 104.970416)',4326),'SHARED','AVAILABLE','PENDING','2025-08-12 06:35:38','2025-08-12 06:35:38'),
  ('fe883555-8bc3-49ea-a1da-16a3d041f032','f16e7b4f-acce-4a31-b239-7a493017a689','Affordable 1BR for Students','A well-maintained 1br room in Pur Senchey, ideal for students and young professionals.',450,450,'374 Street 135','Pur Senchey','Phnom Penh',ST_GeomFromText('POINT(11.638408 104.944634)',4326),'1BR','AVAILABLE','APPROVED','2025-08-26 06:35:38','2025-08-26 06:35:38'),
  ('c9d302ae-1f1a-48db-8bad-f0a70d194992','09f500ef-0e78-4256-bd00-000a198fe0ea','Affordable 2BR for Students','A well-maintained 2br room in Mean Chey, ideal for students and young professionals.',150,150,'851 Street 169','Mean Chey','Phnom Penh',ST_GeomFromText('POINT(11.624382 104.967646)',4326),'2BR','AVAILABLE','APPROVED','2026-01-30 06:35:38','2026-01-30 06:35:38'),
  ('d7f30540-8b2a-448d-be3a-7d3e37017d79','dec0e5de-3f31-41f2-8f58-fb71600dc5b6','Modern SHARED in Boeung Keng Kang','A well-maintained shared room in Boeung Keng Kang, ideal for students and young professionals.',300,300,'991 Street 571','Boeung Keng Kang','Phnom Penh',ST_GeomFromText('POINT(11.546891 104.97665)',4326),'SHARED','RENTED','APPROVED','2025-11-27 06:35:38','2025-11-27 06:35:38'),
  ('8f240436-3cde-4776-adc6-a615b71f4e1d','e791a6c4-3114-4394-a07f-66bc44ff67fb','Spacious STUDIO with Balcony','A well-maintained studio room in Russei Keo, ideal for students and young professionals.',350,350,'963 Street 381','Russei Keo','Phnom Penh',ST_GeomFromText('POINT(11.584574 104.947283)',4326),'STUDIO','AVAILABLE','APPROVED','2025-07-27 06:35:38','2025-07-27 06:35:38'),
  ('983de19c-d5f4-40d2-9387-e49d92022e58','b5f2c781-4417-4887-9810-8cc7301b9b7f','Quiet 1BR in 7 Makara','A well-maintained 1br room in 7 Makara, ideal for students and young professionals.',400,400,'419 Street 120','7 Makara','Phnom Penh',ST_GeomFromText('POINT(11.607718 104.94354)',4326),'1BR','AVAILABLE','APPROVED','2025-07-21 06:35:38','2025-07-21 06:35:38'),
  ('19eeea3f-2a45-4492-9dd0-d939b0471b0d','f8115c5c-1878-4c99-abbe-0795b2e72abb','Student-Friendly STUDIO in Toul Kork','A well-maintained studio room in Toul Kork, ideal for students and young professionals.',100,100,'714 Street 554','Toul Kork','Phnom Penh',ST_GeomFromText('POINT(11.558176 104.933755)',4326),'STUDIO','AVAILABLE','APPROVED','2025-06-03 06:35:38','2025-06-03 06:35:38'),
  ('24cc6731-89cd-41dc-b3b4-0794680c805b','c4c9eb54-5211-49c0-bc22-4a8cae2a1b67','Student-Friendly 1BR in Russei Keo','A well-maintained 1br room in Russei Keo, ideal for students and young professionals.',400,400,'974 Street 242','Russei Keo','Phnom Penh',ST_GeomFromText('POINT(11.642686 104.907974)',4326),'1BR','AVAILABLE','APPROVED','2025-11-03 06:35:38','2025-11-03 06:35:38'),
  ('c689756e-1c26-4303-a485-4ccd6e456db2','e03a30ff-5d94-49d1-92ca-7ae817c17c7e','Quiet 2BR in Sen Sok','A well-maintained 2br room in Sen Sok, ideal for students and young professionals.',80,80,'679 Street 218','Sen Sok','Phnom Penh',ST_GeomFromText('POINT(11.563106 104.976821)',4326),'2BR','RENTED','PENDING','2026-05-03 06:35:38','2026-05-03 06:35:38'),
  ('f4a451ac-a607-4a35-ba36-ff022010d7dc','240809bc-50f8-4b78-b632-76788e0eb038','Bright STUDIO Close to Campus','A well-maintained studio room in Toul Kork, ideal for students and young professionals.',120,240,'337 Street 152','Toul Kork','Phnom Penh',ST_GeomFromText('POINT(11.554625 104.962982)',4326),'STUDIO','AVAILABLE','APPROVED','2026-02-19 06:35:38','2026-02-19 06:35:38'),
  ('10159f8c-5652-4188-9730-f8d2971b314b','a359ba03-f9a7-4092-9c91-e9da09754c42','Affordable STUDIO for Students','A well-maintained studio room in Boeung Keng Kang, ideal for students and young professionals.',350,350,'809 Street 244','Boeung Keng Kang','Phnom Penh',ST_GeomFromText('POINT(11.625822 104.890993)',4326),'STUDIO','RENTED','APPROVED','2025-12-17 06:35:38','2025-12-17 06:35:38'),
  ('32620c46-d793-491a-96ba-5e259dffb20d','b5134063-e3a0-460a-9dbc-ab6abc7e13c9','Spacious 2BR with Balcony','A well-maintained 2br room in Toul Kork, ideal for students and young professionals.',80,80,'526 Street 112','Toul Kork','Phnom Penh',ST_GeomFromText('POINT(11.619006 104.932609)',4326),'2BR','RENTED','APPROVED','2025-12-15 06:35:38','2025-12-15 06:35:38'),
  ('5a1512d7-ea56-4c62-b1e8-251d0fc45bcd','3e20359e-3eef-43f6-a359-4bd951e98fd2','Spacious 1BR with Balcony','A well-maintained 1br room in Pur Senchey, ideal for students and young professionals.',300,600,'111 Street 503','Pur Senchey','Phnom Penh',ST_GeomFromText('POINT(11.645683 104.886083)',4326),'1BR','AVAILABLE','APPROVED','2025-07-02 06:35:38','2025-07-02 06:35:38'),
  ('504a1e31-5358-4768-9cb1-1a38c93b5bab','a6e9d3b9-94d8-4b7e-8772-e388a0770fd5','Quiet SHARED in Sen Sok','A well-maintained shared room in Sen Sok, ideal for students and young professionals.',400,400,'391 Street 544','Sen Sok','Phnom Penh',ST_GeomFromText('POINT(11.537882 104.907502)',4326),'SHARED','AVAILABLE','APPROVED','2026-01-03 06:35:38','2026-01-03 06:35:38'),
  ('6a546076-8ed8-4355-89a9-27540fcbd8f7','d3eff5db-9b4a-469c-af6f-e419d9d67590','Modern SHARED in Chbar Ampov','A well-maintained shared room in Chbar Ampov, ideal for students and young professionals.',500,500,'441 Street 463','Chbar Ampov','Phnom Penh',ST_GeomFromText('POINT(11.632335 104.945092)',4326),'SHARED','RENTED','APPROVED','2026-02-28 06:35:38','2026-02-28 06:35:38'),
  ('04307b79-0de2-4c8a-9ead-b4b0d99252af','8c8ccd5c-dea0-40c4-9bb3-3e9be2a08e7e','Student-Friendly 1BR in Russei Keo','A well-maintained 1br room in Russei Keo, ideal for students and young professionals.',250,250,'704 Street 486','Russei Keo','Phnom Penh',ST_GeomFromText('POINT(11.617554 104.911255)',4326),'1BR','AVAILABLE','APPROVED','2026-04-01 06:35:38','2026-04-01 06:35:38'),
  ('cce5ecc0-8fc4-4c63-b288-4a2246d84b27','09f500ef-0e78-4256-bd00-000a198fe0ea','New STUDIO with Full Amenities','A well-maintained studio room in Sen Sok, ideal for students and young professionals.',100,200,'576 Street 338','Sen Sok','Phnom Penh',ST_GeomFromText('POINT(11.618656 104.961177)',4326),'STUDIO','AVAILABLE','APPROVED','2025-09-04 06:35:38','2025-09-04 06:35:38'),
  ('b35038c3-6f94-4c9f-bcb8-3ff2b4f0d0c4','f280ff35-a190-43c3-903c-4a8e4c7b28ce','New STUDIO with Full Amenities','A well-maintained studio room in Russei Keo, ideal for students and young professionals.',500,500,'159 Street 494','Russei Keo','Phnom Penh',ST_GeomFromText('POINT(11.646208 104.940041)',4326),'STUDIO','AVAILABLE','APPROVED','2026-03-02 06:35:38','2026-03-02 06:35:38'),
  ('a91170a8-7c1e-4ec8-ab94-7c0c1d85a5a1','f16e7b4f-acce-4a31-b239-7a493017a689','Modern STUDIO in Mean Chey','A well-maintained studio room in Mean Chey, ideal for students and young professionals.',180,360,'629 Street 571','Mean Chey','Phnom Penh',ST_GeomFromText('POINT(11.557139 104.922911)',4326),'STUDIO','AVAILABLE','PENDING','2025-08-04 06:35:38','2025-08-04 06:35:38'),
  ('30395760-2181-48d5-bfeb-b2146346cc3f','c46c7456-6a7d-4972-bfae-4bd83f69a294','Spacious 2BR with Balcony','A well-maintained 2br room in Toul Kork, ideal for students and young professionals.',500,500,'411 Street 72','Toul Kork','Phnom Penh',ST_GeomFromText('POINT(11.640585 104.915102)',4326),'2BR','AVAILABLE','APPROVED','2025-07-17 06:35:38','2025-07-17 06:35:38'),
  ('115a5826-8860-4f9b-8c1a-454b668d13cb','f8115c5c-1878-4c99-abbe-0795b2e72abb','New STUDIO with Full Amenities','A well-maintained studio room in Sen Sok, ideal for students and young professionals.',250,250,'611 Street 87','Sen Sok','Phnom Penh',ST_GeomFromText('POINT(11.570908 104.917005)',4326),'STUDIO','RENTED','PENDING','2025-09-01 06:35:38','2025-09-01 06:35:38'),
  ('902dec74-917a-4096-b280-3aa71f80a41b','8c8ccd5c-dea0-40c4-9bb3-3e9be2a08e7e','Cozy STUDIO near ITC','A well-maintained studio room in Daun Penh, ideal for students and young professionals.',450,450,'221 Street 525','Daun Penh','Phnom Penh',ST_GeomFromText('POINT(11.562652 104.946194)',4326),'STUDIO','AVAILABLE','APPROVED','2026-01-30 06:35:38','2026-01-30 06:35:38'),
  ('ebcc6c52-d217-4365-8b5e-2789391e511e','b5f2c781-4417-4887-9810-8cc7301b9b7f','Spacious 2BR with Balcony','A well-maintained 2br room in Russei Keo, ideal for students and young professionals.',450,900,'57 Street 8','Russei Keo','Phnom Penh',ST_GeomFromText('POINT(11.601176 104.932693)',4326),'2BR','AVAILABLE','APPROVED','2025-08-16 06:35:38','2025-08-16 06:35:38'),
  ('bde4f9b5-6f78-46dd-8426-ff7d0e9e4708','07a55d25-7f29-4ae0-827a-7371e292c792','Spacious 2BR with Balcony','A well-maintained 2br room in Chamkar Mon, ideal for students and young professionals.',180,180,'721 Street 236','Chamkar Mon','Phnom Penh',ST_GeomFromText('POINT(11.544398 104.929739)',4326),'2BR','AVAILABLE','APPROVED','2025-09-19 06:35:38','2025-09-19 06:35:38'),
  ('fbca94bd-0155-406f-8033-84bb1f4ae5c9','b96a92c8-5074-4a2f-8b51-05186e5564ef','Cozy 2BR near Royal University of Law','A well-maintained 2br room in Sen Sok, ideal for students and young professionals.',250,250,'727 Street 428','Sen Sok','Phnom Penh',ST_GeomFromText('POINT(11.585171 104.887786)',4326),'2BR','AVAILABLE','APPROVED','2025-11-23 06:35:38','2025-11-23 06:35:38'),
  ('d8c0821c-b5d4-45cc-85bc-e91094848a63','d3eff5db-9b4a-469c-af6f-e419d9d67590','Quiet STUDIO in Russei Keo','A well-maintained studio room in Russei Keo, ideal for students and young professionals.',120,240,'250 Street 447','Russei Keo','Phnom Penh',ST_GeomFromText('POINT(11.585212 104.948961)',4326),'STUDIO','AVAILABLE','APPROVED','2026-04-25 06:35:38','2026-04-25 06:35:38'),
  ('c59db587-b206-4838-a1b3-66aab95a890f','b5134063-e3a0-460a-9dbc-ab6abc7e13c9','New SHARED with Full Amenities','A well-maintained shared room in Chbar Ampov, ideal for students and young professionals.',180,360,'544 Street 523','Chbar Ampov','Phnom Penh',ST_GeomFromText('POINT(11.570742 104.913307)',4326),'SHARED','AVAILABLE','APPROVED','2026-04-21 06:35:38','2026-04-21 06:35:38'),
  ('32041676-0421-4c7d-8515-e71c16833bd4','07a55d25-7f29-4ae0-827a-7371e292c792','Bright 2BR Close to Campus','A well-maintained 2br room in Mean Chey, ideal for students and young professionals.',100,100,'182 Street 506','Mean Chey','Phnom Penh',ST_GeomFromText('POINT(11.560716 104.89735)',4326),'2BR','AVAILABLE','PENDING','2026-05-11 06:35:38','2026-05-11 06:35:38'),
  ('1b10228c-1a33-4d55-822d-a067152e4970','3e20359e-3eef-43f6-a359-4bd951e98fd2','Quiet SHARED in Pur Senchey','A well-maintained shared room in Pur Senchey, ideal for students and young professionals.',120,120,'361 Street 520','Pur Senchey','Phnom Penh',ST_GeomFromText('POINT(11.538194 104.924221)',4326),'SHARED','AVAILABLE','APPROVED','2026-05-21 06:35:38','2026-05-21 06:35:38'),
  ('79161b9c-f59d-49c1-b30b-faa402b78579','09f500ef-0e78-4256-bd00-000a198fe0ea','Cozy 2BR near University of Management','A well-maintained 2br room in 7 Makara, ideal for students and young professionals.',80,80,'609 Street 520','7 Makara','Phnom Penh',ST_GeomFromText('POINT(11.629804 104.887673)',4326),'2BR','RENTED','PENDING','2025-08-08 06:35:38','2025-08-08 06:35:38'),
  ('ad63b934-de01-4660-b192-12448a904749','a5f734a0-fb3a-44a7-b5ce-ca39a0b1be0f','Student-Friendly SHARED in Pur Senchey','A well-maintained shared room in Pur Senchey, ideal for students and young professionals.',400,800,'106 Street 352','Pur Senchey','Phnom Penh',ST_GeomFromText('POINT(11.552589 104.940501)',4326),'SHARED','AVAILABLE','REJECTED','2025-10-31 06:35:38','2025-10-31 06:35:38'),
  ('cc2b885f-4aef-439f-9f66-f2bec659cf27','a6e9d3b9-94d8-4b7e-8772-e388a0770fd5','Cozy STUDIO near ITC','A well-maintained studio room in Chbar Ampov, ideal for students and young professionals.',150,300,'940 Street 290','Chbar Ampov','Phnom Penh',ST_GeomFromText('POINT(11.582531 104.923942)',4326),'STUDIO','AVAILABLE','APPROVED','2025-12-10 06:35:38','2025-12-10 06:35:38'),
  ('7d940a80-68d6-4b0e-bc8f-82f3a3f63658','a5f734a0-fb3a-44a7-b5ce-ca39a0b1be0f','Quiet SHARED in Mean Chey','A well-maintained shared room in Mean Chey, ideal for students and young professionals.',100,100,'988 Street 154','Mean Chey','Phnom Penh',ST_GeomFromText('POINT(11.541341 104.947838)',4326),'SHARED','AVAILABLE','APPROVED','2025-07-17 06:35:38','2025-07-17 06:35:38'),
  ('b91b2250-c232-46a8-b8b3-50103cf05a03','0949570c-e2d0-4061-9fdc-42698cb9df69','Quiet STUDIO in Pur Senchey','A well-maintained studio room in Pur Senchey, ideal for students and young professionals.',180,360,'573 Street 386','Pur Senchey','Phnom Penh',ST_GeomFromText('POINT(11.613818 104.919196)',4326),'STUDIO','AVAILABLE','PENDING','2026-01-11 06:35:38','2026-01-11 06:35:38'),
  ('5cd2fec3-4850-4bf8-9102-e1e62134432e','240809bc-50f8-4b78-b632-76788e0eb038','New 2BR with Full Amenities','A well-maintained 2br room in Daun Penh, ideal for students and young professionals.',350,350,'197 Street 232','Daun Penh','Phnom Penh',ST_GeomFromText('POINT(11.532188 104.910887)',4326),'2BR','RENTED','APPROVED','2025-10-13 06:35:38','2025-10-13 06:35:38'),
  ('e2d863e4-63e5-4c2c-824d-0331fa184abd','f8115c5c-1878-4c99-abbe-0795b2e72abb','Modern 1BR in Sen Sok','A well-maintained 1br room in Sen Sok, ideal for students and young professionals.',350,700,'135 Street 386','Sen Sok','Phnom Penh',ST_GeomFromText('POINT(11.630214 104.968368)',4326),'1BR','AVAILABLE','APPROVED','2025-08-06 06:35:38','2025-08-06 06:35:38'),
  ('9ecc0065-7553-49fe-9dcf-a6fc14d16a98','f8115c5c-1878-4c99-abbe-0795b2e72abb','Student-Friendly 1BR in Daun Penh','A well-maintained 1br room in Daun Penh, ideal for students and young professionals.',80,80,'767 Street 460','Daun Penh','Phnom Penh',ST_GeomFromText('POINT(11.573716 104.951959)',4326),'1BR','RENTED','APPROVED','2025-05-29 06:35:38','2025-05-29 06:35:38'),
  ('2b2aefcc-3692-4fb1-ab87-11beffc51948','f16e7b4f-acce-4a31-b239-7a493017a689','Bright 1BR Close to Campus','A well-maintained 1br room in Boeung Keng Kang, ideal for students and young professionals.',200,400,'515 Street 541','Boeung Keng Kang','Phnom Penh',ST_GeomFromText('POINT(11.643656 104.978444)',4326),'1BR','AVAILABLE','APPROVED','2025-12-05 06:35:38','2025-12-05 06:35:38'),
  ('b444ccaf-3fe7-43a7-ab47-193819a373e0','c4c9eb54-5211-49c0-bc22-4a8cae2a1b67','Spacious 1BR with Balcony','A well-maintained 1br room in Chamkar Mon, ideal for students and young professionals.',80,160,'872 Street 128','Chamkar Mon','Phnom Penh',ST_GeomFromText('POINT(11.587671 104.917121)',4326),'1BR','RENTED','APPROVED','2025-09-27 06:35:38','2025-09-27 06:35:38'),
  ('ebf2bf78-203c-4dd6-91c9-b6040671c9a7','d3eff5db-9b4a-469c-af6f-e419d9d67590','Student-Friendly STUDIO in Daun Penh','A well-maintained studio room in Daun Penh, ideal for students and young professionals.',350,350,'953 Street 28','Daun Penh','Phnom Penh',ST_GeomFromText('POINT(11.629726 104.889171)',4326),'STUDIO','RENTED','PENDING','2025-12-22 06:35:38','2025-12-22 06:35:38'),
  ('ca949d15-9e88-4e45-bf83-cf332763f2b2','c4c9eb54-5211-49c0-bc22-4a8cae2a1b67','Bright STUDIO Close to Campus','A well-maintained studio room in Russei Keo, ideal for students and young professionals.',250,250,'344 Street 150','Russei Keo','Phnom Penh',ST_GeomFromText('POINT(11.57499 104.882819)',4326),'STUDIO','RENTED','PENDING','2025-07-21 06:35:38','2025-07-21 06:35:38'),
  ('482ec36b-53c6-4c85-848a-a8bc5b53ec66','f8115c5c-1878-4c99-abbe-0795b2e72abb','Affordable STUDIO for Students','A well-maintained studio room in Boeung Keng Kang, ideal for students and young professionals.',500,500,'562 Street 541','Boeung Keng Kang','Phnom Penh',ST_GeomFromText('POINT(11.583832 104.880525)',4326),'STUDIO','AVAILABLE','APPROVED','2026-04-03 06:35:38','2026-04-03 06:35:38'),
  ('9a6d802b-6e3b-47f9-87b8-b35fff0393ec','c4c9eb54-5211-49c0-bc22-4a8cae2a1b67','Spacious STUDIO with Balcony','A well-maintained studio room in Boeung Keng Kang, ideal for students and young professionals.',100,100,'612 Street 549','Boeung Keng Kang','Phnom Penh',ST_GeomFromText('POINT(11.558613 104.943895)',4326),'STUDIO','AVAILABLE','APPROVED','2025-10-06 06:35:38','2025-10-06 06:35:38'),
  ('578a2769-00f1-497c-a8c5-510bc94cff9f','c46c7456-6a7d-4972-bfae-4bd83f69a294','New 1BR with Full Amenities','A well-maintained 1br room in Daun Penh, ideal for students and young professionals.',80,160,'999 Street 370','Daun Penh','Phnom Penh',ST_GeomFromText('POINT(11.572338 104.937066)',4326),'1BR','AVAILABLE','APPROVED','2025-09-23 06:35:38','2025-09-23 06:35:38'),
  ('0a80abfd-ddd9-40b1-97eb-8f0b5a913b28','09f500ef-0e78-4256-bd00-000a198fe0ea','Cozy STUDIO near University of Management','A well-maintained studio room in Russei Keo, ideal for students and young professionals.',450,450,'247 Street 107','Russei Keo','Phnom Penh',ST_GeomFromText('POINT(11.647725 104.905365)',4326),'STUDIO','AVAILABLE','PENDING','2025-12-24 06:35:38','2025-12-24 06:35:38'),
  ('5197a005-e931-4e0e-8f46-d4fdc96c95bb','99296336-2328-4645-8c8c-c6dfa75ed174','Quiet 2BR in Daun Penh','A well-maintained 2br room in Daun Penh, ideal for students and young professionals.',350,350,'491 Street 187','Daun Penh','Phnom Penh',ST_GeomFromText('POINT(11.627621 104.897509)',4326),'2BR','RENTED','APPROVED','2025-06-27 06:35:38','2025-06-27 06:35:38'),
  ('57d51e93-ba08-43cd-9b3c-92e43341a444','a359ba03-f9a7-4092-9c91-e9da09754c42','Cozy 1BR near University of Management','A well-maintained 1br room in Sen Sok, ideal for students and young professionals.',180,180,'408 Street 557','Sen Sok','Phnom Penh',ST_GeomFromText('POINT(11.535257 104.899947)',4326),'1BR','AVAILABLE','PENDING','2025-09-28 06:35:38','2025-09-28 06:35:38'),
  ('af2f5fa4-da08-4295-9114-9cd094b6ddb3','f46ae936-dd6e-44ee-a5a9-318db8622647','Spacious 2BR with Balcony','A well-maintained 2br room in Toul Kork, ideal for students and young professionals.',200,200,'762 Street 451','Toul Kork','Phnom Penh',ST_GeomFromText('POINT(11.633896 104.913192)',4326),'2BR','AVAILABLE','APPROVED','2025-11-26 06:35:38','2025-11-26 06:35:38'),
  ('c8a6d265-d4d8-4dd5-b14e-99d8ce87da65','8c8ccd5c-dea0-40c4-9bb3-3e9be2a08e7e','Student-Friendly SHARED in Mean Chey','A well-maintained shared room in Mean Chey, ideal for students and young professionals.',500,500,'81 Street 441','Mean Chey','Phnom Penh',ST_GeomFromText('POINT(11.574082 104.959729)',4326),'SHARED','AVAILABLE','APPROVED','2025-11-13 06:35:38','2025-11-13 06:35:38'),
  ('947471fb-0c39-45c8-ac95-81ce460eeaf6','3242b1bb-0bb4-47f5-8bf8-9471187b5c9b','Quiet 1BR in Chbar Ampov','A well-maintained 1br room in Chbar Ampov, ideal for students and young professionals.',100,100,'707 Street 455','Chbar Ampov','Phnom Penh',ST_GeomFromText('POINT(11.56935 104.909564)',4326),'1BR','AVAILABLE','APPROVED','2026-03-25 06:35:38','2026-03-25 06:35:38'),
  ('35bd39df-0e73-43bf-a92b-b8dad399e1dc','e791a6c4-3114-4394-a07f-66bc44ff67fb','New SHARED with Full Amenities','A well-maintained shared room in Toul Kork, ideal for students and young professionals.',180,360,'526 Street 164','Toul Kork','Phnom Penh',ST_GeomFromText('POINT(11.647603 104.97479)',4326),'SHARED','AVAILABLE','APPROVED','2025-12-14 06:35:38','2025-12-14 06:35:38'),
  ('b1ec203d-5d72-45dc-a14c-2ba0fa13872e','c46c7456-6a7d-4972-bfae-4bd83f69a294','Cozy 1BR near University of Management','A well-maintained 1br room in Pur Senchey, ideal for students and young professionals.',120,120,'620 Street 158','Pur Senchey','Phnom Penh',ST_GeomFromText('POINT(11.558319 104.944516)',4326),'1BR','AVAILABLE','PENDING','2026-06-02 06:35:38','2026-06-02 06:35:38'),
  ('e2a6316a-8632-4e13-b906-f8d89d977cfe','f280ff35-a190-43c3-903c-4a8e4c7b28ce','Student-Friendly SHARED in Mean Chey','A well-maintained shared room in Mean Chey, ideal for students and young professionals.',100,200,'27 Street 191','Mean Chey','Phnom Penh',ST_GeomFromText('POINT(11.546523 104.916695)',4326),'SHARED','AVAILABLE','APPROVED','2026-04-21 06:35:38','2026-04-21 06:35:38'),
  ('e881d8c5-26c8-489a-a096-ec1c7a5ca94e','f46ae936-dd6e-44ee-a5a9-318db8622647','Spacious SHARED with Balcony','A well-maintained shared room in Chbar Ampov, ideal for students and young professionals.',180,360,'205 Street 126','Chbar Ampov','Phnom Penh',ST_GeomFromText('POINT(11.583553 104.979637)',4326),'SHARED','AVAILABLE','PENDING','2025-10-10 06:35:38','2025-10-10 06:35:38'),
  ('dd6e9b7f-d9f2-4efe-88b1-d657483c33b4','f8115c5c-1878-4c99-abbe-0795b2e72abb','Student-Friendly STUDIO in 7 Makara','A well-maintained studio room in 7 Makara, ideal for students and young professionals.',100,200,'556 Street 298','7 Makara','Phnom Penh',ST_GeomFromText('POINT(11.646107 104.978657)',4326),'STUDIO','AVAILABLE','APPROVED','2025-09-10 06:35:38','2025-09-10 06:35:38'),
  ('eaaf7283-4fb8-4b85-b8d6-9f3b4654a693','8c8ccd5c-dea0-40c4-9bb3-3e9be2a08e7e','Quiet 2BR in Daun Penh','A well-maintained 2br room in Daun Penh, ideal for students and young professionals.',350,350,'370 Street 568','Daun Penh','Phnom Penh',ST_GeomFromText('POINT(11.544563 104.900098)',4326),'2BR','AVAILABLE','PENDING','2026-06-05 06:35:38','2026-06-05 06:35:38'),
  ('25507fff-072c-474b-83a0-6b859b2a3cc1','b5134063-e3a0-460a-9dbc-ab6abc7e13c9','Modern 2BR in 7 Makara','A well-maintained 2br room in 7 Makara, ideal for students and young professionals.',100,100,'844 Street 589','7 Makara','Phnom Penh',ST_GeomFromText('POINT(11.577779 104.951693)',4326),'2BR','AVAILABLE','APPROVED','2025-11-21 06:35:38','2025-11-21 06:35:38');

-- ROOM_AMENITIES
INSERT INTO `ROOM_AMENITIES` (room_id,amenity_id) VALUES
  ('d31d0af4-d151-4d44-ab45-8140192d0343',3),
  ('d31d0af4-d151-4d44-ab45-8140192d0343',6),
  ('d31d0af4-d151-4d44-ab45-8140192d0343',11),
  ('2b2a7851-bffb-4191-af4e-8417074dbabd',8),
  ('2b2a7851-bffb-4191-af4e-8417074dbabd',15),
  ('2b2a7851-bffb-4191-af4e-8417074dbabd',11),
  ('09d89686-5deb-45ee-bb3c-4de98fef4eaa',6),
  ('09d89686-5deb-45ee-bb3c-4de98fef4eaa',3),
  ('09d89686-5deb-45ee-bb3c-4de98fef4eaa',13),
  ('09d89686-5deb-45ee-bb3c-4de98fef4eaa',9),
  ('09d89686-5deb-45ee-bb3c-4de98fef4eaa',11),
  ('09d89686-5deb-45ee-bb3c-4de98fef4eaa',10),
  ('09d89686-5deb-45ee-bb3c-4de98fef4eaa',14),
  ('dccae1c8-1f6e-4143-917f-a099f86eb545',7),
  ('dccae1c8-1f6e-4143-917f-a099f86eb545',9),
  ('dccae1c8-1f6e-4143-917f-a099f86eb545',1),
  ('dccae1c8-1f6e-4143-917f-a099f86eb545',2),
  ('5dc7f18a-2812-4930-976f-ddc3b9784700',3),
  ('5dc7f18a-2812-4930-976f-ddc3b9784700',5),
  ('5dc7f18a-2812-4930-976f-ddc3b9784700',15),
  ('5dc7f18a-2812-4930-976f-ddc3b9784700',13),
  ('5dc7f18a-2812-4930-976f-ddc3b9784700',6),
  ('5dc7f18a-2812-4930-976f-ddc3b9784700',4),
  ('5dc7f18a-2812-4930-976f-ddc3b9784700',11),
  ('3c5b3fee-5998-4f69-9f21-ba52dff18a60',15),
  ('3c5b3fee-5998-4f69-9f21-ba52dff18a60',5),
  ('3c5b3fee-5998-4f69-9f21-ba52dff18a60',2),
  ('3c5b3fee-5998-4f69-9f21-ba52dff18a60',14),
  ('3c5b3fee-5998-4f69-9f21-ba52dff18a60',4),
  ('3c5b3fee-5998-4f69-9f21-ba52dff18a60',9),
  ('3c5b3fee-5998-4f69-9f21-ba52dff18a60',12),
  ('723ec80e-6dc9-4732-aeeb-ab8de7eab109',11),
  ('723ec80e-6dc9-4732-aeeb-ab8de7eab109',5),
  ('723ec80e-6dc9-4732-aeeb-ab8de7eab109',10),
  ('723ec80e-6dc9-4732-aeeb-ab8de7eab109',9),
  ('b6638a7d-e578-45f9-8715-2828ebbec108',9),
  ('b6638a7d-e578-45f9-8715-2828ebbec108',11),
  ('b6638a7d-e578-45f9-8715-2828ebbec108',3),
  ('753aa67c-f5ce-48b6-96f3-e4d2a64ace94',10),
  ('753aa67c-f5ce-48b6-96f3-e4d2a64ace94',3),
  ('753aa67c-f5ce-48b6-96f3-e4d2a64ace94',14),
  ('753aa67c-f5ce-48b6-96f3-e4d2a64ace94',11),
  ('753aa67c-f5ce-48b6-96f3-e4d2a64ace94',15),
  ('753aa67c-f5ce-48b6-96f3-e4d2a64ace94',12),
  ('753aa67c-f5ce-48b6-96f3-e4d2a64ace94',6),
  ('6a8d4e57-7f22-48cf-b5f6-7a56085cb45c',1),
  ('6a8d4e57-7f22-48cf-b5f6-7a56085cb45c',14),
  ('6a8d4e57-7f22-48cf-b5f6-7a56085cb45c',15),
  ('6a8d4e57-7f22-48cf-b5f6-7a56085cb45c',2),
  ('6a8d4e57-7f22-48cf-b5f6-7a56085cb45c',13),
  ('6a8d4e57-7f22-48cf-b5f6-7a56085cb45c',10),
  ('6a8d4e57-7f22-48cf-b5f6-7a56085cb45c',5),
  ('95b8ca06-9fb3-4b49-9036-41ecc1ffe0ce',4),
  ('95b8ca06-9fb3-4b49-9036-41ecc1ffe0ce',13),
  ('95b8ca06-9fb3-4b49-9036-41ecc1ffe0ce',10),
  ('95b8ca06-9fb3-4b49-9036-41ecc1ffe0ce',7),
  ('95b8ca06-9fb3-4b49-9036-41ecc1ffe0ce',14),
  ('95b8ca06-9fb3-4b49-9036-41ecc1ffe0ce',1),
  ('95b8ca06-9fb3-4b49-9036-41ecc1ffe0ce',8),
  ('95b8ca06-9fb3-4b49-9036-41ecc1ffe0ce',5),
  ('3e9857ea-b315-4983-9b30-d34fea8f5147',5),
  ('3e9857ea-b315-4983-9b30-d34fea8f5147',8),
  ('3e9857ea-b315-4983-9b30-d34fea8f5147',4),
  ('3e9857ea-b315-4983-9b30-d34fea8f5147',11),
  ('3e9857ea-b315-4983-9b30-d34fea8f5147',7),
  ('3e9857ea-b315-4983-9b30-d34fea8f5147',15),
  ('3e9857ea-b315-4983-9b30-d34fea8f5147',14),
  ('3e9857ea-b315-4983-9b30-d34fea8f5147',2),
  ('78e0c13d-c4a1-4ecb-a4aa-e3d364dbfe8f',1),
  ('78e0c13d-c4a1-4ecb-a4aa-e3d364dbfe8f',3),
  ('78e0c13d-c4a1-4ecb-a4aa-e3d364dbfe8f',8),
  ('78e0c13d-c4a1-4ecb-a4aa-e3d364dbfe8f',7),
  ('78e0c13d-c4a1-4ecb-a4aa-e3d364dbfe8f',13),
  ('78e0c13d-c4a1-4ecb-a4aa-e3d364dbfe8f',11),
  ('78e0c13d-c4a1-4ecb-a4aa-e3d364dbfe8f',4),
  ('78e0c13d-c4a1-4ecb-a4aa-e3d364dbfe8f',6),
  ('b0bbceea-79c4-4d51-9959-f76d857dca9d',3),
  ('b0bbceea-79c4-4d51-9959-f76d857dca9d',6),
  ('b0bbceea-79c4-4d51-9959-f76d857dca9d',12),
  ('b0bbceea-79c4-4d51-9959-f76d857dca9d',14),
  ('b0bbceea-79c4-4d51-9959-f76d857dca9d',13),
  ('b0bbceea-79c4-4d51-9959-f76d857dca9d',7),
  ('b0bbceea-79c4-4d51-9959-f76d857dca9d',15),
  ('22c5de9e-2ae9-4afd-a48e-06b5e12c9db5',9),
  ('22c5de9e-2ae9-4afd-a48e-06b5e12c9db5',15),
  ('22c5de9e-2ae9-4afd-a48e-06b5e12c9db5',2),
  ('22c5de9e-2ae9-4afd-a48e-06b5e12c9db5',6),
  ('22c5de9e-2ae9-4afd-a48e-06b5e12c9db5',4),
  ('253727ec-e12a-42ef-a166-bd2145c08422',2),
  ('253727ec-e12a-42ef-a166-bd2145c08422',5),
  ('253727ec-e12a-42ef-a166-bd2145c08422',8),
  ('253727ec-e12a-42ef-a166-bd2145c08422',4),
  ('253727ec-e12a-42ef-a166-bd2145c08422',3),
  ('253727ec-e12a-42ef-a166-bd2145c08422',15),
  ('36673f1d-4619-4401-91f2-4b796c10b5ef',5),
  ('36673f1d-4619-4401-91f2-4b796c10b5ef',7),
  ('36673f1d-4619-4401-91f2-4b796c10b5ef',10),
  ('1f38d016-fabc-40d0-bb98-d7a7f0bd11c1',4),
  ('1f38d016-fabc-40d0-bb98-d7a7f0bd11c1',14),
  ('1f38d016-fabc-40d0-bb98-d7a7f0bd11c1',3),
  ('1f38d016-fabc-40d0-bb98-d7a7f0bd11c1',6),
  ('1f38d016-fabc-40d0-bb98-d7a7f0bd11c1',10),
  ('1f38d016-fabc-40d0-bb98-d7a7f0bd11c1',12),
  ('78fa2982-362b-4703-86ab-12fbbfb1494a',13),
  ('78fa2982-362b-4703-86ab-12fbbfb1494a',3),
  ('78fa2982-362b-4703-86ab-12fbbfb1494a',8),
  ('78fa2982-362b-4703-86ab-12fbbfb1494a',9),
  ('07c8aec8-45ee-4a04-8cf4-047e894f9f93',8),
  ('07c8aec8-45ee-4a04-8cf4-047e894f9f93',5),
  ('07c8aec8-45ee-4a04-8cf4-047e894f9f93',15),
  ('07c8aec8-45ee-4a04-8cf4-047e894f9f93',1),
  ('07c8aec8-45ee-4a04-8cf4-047e894f9f93',2),
  ('07c8aec8-45ee-4a04-8cf4-047e894f9f93',7),
  ('e30717e9-6bfc-4f4d-990a-e2a196322307',8),
  ('e30717e9-6bfc-4f4d-990a-e2a196322307',4),
  ('e30717e9-6bfc-4f4d-990a-e2a196322307',14),
  ('e30717e9-6bfc-4f4d-990a-e2a196322307',10),
  ('e30717e9-6bfc-4f4d-990a-e2a196322307',6),
  ('e30717e9-6bfc-4f4d-990a-e2a196322307',1),
  ('e30717e9-6bfc-4f4d-990a-e2a196322307',12),
  ('2c2e65b6-ac85-4eeb-a9f2-6c29b06b763e',8),
  ('2c2e65b6-ac85-4eeb-a9f2-6c29b06b763e',10),
  ('2c2e65b6-ac85-4eeb-a9f2-6c29b06b763e',11),
  ('2c2e65b6-ac85-4eeb-a9f2-6c29b06b763e',13),
  ('2c2e65b6-ac85-4eeb-a9f2-6c29b06b763e',15),
  ('50afcbc3-b68d-4ecc-b9d9-eebedcb5bc20',9),
  ('50afcbc3-b68d-4ecc-b9d9-eebedcb5bc20',1),
  ('50afcbc3-b68d-4ecc-b9d9-eebedcb5bc20',2),
  ('50afcbc3-b68d-4ecc-b9d9-eebedcb5bc20',7),
  ('50afcbc3-b68d-4ecc-b9d9-eebedcb5bc20',3),
  ('8c2193a3-4951-43da-8fe3-9a2755194fe5',12),
  ('8c2193a3-4951-43da-8fe3-9a2755194fe5',6),
  ('8c2193a3-4951-43da-8fe3-9a2755194fe5',13),
  ('8c2193a3-4951-43da-8fe3-9a2755194fe5',7),
  ('8c2193a3-4951-43da-8fe3-9a2755194fe5',14),
  ('c735207c-190f-4c54-948a-a610e6b3c7aa',7),
  ('c735207c-190f-4c54-948a-a610e6b3c7aa',1),
  ('c735207c-190f-4c54-948a-a610e6b3c7aa',10),
  ('82a25648-01fd-41fd-809b-8f08aa400ddb',4),
  ('82a25648-01fd-41fd-809b-8f08aa400ddb',6),
  ('82a25648-01fd-41fd-809b-8f08aa400ddb',9),
  ('82a25648-01fd-41fd-809b-8f08aa400ddb',5),
  ('82a25648-01fd-41fd-809b-8f08aa400ddb',2),
  ('82a25648-01fd-41fd-809b-8f08aa400ddb',7),
  ('82a25648-01fd-41fd-809b-8f08aa400ddb',13),
  ('17429a4c-0a9d-4ab8-afac-27316ee718cc',13),
  ('17429a4c-0a9d-4ab8-afac-27316ee718cc',9),
  ('17429a4c-0a9d-4ab8-afac-27316ee718cc',5),
  ('17429a4c-0a9d-4ab8-afac-27316ee718cc',10),
  ('17429a4c-0a9d-4ab8-afac-27316ee718cc',11),
  ('17429a4c-0a9d-4ab8-afac-27316ee718cc',12),
  ('c1664b85-9e82-45d0-bde8-f3d5701c0243',3),
  ('c1664b85-9e82-45d0-bde8-f3d5701c0243',2),
  ('c1664b85-9e82-45d0-bde8-f3d5701c0243',7),
  ('a6186894-c3e9-4b9a-a0cf-65a31d87d3a0',13),
  ('a6186894-c3e9-4b9a-a0cf-65a31d87d3a0',6),
  ('a6186894-c3e9-4b9a-a0cf-65a31d87d3a0',9),
  ('a6186894-c3e9-4b9a-a0cf-65a31d87d3a0',14),
  ('a6186894-c3e9-4b9a-a0cf-65a31d87d3a0',3),
  ('11822530-61af-4dfe-86ac-8e551e205d04',10),
  ('11822530-61af-4dfe-86ac-8e551e205d04',9),
  ('11822530-61af-4dfe-86ac-8e551e205d04',7),
  ('11822530-61af-4dfe-86ac-8e551e205d04',14),
  ('554066e2-e08b-477a-98cc-4dc9f3b44d45',1),
  ('554066e2-e08b-477a-98cc-4dc9f3b44d45',15),
  ('554066e2-e08b-477a-98cc-4dc9f3b44d45',3),
  ('20739778-b9e8-4363-8d30-e0687c4adeab',6),
  ('20739778-b9e8-4363-8d30-e0687c4adeab',13),
  ('20739778-b9e8-4363-8d30-e0687c4adeab',8),
  ('20739778-b9e8-4363-8d30-e0687c4adeab',9),
  ('20739778-b9e8-4363-8d30-e0687c4adeab',14),
  ('20739778-b9e8-4363-8d30-e0687c4adeab',3),
  ('20739778-b9e8-4363-8d30-e0687c4adeab',12),
  ('20739778-b9e8-4363-8d30-e0687c4adeab',10),
  ('dd98ce7f-9ef8-462c-9678-c140c2a47cbc',15),
  ('dd98ce7f-9ef8-462c-9678-c140c2a47cbc',10),
  ('dd98ce7f-9ef8-462c-9678-c140c2a47cbc',6),
  ('dd98ce7f-9ef8-462c-9678-c140c2a47cbc',3),
  ('dd98ce7f-9ef8-462c-9678-c140c2a47cbc',7),
  ('877c6664-f3f8-4a42-8ef8-3a928bf8adb1',12),
  ('877c6664-f3f8-4a42-8ef8-3a928bf8adb1',14),
  ('877c6664-f3f8-4a42-8ef8-3a928bf8adb1',5),
  ('877c6664-f3f8-4a42-8ef8-3a928bf8adb1',10),
  ('877c6664-f3f8-4a42-8ef8-3a928bf8adb1',6),
  ('877c6664-f3f8-4a42-8ef8-3a928bf8adb1',9),
  ('877c6664-f3f8-4a42-8ef8-3a928bf8adb1',15),
  ('b52e1e40-021f-4756-83f4-73e44e1d426c',8),
  ('b52e1e40-021f-4756-83f4-73e44e1d426c',12),
  ('b52e1e40-021f-4756-83f4-73e44e1d426c',10),
  ('b52e1e40-021f-4756-83f4-73e44e1d426c',5),
  ('b52e1e40-021f-4756-83f4-73e44e1d426c',15),
  ('b52e1e40-021f-4756-83f4-73e44e1d426c',1),
  ('b52e1e40-021f-4756-83f4-73e44e1d426c',6),
  ('60ed4506-ea82-4f47-b72c-ca0667abda5c',11),
  ('60ed4506-ea82-4f47-b72c-ca0667abda5c',2),
  ('60ed4506-ea82-4f47-b72c-ca0667abda5c',7),
  ('60ed4506-ea82-4f47-b72c-ca0667abda5c',10),
  ('60ed4506-ea82-4f47-b72c-ca0667abda5c',5),
  ('03a852c2-77ca-4f97-ac5f-1b130a1e77fa',14),
  ('03a852c2-77ca-4f97-ac5f-1b130a1e77fa',12),
  ('03a852c2-77ca-4f97-ac5f-1b130a1e77fa',11),
  ('03a852c2-77ca-4f97-ac5f-1b130a1e77fa',1),
  ('03a852c2-77ca-4f97-ac5f-1b130a1e77fa',10),
  ('03a852c2-77ca-4f97-ac5f-1b130a1e77fa',8),
  ('03a852c2-77ca-4f97-ac5f-1b130a1e77fa',5),
  ('03a852c2-77ca-4f97-ac5f-1b130a1e77fa',4),
  ('aae599cb-1de9-4bbd-8268-d09f6f55e1b3',1),
  ('aae599cb-1de9-4bbd-8268-d09f6f55e1b3',10),
  ('aae599cb-1de9-4bbd-8268-d09f6f55e1b3',8),
  ('aae599cb-1de9-4bbd-8268-d09f6f55e1b3',3),
  ('aae599cb-1de9-4bbd-8268-d09f6f55e1b3',9),
  ('aae599cb-1de9-4bbd-8268-d09f6f55e1b3',14),
  ('aae599cb-1de9-4bbd-8268-d09f6f55e1b3',7),
  ('aae599cb-1de9-4bbd-8268-d09f6f55e1b3',12),
  ('e8dd518b-9626-471e-9db7-fe480cba6277',4),
  ('e8dd518b-9626-471e-9db7-fe480cba6277',1),
  ('e8dd518b-9626-471e-9db7-fe480cba6277',10),
  ('e8dd518b-9626-471e-9db7-fe480cba6277',12),
  ('e8dd518b-9626-471e-9db7-fe480cba6277',2),
  ('e8dd518b-9626-471e-9db7-fe480cba6277',15),
  ('e8dd518b-9626-471e-9db7-fe480cba6277',14),
  ('e8dd518b-9626-471e-9db7-fe480cba6277',8),
  ('3f31be5e-9857-4c8a-9313-f1ed118d2dfc',7),
  ('3f31be5e-9857-4c8a-9313-f1ed118d2dfc',3),
  ('3f31be5e-9857-4c8a-9313-f1ed118d2dfc',15),
  ('3f31be5e-9857-4c8a-9313-f1ed118d2dfc',12),
  ('3f31be5e-9857-4c8a-9313-f1ed118d2dfc',4),
  ('87bc47aa-3a71-4d32-bc89-95a7bfde7590',9),
  ('87bc47aa-3a71-4d32-bc89-95a7bfde7590',13),
  ('87bc47aa-3a71-4d32-bc89-95a7bfde7590',10),
  ('87bc47aa-3a71-4d32-bc89-95a7bfde7590',8),
  ('87bc47aa-3a71-4d32-bc89-95a7bfde7590',1),
  ('87bc47aa-3a71-4d32-bc89-95a7bfde7590',3),
  ('af21b5ec-f5f7-443d-bcfa-9fc56f003066',4),
  ('af21b5ec-f5f7-443d-bcfa-9fc56f003066',9),
  ('af21b5ec-f5f7-443d-bcfa-9fc56f003066',6),
  ('af21b5ec-f5f7-443d-bcfa-9fc56f003066',11),
  ('af21b5ec-f5f7-443d-bcfa-9fc56f003066',8),
  ('af21b5ec-f5f7-443d-bcfa-9fc56f003066',14),
  ('af21b5ec-f5f7-443d-bcfa-9fc56f003066',7),
  ('c476c798-3f30-4ea0-b7ae-98ee11e166e1',3),
  ('c476c798-3f30-4ea0-b7ae-98ee11e166e1',8),
  ('c476c798-3f30-4ea0-b7ae-98ee11e166e1',9),
  ('c476c798-3f30-4ea0-b7ae-98ee11e166e1',6),
  ('c476c798-3f30-4ea0-b7ae-98ee11e166e1',13),
  ('3659ad3b-ccd4-4105-a3ea-bf2cc2452484',11),
  ('3659ad3b-ccd4-4105-a3ea-bf2cc2452484',13),
  ('3659ad3b-ccd4-4105-a3ea-bf2cc2452484',12),
  ('3659ad3b-ccd4-4105-a3ea-bf2cc2452484',15),
  ('3659ad3b-ccd4-4105-a3ea-bf2cc2452484',14),
  ('fe883555-8bc3-49ea-a1da-16a3d041f032',5),
  ('fe883555-8bc3-49ea-a1da-16a3d041f032',10),
  ('fe883555-8bc3-49ea-a1da-16a3d041f032',8),
  ('fe883555-8bc3-49ea-a1da-16a3d041f032',4),
  ('fe883555-8bc3-49ea-a1da-16a3d041f032',12),
  ('fe883555-8bc3-49ea-a1da-16a3d041f032',15),
  ('fe883555-8bc3-49ea-a1da-16a3d041f032',9),
  ('fe883555-8bc3-49ea-a1da-16a3d041f032',14),
  ('c9d302ae-1f1a-48db-8bad-f0a70d194992',5),
  ('c9d302ae-1f1a-48db-8bad-f0a70d194992',13),
  ('c9d302ae-1f1a-48db-8bad-f0a70d194992',15),
  ('c9d302ae-1f1a-48db-8bad-f0a70d194992',12),
  ('d7f30540-8b2a-448d-be3a-7d3e37017d79',12),
  ('d7f30540-8b2a-448d-be3a-7d3e37017d79',15),
  ('d7f30540-8b2a-448d-be3a-7d3e37017d79',8),
  ('d7f30540-8b2a-448d-be3a-7d3e37017d79',6),
  ('8f240436-3cde-4776-adc6-a615b71f4e1d',6),
  ('8f240436-3cde-4776-adc6-a615b71f4e1d',9),
  ('8f240436-3cde-4776-adc6-a615b71f4e1d',13),
  ('8f240436-3cde-4776-adc6-a615b71f4e1d',12),
  ('8f240436-3cde-4776-adc6-a615b71f4e1d',5),
  ('8f240436-3cde-4776-adc6-a615b71f4e1d',11),
  ('983de19c-d5f4-40d2-9387-e49d92022e58',10),
  ('983de19c-d5f4-40d2-9387-e49d92022e58',11),
  ('983de19c-d5f4-40d2-9387-e49d92022e58',9),
  ('19eeea3f-2a45-4492-9dd0-d939b0471b0d',15),
  ('19eeea3f-2a45-4492-9dd0-d939b0471b0d',7),
  ('19eeea3f-2a45-4492-9dd0-d939b0471b0d',6),
  ('19eeea3f-2a45-4492-9dd0-d939b0471b0d',3),
  ('19eeea3f-2a45-4492-9dd0-d939b0471b0d',5),
  ('19eeea3f-2a45-4492-9dd0-d939b0471b0d',1),
  ('24cc6731-89cd-41dc-b3b4-0794680c805b',12),
  ('24cc6731-89cd-41dc-b3b4-0794680c805b',2),
  ('24cc6731-89cd-41dc-b3b4-0794680c805b',6),
  ('24cc6731-89cd-41dc-b3b4-0794680c805b',8),
  ('24cc6731-89cd-41dc-b3b4-0794680c805b',11),
  ('c689756e-1c26-4303-a485-4ccd6e456db2',12),
  ('c689756e-1c26-4303-a485-4ccd6e456db2',8),
  ('c689756e-1c26-4303-a485-4ccd6e456db2',4),
  ('c689756e-1c26-4303-a485-4ccd6e456db2',13),
  ('c689756e-1c26-4303-a485-4ccd6e456db2',9),
  ('f4a451ac-a607-4a35-ba36-ff022010d7dc',15),
  ('f4a451ac-a607-4a35-ba36-ff022010d7dc',9),
  ('f4a451ac-a607-4a35-ba36-ff022010d7dc',12),
  ('f4a451ac-a607-4a35-ba36-ff022010d7dc',5),
  ('f4a451ac-a607-4a35-ba36-ff022010d7dc',3),
  ('10159f8c-5652-4188-9730-f8d2971b314b',10),
  ('10159f8c-5652-4188-9730-f8d2971b314b',12),
  ('10159f8c-5652-4188-9730-f8d2971b314b',15),
  ('32620c46-d793-491a-96ba-5e259dffb20d',4),
  ('32620c46-d793-491a-96ba-5e259dffb20d',1),
  ('32620c46-d793-491a-96ba-5e259dffb20d',11),
  ('32620c46-d793-491a-96ba-5e259dffb20d',9),
  ('5a1512d7-ea56-4c62-b1e8-251d0fc45bcd',11),
  ('5a1512d7-ea56-4c62-b1e8-251d0fc45bcd',4),
  ('5a1512d7-ea56-4c62-b1e8-251d0fc45bcd',1),
  ('5a1512d7-ea56-4c62-b1e8-251d0fc45bcd',2),
  ('504a1e31-5358-4768-9cb1-1a38c93b5bab',6),
  ('504a1e31-5358-4768-9cb1-1a38c93b5bab',12),
  ('504a1e31-5358-4768-9cb1-1a38c93b5bab',8),
  ('504a1e31-5358-4768-9cb1-1a38c93b5bab',2),
  ('504a1e31-5358-4768-9cb1-1a38c93b5bab',11),
  ('504a1e31-5358-4768-9cb1-1a38c93b5bab',3),
  ('6a546076-8ed8-4355-89a9-27540fcbd8f7',9),
  ('6a546076-8ed8-4355-89a9-27540fcbd8f7',3),
  ('6a546076-8ed8-4355-89a9-27540fcbd8f7',7),
  ('04307b79-0de2-4c8a-9ead-b4b0d99252af',15),
  ('04307b79-0de2-4c8a-9ead-b4b0d99252af',8),
  ('04307b79-0de2-4c8a-9ead-b4b0d99252af',14),
  ('04307b79-0de2-4c8a-9ead-b4b0d99252af',11),
  ('04307b79-0de2-4c8a-9ead-b4b0d99252af',4),
  ('04307b79-0de2-4c8a-9ead-b4b0d99252af',5),
  ('04307b79-0de2-4c8a-9ead-b4b0d99252af',6),
  ('04307b79-0de2-4c8a-9ead-b4b0d99252af',10),
  ('cce5ecc0-8fc4-4c63-b288-4a2246d84b27',1),
  ('cce5ecc0-8fc4-4c63-b288-4a2246d84b27',13),
  ('cce5ecc0-8fc4-4c63-b288-4a2246d84b27',2),
  ('cce5ecc0-8fc4-4c63-b288-4a2246d84b27',11),
  ('cce5ecc0-8fc4-4c63-b288-4a2246d84b27',10),
  ('cce5ecc0-8fc4-4c63-b288-4a2246d84b27',4),
  ('cce5ecc0-8fc4-4c63-b288-4a2246d84b27',9),
  ('cce5ecc0-8fc4-4c63-b288-4a2246d84b27',15),
  ('b35038c3-6f94-4c9f-bcb8-3ff2b4f0d0c4',7),
  ('b35038c3-6f94-4c9f-bcb8-3ff2b4f0d0c4',14),
  ('b35038c3-6f94-4c9f-bcb8-3ff2b4f0d0c4',3),
  ('b35038c3-6f94-4c9f-bcb8-3ff2b4f0d0c4',1),
  ('a91170a8-7c1e-4ec8-ab94-7c0c1d85a5a1',13),
  ('a91170a8-7c1e-4ec8-ab94-7c0c1d85a5a1',8),
  ('a91170a8-7c1e-4ec8-ab94-7c0c1d85a5a1',3),
  ('a91170a8-7c1e-4ec8-ab94-7c0c1d85a5a1',12),
  ('a91170a8-7c1e-4ec8-ab94-7c0c1d85a5a1',5),
  ('a91170a8-7c1e-4ec8-ab94-7c0c1d85a5a1',1),
  ('30395760-2181-48d5-bfeb-b2146346cc3f',5),
  ('30395760-2181-48d5-bfeb-b2146346cc3f',10),
  ('30395760-2181-48d5-bfeb-b2146346cc3f',14),
  ('115a5826-8860-4f9b-8c1a-454b668d13cb',15),
  ('115a5826-8860-4f9b-8c1a-454b668d13cb',6),
  ('115a5826-8860-4f9b-8c1a-454b668d13cb',5),
  ('902dec74-917a-4096-b280-3aa71f80a41b',11),
  ('902dec74-917a-4096-b280-3aa71f80a41b',9),
  ('902dec74-917a-4096-b280-3aa71f80a41b',14),
  ('902dec74-917a-4096-b280-3aa71f80a41b',8),
  ('902dec74-917a-4096-b280-3aa71f80a41b',3),
  ('902dec74-917a-4096-b280-3aa71f80a41b',13),
  ('ebcc6c52-d217-4365-8b5e-2789391e511e',5),
  ('ebcc6c52-d217-4365-8b5e-2789391e511e',4),
  ('ebcc6c52-d217-4365-8b5e-2789391e511e',13),
  ('ebcc6c52-d217-4365-8b5e-2789391e511e',2),
  ('ebcc6c52-d217-4365-8b5e-2789391e511e',6),
  ('ebcc6c52-d217-4365-8b5e-2789391e511e',3),
  ('bde4f9b5-6f78-46dd-8426-ff7d0e9e4708',8),
  ('bde4f9b5-6f78-46dd-8426-ff7d0e9e4708',11),
  ('bde4f9b5-6f78-46dd-8426-ff7d0e9e4708',5),
  ('bde4f9b5-6f78-46dd-8426-ff7d0e9e4708',12),
  ('bde4f9b5-6f78-46dd-8426-ff7d0e9e4708',3),
  ('bde4f9b5-6f78-46dd-8426-ff7d0e9e4708',1),
  ('bde4f9b5-6f78-46dd-8426-ff7d0e9e4708',6),
  ('bde4f9b5-6f78-46dd-8426-ff7d0e9e4708',13),
  ('fbca94bd-0155-406f-8033-84bb1f4ae5c9',11),
  ('fbca94bd-0155-406f-8033-84bb1f4ae5c9',13),
  ('fbca94bd-0155-406f-8033-84bb1f4ae5c9',4),
  ('fbca94bd-0155-406f-8033-84bb1f4ae5c9',3),
  ('fbca94bd-0155-406f-8033-84bb1f4ae5c9',10),
  ('fbca94bd-0155-406f-8033-84bb1f4ae5c9',7),
  ('fbca94bd-0155-406f-8033-84bb1f4ae5c9',15),
  ('d8c0821c-b5d4-45cc-85bc-e91094848a63',6),
  ('d8c0821c-b5d4-45cc-85bc-e91094848a63',2),
  ('d8c0821c-b5d4-45cc-85bc-e91094848a63',7),
  ('d8c0821c-b5d4-45cc-85bc-e91094848a63',11),
  ('d8c0821c-b5d4-45cc-85bc-e91094848a63',14),
  ('d8c0821c-b5d4-45cc-85bc-e91094848a63',3),
  ('d8c0821c-b5d4-45cc-85bc-e91094848a63',10),
  ('c59db587-b206-4838-a1b3-66aab95a890f',6),
  ('c59db587-b206-4838-a1b3-66aab95a890f',4),
  ('c59db587-b206-4838-a1b3-66aab95a890f',1),
  ('c59db587-b206-4838-a1b3-66aab95a890f',5),
  ('c59db587-b206-4838-a1b3-66aab95a890f',7),
  ('c59db587-b206-4838-a1b3-66aab95a890f',14),
  ('32041676-0421-4c7d-8515-e71c16833bd4',13),
  ('32041676-0421-4c7d-8515-e71c16833bd4',5),
  ('32041676-0421-4c7d-8515-e71c16833bd4',6),
  ('32041676-0421-4c7d-8515-e71c16833bd4',14),
  ('32041676-0421-4c7d-8515-e71c16833bd4',10),
  ('32041676-0421-4c7d-8515-e71c16833bd4',11),
  ('1b10228c-1a33-4d55-822d-a067152e4970',5),
  ('1b10228c-1a33-4d55-822d-a067152e4970',11),
  ('1b10228c-1a33-4d55-822d-a067152e4970',6),
  ('79161b9c-f59d-49c1-b30b-faa402b78579',4),
  ('79161b9c-f59d-49c1-b30b-faa402b78579',1),
  ('79161b9c-f59d-49c1-b30b-faa402b78579',11),
  ('79161b9c-f59d-49c1-b30b-faa402b78579',2),
  ('79161b9c-f59d-49c1-b30b-faa402b78579',8),
  ('79161b9c-f59d-49c1-b30b-faa402b78579',5),
  ('79161b9c-f59d-49c1-b30b-faa402b78579',3),
  ('79161b9c-f59d-49c1-b30b-faa402b78579',7),
  ('ad63b934-de01-4660-b192-12448a904749',9),
  ('ad63b934-de01-4660-b192-12448a904749',12),
  ('ad63b934-de01-4660-b192-12448a904749',13),
  ('ad63b934-de01-4660-b192-12448a904749',5),
  ('ad63b934-de01-4660-b192-12448a904749',2),
  ('ad63b934-de01-4660-b192-12448a904749',14),
  ('ad63b934-de01-4660-b192-12448a904749',6),
  ('ad63b934-de01-4660-b192-12448a904749',4),
  ('cc2b885f-4aef-439f-9f66-f2bec659cf27',3),
  ('cc2b885f-4aef-439f-9f66-f2bec659cf27',8),
  ('cc2b885f-4aef-439f-9f66-f2bec659cf27',15),
  ('cc2b885f-4aef-439f-9f66-f2bec659cf27',14),
  ('7d940a80-68d6-4b0e-bc8f-82f3a3f63658',10),
  ('7d940a80-68d6-4b0e-bc8f-82f3a3f63658',6),
  ('7d940a80-68d6-4b0e-bc8f-82f3a3f63658',7),
  ('7d940a80-68d6-4b0e-bc8f-82f3a3f63658',12),
  ('7d940a80-68d6-4b0e-bc8f-82f3a3f63658',9),
  ('7d940a80-68d6-4b0e-bc8f-82f3a3f63658',8),
  ('7d940a80-68d6-4b0e-bc8f-82f3a3f63658',11),
  ('7d940a80-68d6-4b0e-bc8f-82f3a3f63658',4),
  ('b91b2250-c232-46a8-b8b3-50103cf05a03',11),
  ('b91b2250-c232-46a8-b8b3-50103cf05a03',13),
  ('b91b2250-c232-46a8-b8b3-50103cf05a03',10),
  ('b91b2250-c232-46a8-b8b3-50103cf05a03',2),
  ('5cd2fec3-4850-4bf8-9102-e1e62134432e',8),
  ('5cd2fec3-4850-4bf8-9102-e1e62134432e',9),
  ('5cd2fec3-4850-4bf8-9102-e1e62134432e',12),
  ('5cd2fec3-4850-4bf8-9102-e1e62134432e',6),
  ('5cd2fec3-4850-4bf8-9102-e1e62134432e',2),
  ('5cd2fec3-4850-4bf8-9102-e1e62134432e',10),
  ('5cd2fec3-4850-4bf8-9102-e1e62134432e',11),
  ('e2d863e4-63e5-4c2c-824d-0331fa184abd',14),
  ('e2d863e4-63e5-4c2c-824d-0331fa184abd',9),
  ('e2d863e4-63e5-4c2c-824d-0331fa184abd',15),
  ('9ecc0065-7553-49fe-9dcf-a6fc14d16a98',10),
  ('9ecc0065-7553-49fe-9dcf-a6fc14d16a98',9),
  ('9ecc0065-7553-49fe-9dcf-a6fc14d16a98',3),
  ('9ecc0065-7553-49fe-9dcf-a6fc14d16a98',13),
  ('2b2aefcc-3692-4fb1-ab87-11beffc51948',14),
  ('2b2aefcc-3692-4fb1-ab87-11beffc51948',9),
  ('2b2aefcc-3692-4fb1-ab87-11beffc51948',8),
  ('2b2aefcc-3692-4fb1-ab87-11beffc51948',2),
  ('2b2aefcc-3692-4fb1-ab87-11beffc51948',11),
  ('b444ccaf-3fe7-43a7-ab47-193819a373e0',12),
  ('b444ccaf-3fe7-43a7-ab47-193819a373e0',10),
  ('b444ccaf-3fe7-43a7-ab47-193819a373e0',8),
  ('b444ccaf-3fe7-43a7-ab47-193819a373e0',2),
  ('ebf2bf78-203c-4dd6-91c9-b6040671c9a7',8),
  ('ebf2bf78-203c-4dd6-91c9-b6040671c9a7',13),
  ('ebf2bf78-203c-4dd6-91c9-b6040671c9a7',1),
  ('ebf2bf78-203c-4dd6-91c9-b6040671c9a7',15),
  ('ebf2bf78-203c-4dd6-91c9-b6040671c9a7',3),
  ('ebf2bf78-203c-4dd6-91c9-b6040671c9a7',9),
  ('ebf2bf78-203c-4dd6-91c9-b6040671c9a7',7),
  ('ca949d15-9e88-4e45-bf83-cf332763f2b2',10),
  ('ca949d15-9e88-4e45-bf83-cf332763f2b2',1),
  ('ca949d15-9e88-4e45-bf83-cf332763f2b2',9),
  ('ca949d15-9e88-4e45-bf83-cf332763f2b2',8),
  ('ca949d15-9e88-4e45-bf83-cf332763f2b2',11),
  ('ca949d15-9e88-4e45-bf83-cf332763f2b2',5),
  ('482ec36b-53c6-4c85-848a-a8bc5b53ec66',1),
  ('482ec36b-53c6-4c85-848a-a8bc5b53ec66',7),
  ('482ec36b-53c6-4c85-848a-a8bc5b53ec66',5),
  ('482ec36b-53c6-4c85-848a-a8bc5b53ec66',15),
  ('482ec36b-53c6-4c85-848a-a8bc5b53ec66',4),
  ('482ec36b-53c6-4c85-848a-a8bc5b53ec66',10),
  ('482ec36b-53c6-4c85-848a-a8bc5b53ec66',2),
  ('482ec36b-53c6-4c85-848a-a8bc5b53ec66',12),
  ('9a6d802b-6e3b-47f9-87b8-b35fff0393ec',6),
  ('9a6d802b-6e3b-47f9-87b8-b35fff0393ec',12),
  ('9a6d802b-6e3b-47f9-87b8-b35fff0393ec',2),
  ('9a6d802b-6e3b-47f9-87b8-b35fff0393ec',9),
  ('9a6d802b-6e3b-47f9-87b8-b35fff0393ec',1),
  ('9a6d802b-6e3b-47f9-87b8-b35fff0393ec',13),
  ('578a2769-00f1-497c-a8c5-510bc94cff9f',1),
  ('578a2769-00f1-497c-a8c5-510bc94cff9f',5),
  ('578a2769-00f1-497c-a8c5-510bc94cff9f',7),
  ('578a2769-00f1-497c-a8c5-510bc94cff9f',3),
  ('578a2769-00f1-497c-a8c5-510bc94cff9f',12),
  ('578a2769-00f1-497c-a8c5-510bc94cff9f',13),
  ('0a80abfd-ddd9-40b1-97eb-8f0b5a913b28',15),
  ('0a80abfd-ddd9-40b1-97eb-8f0b5a913b28',7),
  ('0a80abfd-ddd9-40b1-97eb-8f0b5a913b28',8),
  ('0a80abfd-ddd9-40b1-97eb-8f0b5a913b28',14),
  ('0a80abfd-ddd9-40b1-97eb-8f0b5a913b28',12),
  ('5197a005-e931-4e0e-8f46-d4fdc96c95bb',11),
  ('5197a005-e931-4e0e-8f46-d4fdc96c95bb',15),
  ('5197a005-e931-4e0e-8f46-d4fdc96c95bb',9),
  ('57d51e93-ba08-43cd-9b3c-92e43341a444',11),
  ('57d51e93-ba08-43cd-9b3c-92e43341a444',14),
  ('57d51e93-ba08-43cd-9b3c-92e43341a444',6),
  ('57d51e93-ba08-43cd-9b3c-92e43341a444',2),
  ('af2f5fa4-da08-4295-9114-9cd094b6ddb3',9),
  ('af2f5fa4-da08-4295-9114-9cd094b6ddb3',7),
  ('af2f5fa4-da08-4295-9114-9cd094b6ddb3',15),
  ('af2f5fa4-da08-4295-9114-9cd094b6ddb3',3),
  ('c8a6d265-d4d8-4dd5-b14e-99d8ce87da65',4),
  ('c8a6d265-d4d8-4dd5-b14e-99d8ce87da65',14),
  ('c8a6d265-d4d8-4dd5-b14e-99d8ce87da65',1),
  ('c8a6d265-d4d8-4dd5-b14e-99d8ce87da65',13),
  ('c8a6d265-d4d8-4dd5-b14e-99d8ce87da65',5),
  ('c8a6d265-d4d8-4dd5-b14e-99d8ce87da65',8),
  ('c8a6d265-d4d8-4dd5-b14e-99d8ce87da65',9),
  ('c8a6d265-d4d8-4dd5-b14e-99d8ce87da65',7),
  ('947471fb-0c39-45c8-ac95-81ce460eeaf6',7),
  ('947471fb-0c39-45c8-ac95-81ce460eeaf6',14),
  ('947471fb-0c39-45c8-ac95-81ce460eeaf6',4),
  ('947471fb-0c39-45c8-ac95-81ce460eeaf6',13),
  ('947471fb-0c39-45c8-ac95-81ce460eeaf6',8),
  ('947471fb-0c39-45c8-ac95-81ce460eeaf6',6),
  ('947471fb-0c39-45c8-ac95-81ce460eeaf6',3),
  ('35bd39df-0e73-43bf-a92b-b8dad399e1dc',4),
  ('35bd39df-0e73-43bf-a92b-b8dad399e1dc',12),
  ('35bd39df-0e73-43bf-a92b-b8dad399e1dc',13),
  ('35bd39df-0e73-43bf-a92b-b8dad399e1dc',2),
  ('35bd39df-0e73-43bf-a92b-b8dad399e1dc',1),
  ('b1ec203d-5d72-45dc-a14c-2ba0fa13872e',7),
  ('b1ec203d-5d72-45dc-a14c-2ba0fa13872e',10),
  ('b1ec203d-5d72-45dc-a14c-2ba0fa13872e',13),
  ('b1ec203d-5d72-45dc-a14c-2ba0fa13872e',1),
  ('b1ec203d-5d72-45dc-a14c-2ba0fa13872e',4),
  ('b1ec203d-5d72-45dc-a14c-2ba0fa13872e',11),
  ('b1ec203d-5d72-45dc-a14c-2ba0fa13872e',2),
  ('b1ec203d-5d72-45dc-a14c-2ba0fa13872e',9),
  ('e2a6316a-8632-4e13-b906-f8d89d977cfe',1),
  ('e2a6316a-8632-4e13-b906-f8d89d977cfe',8),
  ('e2a6316a-8632-4e13-b906-f8d89d977cfe',10),
  ('e2a6316a-8632-4e13-b906-f8d89d977cfe',11),
  ('e2a6316a-8632-4e13-b906-f8d89d977cfe',15),
  ('e2a6316a-8632-4e13-b906-f8d89d977cfe',4),
  ('e2a6316a-8632-4e13-b906-f8d89d977cfe',12),
  ('e881d8c5-26c8-489a-a096-ec1c7a5ca94e',8),
  ('e881d8c5-26c8-489a-a096-ec1c7a5ca94e',4),
  ('e881d8c5-26c8-489a-a096-ec1c7a5ca94e',9),
  ('e881d8c5-26c8-489a-a096-ec1c7a5ca94e',14),
  ('e881d8c5-26c8-489a-a096-ec1c7a5ca94e',1),
  ('e881d8c5-26c8-489a-a096-ec1c7a5ca94e',3),
  ('dd6e9b7f-d9f2-4efe-88b1-d657483c33b4',5),
  ('dd6e9b7f-d9f2-4efe-88b1-d657483c33b4',4),
  ('dd6e9b7f-d9f2-4efe-88b1-d657483c33b4',12),
  ('dd6e9b7f-d9f2-4efe-88b1-d657483c33b4',10),
  ('dd6e9b7f-d9f2-4efe-88b1-d657483c33b4',6),
  ('dd6e9b7f-d9f2-4efe-88b1-d657483c33b4',13),
  ('dd6e9b7f-d9f2-4efe-88b1-d657483c33b4',11),
  ('eaaf7283-4fb8-4b85-b8d6-9f3b4654a693',5),
  ('eaaf7283-4fb8-4b85-b8d6-9f3b4654a693',3),
  ('eaaf7283-4fb8-4b85-b8d6-9f3b4654a693',11),
  ('eaaf7283-4fb8-4b85-b8d6-9f3b4654a693',9),
  ('25507fff-072c-474b-83a0-6b859b2a3cc1',7),
  ('25507fff-072c-474b-83a0-6b859b2a3cc1',5),
  ('25507fff-072c-474b-83a0-6b859b2a3cc1',14),
  ('25507fff-072c-474b-83a0-6b859b2a3cc1',1);

-- ROOM_IMAGES
INSERT INTO `ROOM_IMAGES` (uuid,room_id,image_url,is_primary,sort_order,created_at) VALUES
  ('e1cdbe82-a000-41de-8a29-2251b8c73984','d31d0af4-d151-4d44-ab45-8140192d0343','https://picsum.photos/seed/d31d0af40/800/600',1,0,'2025-11-17 06:35:38'),
  ('08469c99-3eb7-48e6-9a69-3fa6c8640681','d31d0af4-d151-4d44-ab45-8140192d0343','https://picsum.photos/seed/d31d0af41/800/600',0,1,'2025-09-12 06:35:38'),
  ('bdc7654c-7bda-4db9-88e9-c2c4f855d277','d31d0af4-d151-4d44-ab45-8140192d0343','https://picsum.photos/seed/d31d0af42/800/600',0,2,'2025-10-13 06:35:38'),
  ('6cdcdefd-adef-4d5c-9cd8-56093536f7b3','2b2a7851-bffb-4191-af4e-8417074dbabd','https://picsum.photos/seed/2b2a78510/800/600',1,0,'2025-12-29 06:35:38'),
  ('b9521eda-dbf9-4310-a321-1c60e6b656e7','2b2a7851-bffb-4191-af4e-8417074dbabd','https://picsum.photos/seed/2b2a78511/800/600',0,1,'2025-12-10 06:35:38'),
  ('5253c3d1-8644-42df-84c8-b708168dd742','09d89686-5deb-45ee-bb3c-4de98fef4eaa','https://picsum.photos/seed/09d896860/800/600',1,0,'2025-11-22 06:35:38'),
  ('db588cf0-deca-4207-990a-36404dfc18c6','09d89686-5deb-45ee-bb3c-4de98fef4eaa','https://picsum.photos/seed/09d896861/800/600',0,1,'2025-11-26 06:35:38'),
  ('d4071060-dd5e-48b7-b4ab-66d19126cec2','09d89686-5deb-45ee-bb3c-4de98fef4eaa','https://picsum.photos/seed/09d896862/800/600',0,2,'2026-04-08 06:35:38'),
  ('129a005d-2f50-41b0-9f02-868e98be9c69','09d89686-5deb-45ee-bb3c-4de98fef4eaa','https://picsum.photos/seed/09d896863/800/600',0,3,'2026-01-21 06:35:38'),
  ('3b322dfd-7ed9-4c8b-b3c9-e23ecc5e2a29','dccae1c8-1f6e-4143-917f-a099f86eb545','https://picsum.photos/seed/dccae1c80/800/600',1,0,'2026-03-21 06:35:38'),
  ('6b705398-b035-403b-94b0-e8af82fb1153','dccae1c8-1f6e-4143-917f-a099f86eb545','https://picsum.photos/seed/dccae1c81/800/600',0,1,'2025-09-21 06:35:38'),
  ('0fc12a6e-642d-4903-90eb-ba68128f8548','dccae1c8-1f6e-4143-917f-a099f86eb545','https://picsum.photos/seed/dccae1c82/800/600',0,2,'2025-10-24 06:35:38'),
  ('45cfe0a3-a878-4bd0-9a20-742e2c2070f8','dccae1c8-1f6e-4143-917f-a099f86eb545','https://picsum.photos/seed/dccae1c83/800/600',0,3,'2026-02-20 06:35:38'),
  ('a275f74f-a3ae-4ee9-8796-3873c08fecf3','dccae1c8-1f6e-4143-917f-a099f86eb545','https://picsum.photos/seed/dccae1c84/800/600',0,4,'2026-02-28 06:35:38'),
  ('a2610fd2-3675-42d5-904a-34f860b22446','5dc7f18a-2812-4930-976f-ddc3b9784700','https://picsum.photos/seed/5dc7f18a0/800/600',1,0,'2026-04-11 06:35:38'),
  ('bc7cdd65-2846-4f42-b532-4ade4c4f68df','5dc7f18a-2812-4930-976f-ddc3b9784700','https://picsum.photos/seed/5dc7f18a1/800/600',0,1,'2025-10-29 06:35:38'),
  ('29282421-9e34-46a1-b0e3-e2744e6923b5','5dc7f18a-2812-4930-976f-ddc3b9784700','https://picsum.photos/seed/5dc7f18a2/800/600',0,2,'2026-05-25 06:35:38'),
  ('b344928f-c2a8-4357-8886-9b2b03e51434','5dc7f18a-2812-4930-976f-ddc3b9784700','https://picsum.photos/seed/5dc7f18a3/800/600',0,3,'2025-09-09 06:35:38'),
  ('45dcf273-d94d-41db-822f-f83e2eff9ebb','3c5b3fee-5998-4f69-9f21-ba52dff18a60','https://picsum.photos/seed/3c5b3fee0/800/600',1,0,'2025-11-22 06:35:38'),
  ('daaa117e-363b-4dff-9f93-cebfd5182d1f','3c5b3fee-5998-4f69-9f21-ba52dff18a60','https://picsum.photos/seed/3c5b3fee1/800/600',0,1,'2025-09-11 06:35:38'),
  ('85478d0e-94a5-4977-9f85-46d5ca4cb227','3c5b3fee-5998-4f69-9f21-ba52dff18a60','https://picsum.photos/seed/3c5b3fee2/800/600',0,2,'2025-09-25 06:35:38'),
  ('28555f27-622d-4dce-b06c-65e1fcbc2245','3c5b3fee-5998-4f69-9f21-ba52dff18a60','https://picsum.photos/seed/3c5b3fee3/800/600',0,3,'2026-04-16 06:35:38'),
  ('66490d5d-3c32-4a25-94f5-49babe4961b2','3c5b3fee-5998-4f69-9f21-ba52dff18a60','https://picsum.photos/seed/3c5b3fee4/800/600',0,4,'2025-12-07 06:35:38'),
  ('97238534-c324-4cdf-b665-8a352d503571','723ec80e-6dc9-4732-aeeb-ab8de7eab109','https://picsum.photos/seed/723ec80e0/800/600',1,0,'2026-02-13 06:35:38'),
  ('6992b77e-d054-4ed0-89f7-105bb37fb3ee','723ec80e-6dc9-4732-aeeb-ab8de7eab109','https://picsum.photos/seed/723ec80e1/800/600',0,1,'2026-03-11 06:35:38'),
  ('719f304f-5574-4643-8fbd-c95a6f7c776c','723ec80e-6dc9-4732-aeeb-ab8de7eab109','https://picsum.photos/seed/723ec80e2/800/600',0,2,'2026-01-05 06:35:38'),
  ('89c4a19b-8f6d-4974-a396-b16858aad38e','b6638a7d-e578-45f9-8715-2828ebbec108','https://picsum.photos/seed/b6638a7d0/800/600',1,0,'2025-11-05 06:35:38'),
  ('31fd7e3d-c1e5-484e-b34d-8cb617864c52','b6638a7d-e578-45f9-8715-2828ebbec108','https://picsum.photos/seed/b6638a7d1/800/600',0,1,'2025-12-16 06:35:38'),
  ('d3ba377b-775c-40d5-836f-08592bc79978','753aa67c-f5ce-48b6-96f3-e4d2a64ace94','https://picsum.photos/seed/753aa67c0/800/600',1,0,'2025-09-22 06:35:38'),
  ('0fdb4ffd-58e9-4bf4-ba5a-b1f13ffacb24','753aa67c-f5ce-48b6-96f3-e4d2a64ace94','https://picsum.photos/seed/753aa67c1/800/600',0,1,'2026-03-18 06:35:38'),
  ('c1816a24-e911-403c-819f-651a9b3c3707','6a8d4e57-7f22-48cf-b5f6-7a56085cb45c','https://picsum.photos/seed/6a8d4e570/800/600',1,0,'2026-02-06 06:35:38'),
  ('ecf16f3b-5897-485d-98b9-95fb9432e801','6a8d4e57-7f22-48cf-b5f6-7a56085cb45c','https://picsum.photos/seed/6a8d4e571/800/600',0,1,'2025-12-12 06:35:38'),
  ('b1e4a5e8-b4eb-43de-a39e-58e6ce1adae3','95b8ca06-9fb3-4b49-9036-41ecc1ffe0ce','https://picsum.photos/seed/95b8ca060/800/600',1,0,'2026-05-17 06:35:38'),
  ('c957f8e7-8dba-46a0-a2d1-0c8c8c298216','95b8ca06-9fb3-4b49-9036-41ecc1ffe0ce','https://picsum.photos/seed/95b8ca061/800/600',0,1,'2026-03-19 06:35:38'),
  ('b7e48951-6352-4aff-a378-3e874063df23','3e9857ea-b315-4983-9b30-d34fea8f5147','https://picsum.photos/seed/3e9857ea0/800/600',1,0,'2025-10-21 06:35:38'),
  ('b93dff7e-9a14-4d61-a03d-f5416fda076d','3e9857ea-b315-4983-9b30-d34fea8f5147','https://picsum.photos/seed/3e9857ea1/800/600',0,1,'2026-03-09 06:35:38'),
  ('04e804c9-9e81-43c6-9eee-1ac2cb437c94','3e9857ea-b315-4983-9b30-d34fea8f5147','https://picsum.photos/seed/3e9857ea2/800/600',0,2,'2026-01-04 06:35:38'),
  ('c161b09c-94ac-4576-a831-8e5a254d831b','78e0c13d-c4a1-4ecb-a4aa-e3d364dbfe8f','https://picsum.photos/seed/78e0c13d0/800/600',1,0,'2026-06-16 06:35:38'),
  ('1cd96d11-73ce-4a7e-9ff4-25a4147b529b','78e0c13d-c4a1-4ecb-a4aa-e3d364dbfe8f','https://picsum.photos/seed/78e0c13d1/800/600',0,1,'2026-03-07 06:35:38'),
  ('db0a3af1-2977-46c6-b72c-f38470b1f76c','78e0c13d-c4a1-4ecb-a4aa-e3d364dbfe8f','https://picsum.photos/seed/78e0c13d2/800/600',0,2,'2026-03-18 06:35:38'),
  ('6345f6f2-4f60-4b9a-a95a-5e56782c2472','78e0c13d-c4a1-4ecb-a4aa-e3d364dbfe8f','https://picsum.photos/seed/78e0c13d3/800/600',0,3,'2026-04-24 06:35:38'),
  ('9fd5fc72-3b31-49cc-829b-0b64cbd6b620','b0bbceea-79c4-4d51-9959-f76d857dca9d','https://picsum.photos/seed/b0bbceea0/800/600',1,0,'2026-02-19 06:35:38'),
  ('46693a67-523f-40f5-a4f4-db37d1445d10','b0bbceea-79c4-4d51-9959-f76d857dca9d','https://picsum.photos/seed/b0bbceea1/800/600',0,1,'2026-03-11 06:35:38'),
  ('95298d63-10f0-408a-955e-80133d396a04','b0bbceea-79c4-4d51-9959-f76d857dca9d','https://picsum.photos/seed/b0bbceea2/800/600',0,2,'2025-12-02 06:35:38'),
  ('2d36c47f-e066-4ce8-8715-a5b0ddeb3c69','b0bbceea-79c4-4d51-9959-f76d857dca9d','https://picsum.photos/seed/b0bbceea3/800/600',0,3,'2026-02-21 06:35:38'),
  ('8d4fecdc-7851-4c69-8f9b-fa6d9e3202bd','b0bbceea-79c4-4d51-9959-f76d857dca9d','https://picsum.photos/seed/b0bbceea4/800/600',0,4,'2025-09-14 06:35:38'),
  ('563a869d-ca32-4d14-9afb-461abb96471d','22c5de9e-2ae9-4afd-a48e-06b5e12c9db5','https://picsum.photos/seed/22c5de9e0/800/600',1,0,'2026-01-30 06:35:38'),
  ('b2cab05c-fad4-4488-a193-7869a87c51e2','22c5de9e-2ae9-4afd-a48e-06b5e12c9db5','https://picsum.photos/seed/22c5de9e1/800/600',0,1,'2025-12-11 06:35:38'),
  ('5190fecf-11bb-4d19-a29f-089a2c039b8b','22c5de9e-2ae9-4afd-a48e-06b5e12c9db5','https://picsum.photos/seed/22c5de9e2/800/600',0,2,'2025-10-28 06:35:38'),
  ('668f9486-7829-472b-ab30-31f719dbd5cc','22c5de9e-2ae9-4afd-a48e-06b5e12c9db5','https://picsum.photos/seed/22c5de9e3/800/600',0,3,'2025-09-23 06:35:38'),
  ('ef782edf-9fda-428c-af7a-4a10017830d6','253727ec-e12a-42ef-a166-bd2145c08422','https://picsum.photos/seed/253727ec0/800/600',1,0,'2026-01-17 06:35:38'),
  ('32fa2121-79fa-498f-a7c5-876358802754','253727ec-e12a-42ef-a166-bd2145c08422','https://picsum.photos/seed/253727ec1/800/600',0,1,'2026-02-10 06:35:38'),
  ('c5dd12b2-2812-4728-940e-ba1ae41ba899','253727ec-e12a-42ef-a166-bd2145c08422','https://picsum.photos/seed/253727ec2/800/600',0,2,'2025-12-21 06:35:38'),
  ('98fc148e-720e-42a9-a2dd-06640a125209','253727ec-e12a-42ef-a166-bd2145c08422','https://picsum.photos/seed/253727ec3/800/600',0,3,'2025-10-04 06:35:38'),
  ('5f7c21c6-3f11-44af-95b9-20f30efefc1c','36673f1d-4619-4401-91f2-4b796c10b5ef','https://picsum.photos/seed/36673f1d0/800/600',1,0,'2025-10-28 06:35:38'),
  ('f5e3a494-537e-4b10-a879-47d3cfe71d8b','36673f1d-4619-4401-91f2-4b796c10b5ef','https://picsum.photos/seed/36673f1d1/800/600',0,1,'2026-05-04 06:35:38'),
  ('c04b0f23-9031-4bb3-818d-9587b33d1381','36673f1d-4619-4401-91f2-4b796c10b5ef','https://picsum.photos/seed/36673f1d2/800/600',0,2,'2025-10-26 06:35:38'),
  ('b9696ded-06e2-4b6e-a316-f35a0c9d6148','36673f1d-4619-4401-91f2-4b796c10b5ef','https://picsum.photos/seed/36673f1d3/800/600',0,3,'2026-01-11 06:35:38'),
  ('69b9d0f4-051d-4a9d-b0ad-fa32d1658dac','36673f1d-4619-4401-91f2-4b796c10b5ef','https://picsum.photos/seed/36673f1d4/800/600',0,4,'2026-03-11 06:35:38'),
  ('6d2fe9d3-1561-4f53-bc87-e0c33778f7f5','1f38d016-fabc-40d0-bb98-d7a7f0bd11c1','https://picsum.photos/seed/1f38d0160/800/600',1,0,'2026-01-14 06:35:38'),
  ('1337dc97-6665-4ab0-8197-6772b1e5dc67','1f38d016-fabc-40d0-bb98-d7a7f0bd11c1','https://picsum.photos/seed/1f38d0161/800/600',0,1,'2025-11-24 06:35:38'),
  ('e97714a9-acc9-44fc-b007-cf2d62db370c','1f38d016-fabc-40d0-bb98-d7a7f0bd11c1','https://picsum.photos/seed/1f38d0162/800/600',0,2,'2026-05-31 06:35:38'),
  ('2f793136-6cd9-4fa3-8cfe-6e2525af83bf','1f38d016-fabc-40d0-bb98-d7a7f0bd11c1','https://picsum.photos/seed/1f38d0163/800/600',0,3,'2025-09-08 06:35:38'),
  ('40fc1661-8e1d-4e92-9b20-aa0f6f0a548c','78fa2982-362b-4703-86ab-12fbbfb1494a','https://picsum.photos/seed/78fa29820/800/600',1,0,'2026-04-10 06:35:38'),
  ('387ca4b3-64db-497d-8f04-cd96bb2d95c3','78fa2982-362b-4703-86ab-12fbbfb1494a','https://picsum.photos/seed/78fa29821/800/600',0,1,'2026-06-15 06:35:38'),
  ('a4a56440-80a8-449a-881c-265590b4d682','78fa2982-362b-4703-86ab-12fbbfb1494a','https://picsum.photos/seed/78fa29822/800/600',0,2,'2026-02-10 06:35:38'),
  ('fa421d88-5bc5-49e3-9a6e-a0cfe70b7d48','07c8aec8-45ee-4a04-8cf4-047e894f9f93','https://picsum.photos/seed/07c8aec80/800/600',1,0,'2026-01-23 06:35:38'),
  ('3e3f8250-2c13-4bba-aa46-e5f9eeb2374d','07c8aec8-45ee-4a04-8cf4-047e894f9f93','https://picsum.photos/seed/07c8aec81/800/600',0,1,'2026-04-06 06:35:38'),
  ('ece710a6-6ac1-4964-b39f-ba304d50baf3','07c8aec8-45ee-4a04-8cf4-047e894f9f93','https://picsum.photos/seed/07c8aec82/800/600',0,2,'2026-03-15 06:35:38'),
  ('560e645f-ea2e-4172-b889-a628d59d3660','07c8aec8-45ee-4a04-8cf4-047e894f9f93','https://picsum.photos/seed/07c8aec83/800/600',0,3,'2026-01-06 06:35:38'),
  ('8feefc2a-a26f-4f82-b00c-f2d4f6aa0373','07c8aec8-45ee-4a04-8cf4-047e894f9f93','https://picsum.photos/seed/07c8aec84/800/600',0,4,'2026-02-26 06:35:38'),
  ('505d9bee-54cc-4a77-965c-4252f301b72a','e30717e9-6bfc-4f4d-990a-e2a196322307','https://picsum.photos/seed/e30717e90/800/600',1,0,'2025-09-05 06:35:38'),
  ('e5a6fec2-c63f-4672-beca-931e14f5e1a1','e30717e9-6bfc-4f4d-990a-e2a196322307','https://picsum.photos/seed/e30717e91/800/600',0,1,'2026-02-18 06:35:38'),
  ('a6ba8e6b-0610-478a-abd1-1c564e4c0e14','e30717e9-6bfc-4f4d-990a-e2a196322307','https://picsum.photos/seed/e30717e92/800/600',0,2,'2025-10-11 06:35:38'),
  ('50b5ae00-69ee-4753-bb03-cf914397013c','e30717e9-6bfc-4f4d-990a-e2a196322307','https://picsum.photos/seed/e30717e93/800/600',0,3,'2025-09-15 06:35:38'),
  ('aabf0544-3978-4b90-88b7-066d00b0695f','e30717e9-6bfc-4f4d-990a-e2a196322307','https://picsum.photos/seed/e30717e94/800/600',0,4,'2026-01-02 06:35:38'),
  ('0a3b8c34-ad3d-4a71-aef0-2bb3759f3ba3','2c2e65b6-ac85-4eeb-a9f2-6c29b06b763e','https://picsum.photos/seed/2c2e65b60/800/600',1,0,'2025-10-16 06:35:38'),
  ('46cb6920-d7b3-4239-b287-7dcc4fc5f82f','2c2e65b6-ac85-4eeb-a9f2-6c29b06b763e','https://picsum.photos/seed/2c2e65b61/800/600',0,1,'2025-10-15 06:35:38'),
  ('ad4960d4-8d5d-4d9b-92d8-1f73b3f79483','2c2e65b6-ac85-4eeb-a9f2-6c29b06b763e','https://picsum.photos/seed/2c2e65b62/800/600',0,2,'2025-10-31 06:35:38'),
  ('e8276fc8-28ac-4731-bef2-7db6ef9e5f0e','2c2e65b6-ac85-4eeb-a9f2-6c29b06b763e','https://picsum.photos/seed/2c2e65b63/800/600',0,3,'2026-03-29 06:35:38'),
  ('50610d3e-bd2a-4295-a0b0-07f9f5887ae1','50afcbc3-b68d-4ecc-b9d9-eebedcb5bc20','https://picsum.photos/seed/50afcbc30/800/600',1,0,'2026-03-29 06:35:38'),
  ('d84f1634-a0c7-414f-bcb6-7d8bc66cca2b','50afcbc3-b68d-4ecc-b9d9-eebedcb5bc20','https://picsum.photos/seed/50afcbc31/800/600',0,1,'2026-04-13 06:35:38'),
  ('3decbe16-d91d-4054-a1a6-1e5a3e357c3b','50afcbc3-b68d-4ecc-b9d9-eebedcb5bc20','https://picsum.photos/seed/50afcbc32/800/600',0,2,'2025-09-17 06:35:38'),
  ('20d07329-a391-4fb4-a9b6-51d02fc517c7','50afcbc3-b68d-4ecc-b9d9-eebedcb5bc20','https://picsum.photos/seed/50afcbc33/800/600',0,3,'2025-10-16 06:35:38'),
  ('96b215dc-9050-4700-af84-55d8a2c4ce96','8c2193a3-4951-43da-8fe3-9a2755194fe5','https://picsum.photos/seed/8c2193a30/800/600',1,0,'2025-09-19 06:35:38'),
  ('9e3f0c0f-8c4b-4b38-86ee-30ce829705d3','8c2193a3-4951-43da-8fe3-9a2755194fe5','https://picsum.photos/seed/8c2193a31/800/600',0,1,'2026-05-24 06:35:38'),
  ('fbcc2ab3-f6f3-4f0c-a0f6-3b8bfe573f50','8c2193a3-4951-43da-8fe3-9a2755194fe5','https://picsum.photos/seed/8c2193a32/800/600',0,2,'2025-09-28 06:35:38'),
  ('eb20d453-b79b-4848-8ddf-c4fe101c0274','c735207c-190f-4c54-948a-a610e6b3c7aa','https://picsum.photos/seed/c735207c0/800/600',1,0,'2026-05-16 06:35:38'),
  ('45e234b3-d225-47bd-88c1-46ac1d8775a9','c735207c-190f-4c54-948a-a610e6b3c7aa','https://picsum.photos/seed/c735207c1/800/600',0,1,'2026-05-30 06:35:38'),
  ('e2b9b930-5787-4c86-956c-17b12d257bcb','82a25648-01fd-41fd-809b-8f08aa400ddb','https://picsum.photos/seed/82a256480/800/600',1,0,'2025-11-24 06:35:38'),
  ('53ce0f07-928f-4af6-acc7-84206169983c','82a25648-01fd-41fd-809b-8f08aa400ddb','https://picsum.photos/seed/82a256481/800/600',0,1,'2026-04-14 06:35:38'),
  ('313b781a-9741-4d81-a74c-edcb420d87ab','17429a4c-0a9d-4ab8-afac-27316ee718cc','https://picsum.photos/seed/17429a4c0/800/600',1,0,'2026-05-20 06:35:38'),
  ('7d807e3c-69a3-43fc-bf85-824e7b8b0732','17429a4c-0a9d-4ab8-afac-27316ee718cc','https://picsum.photos/seed/17429a4c1/800/600',0,1,'2026-04-07 06:35:38'),
  ('27f63dfb-c6f4-41e4-b3d4-e50bfb9441f5','17429a4c-0a9d-4ab8-afac-27316ee718cc','https://picsum.photos/seed/17429a4c2/800/600',0,2,'2026-06-19 06:35:38'),
  ('39b28af0-89c7-4da8-baac-fb3732ad96d5','c1664b85-9e82-45d0-bde8-f3d5701c0243','https://picsum.photos/seed/c1664b850/800/600',1,0,'2025-10-08 06:35:38'),
  ('6bc87471-2706-4009-a41c-c68e6a606513','c1664b85-9e82-45d0-bde8-f3d5701c0243','https://picsum.photos/seed/c1664b851/800/600',0,1,'2025-11-02 06:35:38'),
  ('5f09a5e5-5851-41dd-a602-f21ebe6cf275','c1664b85-9e82-45d0-bde8-f3d5701c0243','https://picsum.photos/seed/c1664b852/800/600',0,2,'2025-12-14 06:35:38'),
  ('47cd9162-2607-4bc0-bb7f-382cba0b45d9','a6186894-c3e9-4b9a-a0cf-65a31d87d3a0','https://picsum.photos/seed/a61868940/800/600',1,0,'2025-10-19 06:35:38'),
  ('cb692447-fe56-463a-a27d-baec64fec9b9','a6186894-c3e9-4b9a-a0cf-65a31d87d3a0','https://picsum.photos/seed/a61868941/800/600',0,1,'2025-10-17 06:35:38'),
  ('ddcc98e6-8bbf-4063-91b9-9ee3a09d399d','11822530-61af-4dfe-86ac-8e551e205d04','https://picsum.photos/seed/118225300/800/600',1,0,'2026-06-20 06:35:38'),
  ('39320635-50f7-4d69-8161-404a0095e10b','11822530-61af-4dfe-86ac-8e551e205d04','https://picsum.photos/seed/118225301/800/600',0,1,'2025-09-24 06:35:38'),
  ('4a69155f-0a28-4cb4-8239-59237f7b1857','554066e2-e08b-477a-98cc-4dc9f3b44d45','https://picsum.photos/seed/554066e20/800/600',1,0,'2026-06-17 06:35:38'),
  ('cece5d20-4a78-4378-96ae-5ff15393f896','554066e2-e08b-477a-98cc-4dc9f3b44d45','https://picsum.photos/seed/554066e21/800/600',0,1,'2026-06-15 06:35:38'),
  ('784a57fe-1cda-4319-98f2-c127dc52e88e','554066e2-e08b-477a-98cc-4dc9f3b44d45','https://picsum.photos/seed/554066e22/800/600',0,2,'2025-09-25 06:35:38'),
  ('34ad12af-9592-4eef-afcf-2db6175b1c57','554066e2-e08b-477a-98cc-4dc9f3b44d45','https://picsum.photos/seed/554066e23/800/600',0,3,'2026-02-03 06:35:38'),
  ('3d8cca6e-1656-4df6-9924-7a52bad37b8f','554066e2-e08b-477a-98cc-4dc9f3b44d45','https://picsum.photos/seed/554066e24/800/600',0,4,'2025-09-22 06:35:38'),
  ('bf93406e-5b12-46a1-b0ab-dbccd3b5cadb','20739778-b9e8-4363-8d30-e0687c4adeab','https://picsum.photos/seed/207397780/800/600',1,0,'2026-06-15 06:35:38'),
  ('5092906f-978a-4e8f-b8d3-6d0c132160c8','20739778-b9e8-4363-8d30-e0687c4adeab','https://picsum.photos/seed/207397781/800/600',0,1,'2025-10-09 06:35:38'),
  ('309e4a93-c0bd-4840-b482-907506caac49','20739778-b9e8-4363-8d30-e0687c4adeab','https://picsum.photos/seed/207397782/800/600',0,2,'2025-11-15 06:35:38'),
  ('dda03f43-5507-46f5-97c0-24241e138124','20739778-b9e8-4363-8d30-e0687c4adeab','https://picsum.photos/seed/207397783/800/600',0,3,'2026-03-24 06:35:38'),
  ('4e35bbdb-80e7-4515-b468-af6b52f307c7','dd98ce7f-9ef8-462c-9678-c140c2a47cbc','https://picsum.photos/seed/dd98ce7f0/800/600',1,0,'2026-05-05 06:35:38'),
  ('d1fb4c6d-d4d5-40c6-bfb7-0a6c8e8661a0','dd98ce7f-9ef8-462c-9678-c140c2a47cbc','https://picsum.photos/seed/dd98ce7f1/800/600',0,1,'2025-09-28 06:35:38'),
  ('46bd6a5e-49d7-447b-bd1a-90cfe7dba8b9','877c6664-f3f8-4a42-8ef8-3a928bf8adb1','https://picsum.photos/seed/877c66640/800/600',1,0,'2026-02-20 06:35:38'),
  ('58b88493-7572-4154-b7bd-d60c52d85527','877c6664-f3f8-4a42-8ef8-3a928bf8adb1','https://picsum.photos/seed/877c66641/800/600',0,1,'2026-03-17 06:35:38'),
  ('076153bb-f763-4856-8b0e-bf7df67ddab5','877c6664-f3f8-4a42-8ef8-3a928bf8adb1','https://picsum.photos/seed/877c66642/800/600',0,2,'2025-09-27 06:35:38'),
  ('e449abe1-167c-4882-992d-239b55538d35','b52e1e40-021f-4756-83f4-73e44e1d426c','https://picsum.photos/seed/b52e1e400/800/600',1,0,'2025-12-24 06:35:38'),
  ('3c31fbf1-e0f1-41aa-a818-80524b22014b','b52e1e40-021f-4756-83f4-73e44e1d426c','https://picsum.photos/seed/b52e1e401/800/600',0,1,'2026-02-07 06:35:38'),
  ('82649b8a-1d5e-4554-b818-6e8dc4396686','b52e1e40-021f-4756-83f4-73e44e1d426c','https://picsum.photos/seed/b52e1e402/800/600',0,2,'2025-12-02 06:35:38'),
  ('d95e1c45-2e22-48ba-9c6f-fdb256b0bc7d','b52e1e40-021f-4756-83f4-73e44e1d426c','https://picsum.photos/seed/b52e1e403/800/600',0,3,'2026-05-14 06:35:38'),
  ('8f1733a1-9c7e-4769-a67b-bc5c1d79edf6','60ed4506-ea82-4f47-b72c-ca0667abda5c','https://picsum.photos/seed/60ed45060/800/600',1,0,'2025-11-28 06:35:38'),
  ('3921cf52-d1bc-4457-b11d-b0c9020767a4','60ed4506-ea82-4f47-b72c-ca0667abda5c','https://picsum.photos/seed/60ed45061/800/600',0,1,'2025-10-31 06:35:38'),
  ('34db02d0-1f7b-4902-8def-f64e91641c7b','60ed4506-ea82-4f47-b72c-ca0667abda5c','https://picsum.photos/seed/60ed45062/800/600',0,2,'2025-09-07 06:35:38'),
  ('02b1fada-b59b-4bc7-918b-df509d5c900a','60ed4506-ea82-4f47-b72c-ca0667abda5c','https://picsum.photos/seed/60ed45063/800/600',0,3,'2026-02-19 06:35:38'),
  ('75f756ff-f22e-46a6-8540-3cf959560501','03a852c2-77ca-4f97-ac5f-1b130a1e77fa','https://picsum.photos/seed/03a852c20/800/600',1,0,'2026-01-21 06:35:38'),
  ('072fe5e8-0559-480f-b78f-cfc4d6aef302','03a852c2-77ca-4f97-ac5f-1b130a1e77fa','https://picsum.photos/seed/03a852c21/800/600',0,1,'2026-05-13 06:35:38'),
  ('037598c7-5f49-46ab-9f7a-a28ac539d44b','03a852c2-77ca-4f97-ac5f-1b130a1e77fa','https://picsum.photos/seed/03a852c22/800/600',0,2,'2026-06-07 06:35:38'),
  ('af2820e6-7177-4563-bcb1-3b741d974c7d','aae599cb-1de9-4bbd-8268-d09f6f55e1b3','https://picsum.photos/seed/aae599cb0/800/600',1,0,'2025-11-28 06:35:38'),
  ('23dff20a-58ea-483d-9354-b351b4e7dd33','aae599cb-1de9-4bbd-8268-d09f6f55e1b3','https://picsum.photos/seed/aae599cb1/800/600',0,1,'2025-12-11 06:35:38'),
  ('1d765a3d-2ec0-4349-a1c8-0e69e9fe6c8e','e8dd518b-9626-471e-9db7-fe480cba6277','https://picsum.photos/seed/e8dd518b0/800/600',1,0,'2025-09-14 06:35:38'),
  ('ff438ce6-6fa5-4f26-91a6-1bd29d4e28a2','e8dd518b-9626-471e-9db7-fe480cba6277','https://picsum.photos/seed/e8dd518b1/800/600',0,1,'2025-10-23 06:35:38'),
  ('1af89926-4df9-4e8d-85c4-c11655320951','e8dd518b-9626-471e-9db7-fe480cba6277','https://picsum.photos/seed/e8dd518b2/800/600',0,2,'2026-05-26 06:35:38'),
  ('e31b197b-2391-48b0-93ef-f9fa0ef2eb88','e8dd518b-9626-471e-9db7-fe480cba6277','https://picsum.photos/seed/e8dd518b3/800/600',0,3,'2026-06-19 06:35:38'),
  ('88fc5231-1a65-4211-8a89-0c086eda529c','e8dd518b-9626-471e-9db7-fe480cba6277','https://picsum.photos/seed/e8dd518b4/800/600',0,4,'2026-03-28 06:35:38'),
  ('27eff5e1-1d4e-4889-a923-c9f787eacf56','3f31be5e-9857-4c8a-9313-f1ed118d2dfc','https://picsum.photos/seed/3f31be5e0/800/600',1,0,'2025-10-11 06:35:38'),
  ('542ad0a4-a4b7-4401-bd31-c4a5617349c1','3f31be5e-9857-4c8a-9313-f1ed118d2dfc','https://picsum.photos/seed/3f31be5e1/800/600',0,1,'2025-11-13 06:35:38'),
  ('737cad94-c559-4872-a2f9-8bae447e5df4','87bc47aa-3a71-4d32-bc89-95a7bfde7590','https://picsum.photos/seed/87bc47aa0/800/600',1,0,'2025-09-07 06:35:38'),
  ('9161c7ed-e1cf-422c-addf-2d10c627ea66','87bc47aa-3a71-4d32-bc89-95a7bfde7590','https://picsum.photos/seed/87bc47aa1/800/600',0,1,'2026-05-06 06:35:38'),
  ('27f5371c-9fa1-4ff3-a2fa-5c6431b12c8c','87bc47aa-3a71-4d32-bc89-95a7bfde7590','https://picsum.photos/seed/87bc47aa2/800/600',0,2,'2025-09-26 06:35:38'),
  ('c51429bc-1eb8-455f-9ef3-9dfc26401b4c','87bc47aa-3a71-4d32-bc89-95a7bfde7590','https://picsum.photos/seed/87bc47aa3/800/600',0,3,'2026-06-02 06:35:38'),
  ('616c783e-24f5-4f0e-8809-02f5670c3758','af21b5ec-f5f7-443d-bcfa-9fc56f003066','https://picsum.photos/seed/af21b5ec0/800/600',1,0,'2026-03-07 06:35:38'),
  ('32850511-b5d1-48c8-b2e4-5e0375247774','af21b5ec-f5f7-443d-bcfa-9fc56f003066','https://picsum.photos/seed/af21b5ec1/800/600',0,1,'2025-09-06 06:35:38'),
  ('864bffb9-bb64-464d-a707-c09e3795793a','af21b5ec-f5f7-443d-bcfa-9fc56f003066','https://picsum.photos/seed/af21b5ec2/800/600',0,2,'2025-10-23 06:35:38'),
  ('91b41e60-24d1-477a-8581-f417b7a282db','c476c798-3f30-4ea0-b7ae-98ee11e166e1','https://picsum.photos/seed/c476c7980/800/600',1,0,'2026-05-31 06:35:38'),
  ('fbf909a2-a0bb-4d50-b8d4-ab015a0742ca','c476c798-3f30-4ea0-b7ae-98ee11e166e1','https://picsum.photos/seed/c476c7981/800/600',0,1,'2026-05-16 06:35:38'),
  ('60cc5822-478c-481f-9f64-790d4629ded3','c476c798-3f30-4ea0-b7ae-98ee11e166e1','https://picsum.photos/seed/c476c7982/800/600',0,2,'2026-01-31 06:35:38'),
  ('ae16200b-bd49-41e6-8e10-10e272b0e6a1','c476c798-3f30-4ea0-b7ae-98ee11e166e1','https://picsum.photos/seed/c476c7983/800/600',0,3,'2025-09-18 06:35:38'),
  ('f2fe6210-1e47-49a1-a54d-68e2fe3100e0','3659ad3b-ccd4-4105-a3ea-bf2cc2452484','https://picsum.photos/seed/3659ad3b0/800/600',1,0,'2026-03-24 06:35:38'),
  ('4434344d-cda2-4999-a16b-d402ff222015','3659ad3b-ccd4-4105-a3ea-bf2cc2452484','https://picsum.photos/seed/3659ad3b1/800/600',0,1,'2026-01-13 06:35:38'),
  ('14c2d76a-a1ad-4d1e-b0a4-a610ca4547d3','fe883555-8bc3-49ea-a1da-16a3d041f032','https://picsum.photos/seed/fe8835550/800/600',1,0,'2026-03-09 06:35:38'),
  ('b9552201-b4ae-4503-b529-3469894b2055','fe883555-8bc3-49ea-a1da-16a3d041f032','https://picsum.photos/seed/fe8835551/800/600',0,1,'2026-04-11 06:35:38'),
  ('1667e68c-c215-4558-a2c0-65a6f3f18a75','c9d302ae-1f1a-48db-8bad-f0a70d194992','https://picsum.photos/seed/c9d302ae0/800/600',1,0,'2026-05-15 06:35:38'),
  ('6dff4afc-1d0f-4ae2-ac63-11e6739aafb6','c9d302ae-1f1a-48db-8bad-f0a70d194992','https://picsum.photos/seed/c9d302ae1/800/600',0,1,'2026-01-21 06:35:38'),
  ('4be186d4-b3f0-4558-8934-93dbae6489ef','c9d302ae-1f1a-48db-8bad-f0a70d194992','https://picsum.photos/seed/c9d302ae2/800/600',0,2,'2026-04-01 06:35:38'),
  ('454e72d4-c2c9-4147-aee0-dcf17d18727d','c9d302ae-1f1a-48db-8bad-f0a70d194992','https://picsum.photos/seed/c9d302ae3/800/600',0,3,'2025-09-08 06:35:38'),
  ('e9ed56dc-3383-4ce4-9d0a-1a2f3dfff6a1','c9d302ae-1f1a-48db-8bad-f0a70d194992','https://picsum.photos/seed/c9d302ae4/800/600',0,4,'2026-02-20 06:35:38'),
  ('59ccdcbc-ccff-4c63-adcf-78eef6ac1a35','d7f30540-8b2a-448d-be3a-7d3e37017d79','https://picsum.photos/seed/d7f305400/800/600',1,0,'2025-09-20 06:35:38'),
  ('e92bebec-f04e-45cc-80b7-2dd6434c847f','d7f30540-8b2a-448d-be3a-7d3e37017d79','https://picsum.photos/seed/d7f305401/800/600',0,1,'2026-01-05 06:35:38'),
  ('d28f4680-0c65-48fe-99d4-5fe380f0bddc','d7f30540-8b2a-448d-be3a-7d3e37017d79','https://picsum.photos/seed/d7f305402/800/600',0,2,'2025-12-09 06:35:38'),
  ('bbdd733e-ae49-48d9-9eda-775bbb6dd391','d7f30540-8b2a-448d-be3a-7d3e37017d79','https://picsum.photos/seed/d7f305403/800/600',0,3,'2026-04-13 06:35:38'),
  ('ce307a55-141f-4263-a7e7-b28920c58753','d7f30540-8b2a-448d-be3a-7d3e37017d79','https://picsum.photos/seed/d7f305404/800/600',0,4,'2026-05-14 06:35:38'),
  ('962e85be-c422-4d6d-a388-85603495c2b8','8f240436-3cde-4776-adc6-a615b71f4e1d','https://picsum.photos/seed/8f2404360/800/600',1,0,'2026-05-27 06:35:38'),
  ('6bbc37a9-5ca1-4194-9690-aee9aef9d39b','8f240436-3cde-4776-adc6-a615b71f4e1d','https://picsum.photos/seed/8f2404361/800/600',0,1,'2026-05-04 06:35:38'),
  ('4db7ae2f-8f08-4423-8cac-64d526c44962','8f240436-3cde-4776-adc6-a615b71f4e1d','https://picsum.photos/seed/8f2404362/800/600',0,2,'2025-11-12 06:35:38'),
  ('bf658eef-d9c6-46ed-9847-9d57f50a0bcd','8f240436-3cde-4776-adc6-a615b71f4e1d','https://picsum.photos/seed/8f2404363/800/600',0,3,'2026-02-25 06:35:38'),
  ('b2b22bd3-8585-4a75-9de3-c5692289c5a4','983de19c-d5f4-40d2-9387-e49d92022e58','https://picsum.photos/seed/983de19c0/800/600',1,0,'2025-12-31 06:35:38'),
  ('753eb048-a503-4315-a582-d527374e91c8','983de19c-d5f4-40d2-9387-e49d92022e58','https://picsum.photos/seed/983de19c1/800/600',0,1,'2025-12-02 06:35:38'),
  ('80be241b-89f1-4588-953f-9e5ace3558bf','19eeea3f-2a45-4492-9dd0-d939b0471b0d','https://picsum.photos/seed/19eeea3f0/800/600',1,0,'2026-06-08 06:35:38'),
  ('959e1ca7-fd0c-4f64-9382-06835c85b066','19eeea3f-2a45-4492-9dd0-d939b0471b0d','https://picsum.photos/seed/19eeea3f1/800/600',0,1,'2026-02-04 06:35:38'),
  ('74c41cbb-7294-4f93-a55a-2ff9fecec9ee','19eeea3f-2a45-4492-9dd0-d939b0471b0d','https://picsum.photos/seed/19eeea3f2/800/600',0,2,'2025-11-05 06:35:38'),
  ('03bd776c-dae8-49b8-aeb1-55a80b00a3fa','19eeea3f-2a45-4492-9dd0-d939b0471b0d','https://picsum.photos/seed/19eeea3f3/800/600',0,3,'2025-10-15 06:35:38'),
  ('d8ecf4f7-edf8-42cf-b977-9d4e317e18ae','24cc6731-89cd-41dc-b3b4-0794680c805b','https://picsum.photos/seed/24cc67310/800/600',1,0,'2025-12-23 06:35:38'),
  ('a456ea50-22aa-4f73-b12f-0b309a302938','24cc6731-89cd-41dc-b3b4-0794680c805b','https://picsum.photos/seed/24cc67311/800/600',0,1,'2025-09-13 06:35:38'),
  ('762f2934-ab01-4ccc-a53a-8a6c91339654','24cc6731-89cd-41dc-b3b4-0794680c805b','https://picsum.photos/seed/24cc67312/800/600',0,2,'2025-12-13 06:35:38'),
  ('37a1f4f9-c379-4624-a8f4-879fdaa3c952','c689756e-1c26-4303-a485-4ccd6e456db2','https://picsum.photos/seed/c689756e0/800/600',1,0,'2026-03-20 06:35:38'),
  ('092071bc-f27e-4363-9624-634894564015','c689756e-1c26-4303-a485-4ccd6e456db2','https://picsum.photos/seed/c689756e1/800/600',0,1,'2025-12-11 06:35:38'),
  ('54e07de8-6bf0-4b86-bb84-e4cced023f60','c689756e-1c26-4303-a485-4ccd6e456db2','https://picsum.photos/seed/c689756e2/800/600',0,2,'2026-05-11 06:35:38'),
  ('3ddbe7a7-4272-4c94-897d-d7d3dec82101','c689756e-1c26-4303-a485-4ccd6e456db2','https://picsum.photos/seed/c689756e3/800/600',0,3,'2026-01-23 06:35:38'),
  ('f6b089c2-4df7-42ef-af60-69ddfdac8436','c689756e-1c26-4303-a485-4ccd6e456db2','https://picsum.photos/seed/c689756e4/800/600',0,4,'2026-02-17 06:35:38'),
  ('c361d715-4a6b-477e-9fbf-8ac77261656e','f4a451ac-a607-4a35-ba36-ff022010d7dc','https://picsum.photos/seed/f4a451ac0/800/600',1,0,'2026-05-12 06:35:38'),
  ('81f7e169-6e0e-4269-b315-f949dbeb941e','f4a451ac-a607-4a35-ba36-ff022010d7dc','https://picsum.photos/seed/f4a451ac1/800/600',0,1,'2026-02-06 06:35:38'),
  ('de928a1d-04d1-4fc5-8847-978b8a4c61f4','10159f8c-5652-4188-9730-f8d2971b314b','https://picsum.photos/seed/10159f8c0/800/600',1,0,'2025-12-11 06:35:38'),
  ('1e6c35f7-0189-472b-a946-09c9f2508b2d','10159f8c-5652-4188-9730-f8d2971b314b','https://picsum.photos/seed/10159f8c1/800/600',0,1,'2026-04-06 06:35:38'),
  ('6bfda6d8-9a43-4b48-ade0-afc829a4ebce','10159f8c-5652-4188-9730-f8d2971b314b','https://picsum.photos/seed/10159f8c2/800/600',0,2,'2025-12-06 06:35:38'),
  ('764daa15-30e1-4b07-a73a-87b6d25ee0d8','32620c46-d793-491a-96ba-5e259dffb20d','https://picsum.photos/seed/32620c460/800/600',1,0,'2025-12-21 06:35:38'),
  ('21cdc93e-586c-41c6-9777-85709a7df4b8','32620c46-d793-491a-96ba-5e259dffb20d','https://picsum.photos/seed/32620c461/800/600',0,1,'2026-04-30 06:35:38'),
  ('7f0f7293-1676-4779-97ce-98403b67fdee','32620c46-d793-491a-96ba-5e259dffb20d','https://picsum.photos/seed/32620c462/800/600',0,2,'2026-05-08 06:35:38'),
  ('b1654684-7c46-4a59-ab61-b59032c05dba','32620c46-d793-491a-96ba-5e259dffb20d','https://picsum.photos/seed/32620c463/800/600',0,3,'2026-06-21 06:35:38'),
  ('ef8d6c50-c26f-4f89-a70e-992c733964ed','5a1512d7-ea56-4c62-b1e8-251d0fc45bcd','https://picsum.photos/seed/5a1512d70/800/600',1,0,'2025-11-08 06:35:38'),
  ('700b52e3-42cf-4a63-a818-3a8827fb1b13','5a1512d7-ea56-4c62-b1e8-251d0fc45bcd','https://picsum.photos/seed/5a1512d71/800/600',0,1,'2025-12-21 06:35:38'),
  ('12ebdfd7-ac2f-40e8-b50e-71c7170f8ca8','5a1512d7-ea56-4c62-b1e8-251d0fc45bcd','https://picsum.photos/seed/5a1512d72/800/600',0,2,'2026-02-05 06:35:38'),
  ('ff195e6b-06ff-4318-bf0c-efe61d0d0b8a','5a1512d7-ea56-4c62-b1e8-251d0fc45bcd','https://picsum.photos/seed/5a1512d73/800/600',0,3,'2026-05-02 06:35:38'),
  ('28126d5c-47d5-47b5-9d74-7065d7b09b19','504a1e31-5358-4768-9cb1-1a38c93b5bab','https://picsum.photos/seed/504a1e310/800/600',1,0,'2026-05-10 06:35:38'),
  ('c7ad91e0-3da8-455b-99e5-bff44612ba9d','504a1e31-5358-4768-9cb1-1a38c93b5bab','https://picsum.photos/seed/504a1e311/800/600',0,1,'2026-03-20 06:35:38'),
  ('8cae6510-9539-4d80-84c9-cdfe52765a82','504a1e31-5358-4768-9cb1-1a38c93b5bab','https://picsum.photos/seed/504a1e312/800/600',0,2,'2025-11-15 06:35:38'),
  ('a3e6a3f6-99e9-437a-81c2-5965f1bf47df','6a546076-8ed8-4355-89a9-27540fcbd8f7','https://picsum.photos/seed/6a5460760/800/600',1,0,'2025-09-11 06:35:38'),
  ('9c956fdc-ba8a-4332-9890-d7a5f961dfcc','6a546076-8ed8-4355-89a9-27540fcbd8f7','https://picsum.photos/seed/6a5460761/800/600',0,1,'2025-09-12 06:35:38'),
  ('bcf37eac-89b4-426d-85eb-69888a9dd472','6a546076-8ed8-4355-89a9-27540fcbd8f7','https://picsum.photos/seed/6a5460762/800/600',0,2,'2025-10-04 06:35:38'),
  ('a0048453-0b72-4c7d-b8a1-e19d59813d25','6a546076-8ed8-4355-89a9-27540fcbd8f7','https://picsum.photos/seed/6a5460763/800/600',0,3,'2025-11-27 06:35:38'),
  ('17da2884-a56a-4d01-8bc6-77e6c676bcaf','6a546076-8ed8-4355-89a9-27540fcbd8f7','https://picsum.photos/seed/6a5460764/800/600',0,4,'2026-05-02 06:35:38'),
  ('d65d06a9-a889-4888-af9f-e36a1603a316','04307b79-0de2-4c8a-9ead-b4b0d99252af','https://picsum.photos/seed/04307b790/800/600',1,0,'2026-05-09 06:35:38'),
  ('59b834c6-53e1-4c17-a443-38369a1c7709','04307b79-0de2-4c8a-9ead-b4b0d99252af','https://picsum.photos/seed/04307b791/800/600',0,1,'2025-12-24 06:35:38'),
  ('7bec93d9-39ef-4bb9-b4a3-e02311dfd0a9','cce5ecc0-8fc4-4c63-b288-4a2246d84b27','https://picsum.photos/seed/cce5ecc00/800/600',1,0,'2026-01-08 06:35:38'),
  ('8cdd69a8-6a70-4de8-aff6-6f9e3e914a3e','cce5ecc0-8fc4-4c63-b288-4a2246d84b27','https://picsum.photos/seed/cce5ecc01/800/600',0,1,'2025-12-08 06:35:38'),
  ('9ba0284c-151c-46ce-b24f-20788b625853','b35038c3-6f94-4c9f-bcb8-3ff2b4f0d0c4','https://picsum.photos/seed/b35038c30/800/600',1,0,'2026-01-25 06:35:38'),
  ('493b3791-fdf5-46a1-8247-4025a25027c6','b35038c3-6f94-4c9f-bcb8-3ff2b4f0d0c4','https://picsum.photos/seed/b35038c31/800/600',0,1,'2025-11-24 06:35:38'),
  ('e28341f5-fa5e-4c94-8819-c14d392f67de','a91170a8-7c1e-4ec8-ab94-7c0c1d85a5a1','https://picsum.photos/seed/a91170a80/800/600',1,0,'2026-05-11 06:35:38'),
  ('a443bbd7-57fc-42ed-84f3-a0b43ff21480','a91170a8-7c1e-4ec8-ab94-7c0c1d85a5a1','https://picsum.photos/seed/a91170a81/800/600',0,1,'2025-09-10 06:35:38'),
  ('cd50e65c-b7c8-4dfa-ab5d-c69ddb12fb27','a91170a8-7c1e-4ec8-ab94-7c0c1d85a5a1','https://picsum.photos/seed/a91170a82/800/600',0,2,'2026-02-19 06:35:38'),
  ('68045562-7d31-448c-82a2-51780f9d0fdd','a91170a8-7c1e-4ec8-ab94-7c0c1d85a5a1','https://picsum.photos/seed/a91170a83/800/600',0,3,'2025-09-04 06:35:38'),
  ('f03cfa8d-3af0-472c-b3e0-6ee2596cafc0','a91170a8-7c1e-4ec8-ab94-7c0c1d85a5a1','https://picsum.photos/seed/a91170a84/800/600',0,4,'2025-09-30 06:35:38'),
  ('0949091f-329f-45de-8b1e-02d0e12f2327','30395760-2181-48d5-bfeb-b2146346cc3f','https://picsum.photos/seed/303957600/800/600',1,0,'2025-12-11 06:35:38'),
  ('e1681e4c-2548-444e-be3a-ccd51bf54746','30395760-2181-48d5-bfeb-b2146346cc3f','https://picsum.photos/seed/303957601/800/600',0,1,'2026-03-29 06:35:38'),
  ('0ffc3e6b-ab5f-4b77-9c26-45b3131c9ea4','30395760-2181-48d5-bfeb-b2146346cc3f','https://picsum.photos/seed/303957602/800/600',0,2,'2026-04-13 06:35:38'),
  ('e8e016de-1d87-4676-911f-ca26f6a89ce9','115a5826-8860-4f9b-8c1a-454b668d13cb','https://picsum.photos/seed/115a58260/800/600',1,0,'2026-01-20 06:35:38'),
  ('541ab674-03a0-425d-bab7-aa9e34581b77','115a5826-8860-4f9b-8c1a-454b668d13cb','https://picsum.photos/seed/115a58261/800/600',0,1,'2026-02-06 06:35:38'),
  ('25526954-266f-4836-9303-3f4bbdf2f9c6','115a5826-8860-4f9b-8c1a-454b668d13cb','https://picsum.photos/seed/115a58262/800/600',0,2,'2025-10-14 06:35:38'),
  ('e28a9b5e-ff3a-48fe-9df5-1759e93a6a22','115a5826-8860-4f9b-8c1a-454b668d13cb','https://picsum.photos/seed/115a58263/800/600',0,3,'2026-04-10 06:35:38'),
  ('856dea7d-55d8-49c3-bd0f-33c54bb63802','902dec74-917a-4096-b280-3aa71f80a41b','https://picsum.photos/seed/902dec740/800/600',1,0,'2026-03-30 06:35:38'),
  ('49773b88-7d8f-40e1-a954-bd955c4bc9e7','902dec74-917a-4096-b280-3aa71f80a41b','https://picsum.photos/seed/902dec741/800/600',0,1,'2025-11-13 06:35:38'),
  ('3d4a290f-18d0-4e26-91a9-f00baaa376a9','ebcc6c52-d217-4365-8b5e-2789391e511e','https://picsum.photos/seed/ebcc6c520/800/600',1,0,'2025-11-20 06:35:38'),
  ('19d43707-8e70-4c68-8f5a-398b8ba02af6','ebcc6c52-d217-4365-8b5e-2789391e511e','https://picsum.photos/seed/ebcc6c521/800/600',0,1,'2026-01-21 06:35:38'),
  ('525e58b1-8ef4-4e8b-aa7f-1bfd8dc66af4','ebcc6c52-d217-4365-8b5e-2789391e511e','https://picsum.photos/seed/ebcc6c522/800/600',0,2,'2025-10-19 06:35:38'),
  ('3e1a1ada-afd6-432e-87f5-a7b21eebcc9a','ebcc6c52-d217-4365-8b5e-2789391e511e','https://picsum.photos/seed/ebcc6c523/800/600',0,3,'2026-05-15 06:35:38'),
  ('59ec923b-5655-4b3d-bf92-bdb8672a6f4f','bde4f9b5-6f78-46dd-8426-ff7d0e9e4708','https://picsum.photos/seed/bde4f9b50/800/600',1,0,'2026-02-15 06:35:38'),
  ('c38bb698-1f5a-4c4e-af52-95e667d25518','bde4f9b5-6f78-46dd-8426-ff7d0e9e4708','https://picsum.photos/seed/bde4f9b51/800/600',0,1,'2026-02-17 06:35:38'),
  ('de5ad770-5896-4ad4-8bda-8b8c5dfd5cef','bde4f9b5-6f78-46dd-8426-ff7d0e9e4708','https://picsum.photos/seed/bde4f9b52/800/600',0,2,'2025-10-13 06:35:38'),
  ('9e53d9e1-c05d-46bc-96a6-455a6cdb5db6','bde4f9b5-6f78-46dd-8426-ff7d0e9e4708','https://picsum.photos/seed/bde4f9b53/800/600',0,3,'2026-03-15 06:35:38'),
  ('0ca66e8a-2e28-4f57-ab3f-1f5255e950f6','fbca94bd-0155-406f-8033-84bb1f4ae5c9','https://picsum.photos/seed/fbca94bd0/800/600',1,0,'2026-04-30 06:35:38'),
  ('54a14254-5cfd-4635-9cdf-ecbc87e7ddcf','fbca94bd-0155-406f-8033-84bb1f4ae5c9','https://picsum.photos/seed/fbca94bd1/800/600',0,1,'2026-04-15 06:35:38'),
  ('c82347f0-e152-49e2-99e9-c644d3b2bd0f','fbca94bd-0155-406f-8033-84bb1f4ae5c9','https://picsum.photos/seed/fbca94bd2/800/600',0,2,'2026-01-19 06:35:38'),
  ('2e5cfad3-15ab-47f1-ae9e-27118bd859d2','fbca94bd-0155-406f-8033-84bb1f4ae5c9','https://picsum.photos/seed/fbca94bd3/800/600',0,3,'2026-06-20 06:35:38'),
  ('10536d31-0aa5-4eaa-bad8-1cabaff4c616','fbca94bd-0155-406f-8033-84bb1f4ae5c9','https://picsum.photos/seed/fbca94bd4/800/600',0,4,'2025-12-03 06:35:38'),
  ('d7393ead-a208-481c-963b-321ff0a23754','d8c0821c-b5d4-45cc-85bc-e91094848a63','https://picsum.photos/seed/d8c0821c0/800/600',1,0,'2025-12-11 06:35:38'),
  ('9c5f0688-e9b5-4f77-b4fc-fb66989d6f06','d8c0821c-b5d4-45cc-85bc-e91094848a63','https://picsum.photos/seed/d8c0821c1/800/600',0,1,'2026-01-06 06:35:38'),
  ('72320f5d-d846-4849-8ea8-1016198b2683','d8c0821c-b5d4-45cc-85bc-e91094848a63','https://picsum.photos/seed/d8c0821c2/800/600',0,2,'2025-11-10 06:35:38'),
  ('7721dfeb-488f-4c16-bc36-421eb05461f1','d8c0821c-b5d4-45cc-85bc-e91094848a63','https://picsum.photos/seed/d8c0821c3/800/600',0,3,'2026-01-03 06:35:38'),
  ('e5d594e9-f4c2-4225-b5ed-e3a3ad4bb2cc','c59db587-b206-4838-a1b3-66aab95a890f','https://picsum.photos/seed/c59db5870/800/600',1,0,'2026-04-15 06:35:38'),
  ('b822c47e-8857-43d4-a532-7b14a0decc7e','c59db587-b206-4838-a1b3-66aab95a890f','https://picsum.photos/seed/c59db5871/800/600',0,1,'2026-01-21 06:35:38'),
  ('a5c6f05f-bc9b-4d9f-8117-716272a2c4b4','c59db587-b206-4838-a1b3-66aab95a890f','https://picsum.photos/seed/c59db5872/800/600',0,2,'2026-01-10 06:35:38'),
  ('2625296f-6024-42df-88aa-6210a3e3a9c3','c59db587-b206-4838-a1b3-66aab95a890f','https://picsum.photos/seed/c59db5873/800/600',0,3,'2026-03-13 06:35:38'),
  ('33cdc457-5d8f-4ea6-93f9-7f327457ee5e','c59db587-b206-4838-a1b3-66aab95a890f','https://picsum.photos/seed/c59db5874/800/600',0,4,'2025-10-21 06:35:38'),
  ('6d6ff898-fa4b-4999-a148-a49e8f533ec8','32041676-0421-4c7d-8515-e71c16833bd4','https://picsum.photos/seed/320416760/800/600',1,0,'2026-03-25 06:35:38'),
  ('af5f8262-aa42-4354-9b73-cf843ca0845f','32041676-0421-4c7d-8515-e71c16833bd4','https://picsum.photos/seed/320416761/800/600',0,1,'2025-12-02 06:35:38'),
  ('b0615d44-02ce-4ed3-b983-23e062653dde','32041676-0421-4c7d-8515-e71c16833bd4','https://picsum.photos/seed/320416762/800/600',0,2,'2026-01-11 06:35:38'),
  ('b3e9e4a4-e565-4dae-8b13-9efa94cec54c','32041676-0421-4c7d-8515-e71c16833bd4','https://picsum.photos/seed/320416763/800/600',0,3,'2026-01-25 06:35:38'),
  ('29bebf78-04ed-407b-8426-5b8c3df82af4','1b10228c-1a33-4d55-822d-a067152e4970','https://picsum.photos/seed/1b10228c0/800/600',1,0,'2025-09-02 06:35:38'),
  ('11ed1dc2-7758-47e4-93a1-8ea1fffc2100','1b10228c-1a33-4d55-822d-a067152e4970','https://picsum.photos/seed/1b10228c1/800/600',0,1,'2026-02-19 06:35:38'),
  ('744fe48a-8e4d-4f0b-82fa-cdd6aca15ac6','1b10228c-1a33-4d55-822d-a067152e4970','https://picsum.photos/seed/1b10228c2/800/600',0,2,'2026-01-08 06:35:38'),
  ('bd06ec17-f122-4e34-8126-a5ef63f81c48','1b10228c-1a33-4d55-822d-a067152e4970','https://picsum.photos/seed/1b10228c3/800/600',0,3,'2025-12-13 06:35:38'),
  ('dbbb4a6f-2972-4250-873b-2889f28c6517','1b10228c-1a33-4d55-822d-a067152e4970','https://picsum.photos/seed/1b10228c4/800/600',0,4,'2026-01-31 06:35:38'),
  ('7ff6d215-6a8e-49aa-9e9e-2fe02e6f5827','79161b9c-f59d-49c1-b30b-faa402b78579','https://picsum.photos/seed/79161b9c0/800/600',1,0,'2025-12-19 06:35:38'),
  ('ffb927cc-bb98-45f6-be1c-f750bb704d8d','79161b9c-f59d-49c1-b30b-faa402b78579','https://picsum.photos/seed/79161b9c1/800/600',0,1,'2026-04-26 06:35:38'),
  ('023bccb4-f887-405a-bd0f-9acf9494b39f','79161b9c-f59d-49c1-b30b-faa402b78579','https://picsum.photos/seed/79161b9c2/800/600',0,2,'2025-09-08 06:35:38'),
  ('78812a2a-7879-4eda-af40-174ee0d601b0','79161b9c-f59d-49c1-b30b-faa402b78579','https://picsum.photos/seed/79161b9c3/800/600',0,3,'2026-03-13 06:35:38'),
  ('fdbde730-da90-4f81-9246-bde07112fe7c','79161b9c-f59d-49c1-b30b-faa402b78579','https://picsum.photos/seed/79161b9c4/800/600',0,4,'2025-09-17 06:35:38'),
  ('b9de39a3-44a5-43a1-8f66-15a56f509cce','ad63b934-de01-4660-b192-12448a904749','https://picsum.photos/seed/ad63b9340/800/600',1,0,'2025-09-15 06:35:38'),
  ('4cafb279-456b-49d0-a039-a0a4c9c0668d','ad63b934-de01-4660-b192-12448a904749','https://picsum.photos/seed/ad63b9341/800/600',0,1,'2026-06-10 06:35:38'),
  ('0c744367-4672-452b-a5b8-ac363938fb8f','ad63b934-de01-4660-b192-12448a904749','https://picsum.photos/seed/ad63b9342/800/600',0,2,'2025-10-30 06:35:38'),
  ('33d7fbbc-2834-4d2d-80c1-8f4e3ac8720d','cc2b885f-4aef-439f-9f66-f2bec659cf27','https://picsum.photos/seed/cc2b885f0/800/600',1,0,'2025-11-11 06:35:38'),
  ('54b43254-938d-485a-9333-73bea49d4560','cc2b885f-4aef-439f-9f66-f2bec659cf27','https://picsum.photos/seed/cc2b885f1/800/600',0,1,'2026-01-25 06:35:38'),
  ('aadbae8b-6561-4354-b304-45cae673cb91','cc2b885f-4aef-439f-9f66-f2bec659cf27','https://picsum.photos/seed/cc2b885f2/800/600',0,2,'2026-05-19 06:35:38'),
  ('dff3b8de-73a3-434f-afbd-1c9ef790d647','7d940a80-68d6-4b0e-bc8f-82f3a3f63658','https://picsum.photos/seed/7d940a800/800/600',1,0,'2025-10-11 06:35:38'),
  ('32914436-6fb1-45f5-abe8-2a9c7713e23f','7d940a80-68d6-4b0e-bc8f-82f3a3f63658','https://picsum.photos/seed/7d940a801/800/600',0,1,'2026-04-13 06:35:38'),
  ('63013cd1-797c-4149-987f-635a60aa97f1','7d940a80-68d6-4b0e-bc8f-82f3a3f63658','https://picsum.photos/seed/7d940a802/800/600',0,2,'2026-01-19 06:35:38'),
  ('af7a1467-1469-437c-9417-1ff0eb69ce76','7d940a80-68d6-4b0e-bc8f-82f3a3f63658','https://picsum.photos/seed/7d940a803/800/600',0,3,'2026-02-20 06:35:38'),
  ('cadd45d5-b7d2-4093-ac08-26ba44ece0d8','7d940a80-68d6-4b0e-bc8f-82f3a3f63658','https://picsum.photos/seed/7d940a804/800/600',0,4,'2026-02-14 06:35:38'),
  ('d1e0a872-1d4b-4b3b-93d9-149f892394df','b91b2250-c232-46a8-b8b3-50103cf05a03','https://picsum.photos/seed/b91b22500/800/600',1,0,'2025-11-19 06:35:38'),
  ('c6046230-4219-4282-bc5d-755088fc6fd6','b91b2250-c232-46a8-b8b3-50103cf05a03','https://picsum.photos/seed/b91b22501/800/600',0,1,'2025-12-12 06:35:38'),
  ('366e8bd9-80b1-49c9-816a-325b3984832a','b91b2250-c232-46a8-b8b3-50103cf05a03','https://picsum.photos/seed/b91b22502/800/600',0,2,'2026-05-17 06:35:38'),
  ('9cf0602c-0bce-457f-ae3d-a547bde9f020','5cd2fec3-4850-4bf8-9102-e1e62134432e','https://picsum.photos/seed/5cd2fec30/800/600',1,0,'2025-10-21 06:35:38'),
  ('0872453f-03a7-4971-9172-c6bf6e212742','5cd2fec3-4850-4bf8-9102-e1e62134432e','https://picsum.photos/seed/5cd2fec31/800/600',0,1,'2025-11-30 06:35:38'),
  ('bf978d33-5d8e-4e21-855b-b768da2961ed','5cd2fec3-4850-4bf8-9102-e1e62134432e','https://picsum.photos/seed/5cd2fec32/800/600',0,2,'2025-09-23 06:35:38'),
  ('8bd028f1-46a1-46fb-8693-4501fee8c295','5cd2fec3-4850-4bf8-9102-e1e62134432e','https://picsum.photos/seed/5cd2fec33/800/600',0,3,'2025-10-07 06:35:38'),
  ('d7775a55-6994-4398-872a-858358bc3e0d','5cd2fec3-4850-4bf8-9102-e1e62134432e','https://picsum.photos/seed/5cd2fec34/800/600',0,4,'2025-11-21 06:35:38'),
  ('053e03e5-f558-4de9-b297-04851aeb91d7','e2d863e4-63e5-4c2c-824d-0331fa184abd','https://picsum.photos/seed/e2d863e40/800/600',1,0,'2025-12-21 06:35:38'),
  ('4133acc6-06ba-4af7-a191-a68d00acc09e','e2d863e4-63e5-4c2c-824d-0331fa184abd','https://picsum.photos/seed/e2d863e41/800/600',0,1,'2025-09-22 06:35:38'),
  ('90a9268f-1e82-4f70-b253-a9020af5add8','9ecc0065-7553-49fe-9dcf-a6fc14d16a98','https://picsum.photos/seed/9ecc00650/800/600',1,0,'2026-04-29 06:35:38'),
  ('b331e773-deb3-4e49-9f40-3511be9c4113','9ecc0065-7553-49fe-9dcf-a6fc14d16a98','https://picsum.photos/seed/9ecc00651/800/600',0,1,'2026-02-16 06:35:38'),
  ('50a5e1e9-ac4e-4ff7-a410-36f20cd3ab59','2b2aefcc-3692-4fb1-ab87-11beffc51948','https://picsum.photos/seed/2b2aefcc0/800/600',1,0,'2026-03-30 06:35:38'),
  ('6a12cbdb-e8c0-4bc9-8d53-1b61df768375','2b2aefcc-3692-4fb1-ab87-11beffc51948','https://picsum.photos/seed/2b2aefcc1/800/600',0,1,'2026-06-01 06:35:38'),
  ('51a5f190-7a64-4bb4-a793-f6e1bc945481','2b2aefcc-3692-4fb1-ab87-11beffc51948','https://picsum.photos/seed/2b2aefcc2/800/600',0,2,'2025-09-08 06:35:38'),
  ('20bc58f8-f1a3-4ab4-843e-b19bb3a3ad4d','2b2aefcc-3692-4fb1-ab87-11beffc51948','https://picsum.photos/seed/2b2aefcc3/800/600',0,3,'2025-12-01 06:35:38'),
  ('19469579-77aa-448b-a1b2-bf85c8a7cd9d','b444ccaf-3fe7-43a7-ab47-193819a373e0','https://picsum.photos/seed/b444ccaf0/800/600',1,0,'2025-11-15 06:35:38'),
  ('def25292-fb7c-46e4-8a48-fc51e0dae18b','b444ccaf-3fe7-43a7-ab47-193819a373e0','https://picsum.photos/seed/b444ccaf1/800/600',0,1,'2026-04-30 06:35:38'),
  ('1756bcb2-9dbf-4976-b51a-d25b18efb59b','b444ccaf-3fe7-43a7-ab47-193819a373e0','https://picsum.photos/seed/b444ccaf2/800/600',0,2,'2026-06-18 06:35:38'),
  ('5d382b1a-f99e-4535-9138-a996999807b8','b444ccaf-3fe7-43a7-ab47-193819a373e0','https://picsum.photos/seed/b444ccaf3/800/600',0,3,'2026-05-04 06:35:38'),
  ('b1f63303-cfc1-489d-be99-c594ea651fe3','ebf2bf78-203c-4dd6-91c9-b6040671c9a7','https://picsum.photos/seed/ebf2bf780/800/600',1,0,'2026-03-02 06:35:38'),
  ('b14dcf52-9639-41af-90a8-1127baf682f1','ebf2bf78-203c-4dd6-91c9-b6040671c9a7','https://picsum.photos/seed/ebf2bf781/800/600',0,1,'2025-10-05 06:35:38'),
  ('43a7312e-7340-488c-a21e-24465700981c','ebf2bf78-203c-4dd6-91c9-b6040671c9a7','https://picsum.photos/seed/ebf2bf782/800/600',0,2,'2025-10-01 06:35:38'),
  ('3f309ff4-42bd-4c30-b8cc-5f4218a5e4a0','ebf2bf78-203c-4dd6-91c9-b6040671c9a7','https://picsum.photos/seed/ebf2bf783/800/600',0,3,'2025-09-11 06:35:38'),
  ('7deba38a-6a2f-448d-9688-2dda4972c329','ca949d15-9e88-4e45-bf83-cf332763f2b2','https://picsum.photos/seed/ca949d150/800/600',1,0,'2025-11-07 06:35:38'),
  ('6c4a24dc-073c-4476-973a-10c37a3d0b50','ca949d15-9e88-4e45-bf83-cf332763f2b2','https://picsum.photos/seed/ca949d151/800/600',0,1,'2025-12-14 06:35:38'),
  ('75949ba8-0673-4907-8d10-f763d88f161f','ca949d15-9e88-4e45-bf83-cf332763f2b2','https://picsum.photos/seed/ca949d152/800/600',0,2,'2025-12-05 06:35:38'),
  ('62dae4fd-fab4-43e7-a7ec-fbbd8b860731','482ec36b-53c6-4c85-848a-a8bc5b53ec66','https://picsum.photos/seed/482ec36b0/800/600',1,0,'2025-10-10 06:35:38'),
  ('7137ac5d-7b8f-40ba-ad75-acdf5eda21c6','482ec36b-53c6-4c85-848a-a8bc5b53ec66','https://picsum.photos/seed/482ec36b1/800/600',0,1,'2026-04-07 06:35:38'),
  ('a0b1d9a0-56b5-435c-8bbb-3d5d9ca47d29','482ec36b-53c6-4c85-848a-a8bc5b53ec66','https://picsum.photos/seed/482ec36b2/800/600',0,2,'2025-12-29 06:35:38'),
  ('db6dc048-3de5-44ce-9f8e-0ed8ce4278c1','482ec36b-53c6-4c85-848a-a8bc5b53ec66','https://picsum.photos/seed/482ec36b3/800/600',0,3,'2026-06-11 06:35:38'),
  ('cbaf6374-0e4a-4133-8315-9685e312a3f8','482ec36b-53c6-4c85-848a-a8bc5b53ec66','https://picsum.photos/seed/482ec36b4/800/600',0,4,'2025-10-19 06:35:38'),
  ('86537b8a-037f-4875-8265-9e8f105ec6db','9a6d802b-6e3b-47f9-87b8-b35fff0393ec','https://picsum.photos/seed/9a6d802b0/800/600',1,0,'2026-01-23 06:35:38'),
  ('2d154569-1965-48e7-8460-052487651008','9a6d802b-6e3b-47f9-87b8-b35fff0393ec','https://picsum.photos/seed/9a6d802b1/800/600',0,1,'2025-11-23 06:35:38'),
  ('6d6db60d-bb0a-4b66-9a6d-13a212754425','578a2769-00f1-497c-a8c5-510bc94cff9f','https://picsum.photos/seed/578a27690/800/600',1,0,'2026-04-25 06:35:38'),
  ('6bd3bf4d-23e2-4202-99c6-0625caf1aa66','578a2769-00f1-497c-a8c5-510bc94cff9f','https://picsum.photos/seed/578a27691/800/600',0,1,'2026-04-12 06:35:38'),
  ('55f9eb94-f8e0-4ff9-a2a1-12b010684c14','0a80abfd-ddd9-40b1-97eb-8f0b5a913b28','https://picsum.photos/seed/0a80abfd0/800/600',1,0,'2026-01-15 06:35:38'),
  ('86a005a5-7660-4921-a467-7a42ea3b788e','0a80abfd-ddd9-40b1-97eb-8f0b5a913b28','https://picsum.photos/seed/0a80abfd1/800/600',0,1,'2025-12-30 06:35:38'),
  ('975bbb1a-f9a1-4613-b2f1-eda4870c8e76','0a80abfd-ddd9-40b1-97eb-8f0b5a913b28','https://picsum.photos/seed/0a80abfd2/800/600',0,2,'2025-11-02 06:35:38'),
  ('21d491e8-cf8c-4275-8db4-4451e992a815','0a80abfd-ddd9-40b1-97eb-8f0b5a913b28','https://picsum.photos/seed/0a80abfd3/800/600',0,3,'2026-03-10 06:35:38'),
  ('17382e42-7727-4154-932e-1e88c40587a9','5197a005-e931-4e0e-8f46-d4fdc96c95bb','https://picsum.photos/seed/5197a0050/800/600',1,0,'2025-12-27 06:35:38'),
  ('af41d683-06cc-4627-a40d-496b7336eb58','5197a005-e931-4e0e-8f46-d4fdc96c95bb','https://picsum.photos/seed/5197a0051/800/600',0,1,'2025-10-23 06:35:38'),
  ('72edbc42-cbc7-485c-bd4d-00696d043c1c','5197a005-e931-4e0e-8f46-d4fdc96c95bb','https://picsum.photos/seed/5197a0052/800/600',0,2,'2026-05-05 06:35:38'),
  ('b8c9b063-9b06-46e0-9f85-89b00116d27f','5197a005-e931-4e0e-8f46-d4fdc96c95bb','https://picsum.photos/seed/5197a0053/800/600',0,3,'2025-11-11 06:35:38'),
  ('452dac9f-f423-40ba-8d0e-3e44c2daac19','5197a005-e931-4e0e-8f46-d4fdc96c95bb','https://picsum.photos/seed/5197a0054/800/600',0,4,'2025-11-04 06:35:38'),
  ('4a8c42e8-b51a-49fd-98e5-c6da93426d45','57d51e93-ba08-43cd-9b3c-92e43341a444','https://picsum.photos/seed/57d51e930/800/600',1,0,'2026-05-20 06:35:38'),
  ('69f7fe07-695d-470f-aec2-f2d82e3a747a','57d51e93-ba08-43cd-9b3c-92e43341a444','https://picsum.photos/seed/57d51e931/800/600',0,1,'2026-01-21 06:35:38'),
  ('6810faba-e007-4abc-a2f4-4f0f232158a9','57d51e93-ba08-43cd-9b3c-92e43341a444','https://picsum.photos/seed/57d51e932/800/600',0,2,'2026-06-01 06:35:38'),
  ('9c1176b4-fba5-4287-87b4-8f950ab72339','57d51e93-ba08-43cd-9b3c-92e43341a444','https://picsum.photos/seed/57d51e933/800/600',0,3,'2026-04-26 06:35:38'),
  ('e50b6563-49f5-4fb5-b8c1-423ee2e967c8','af2f5fa4-da08-4295-9114-9cd094b6ddb3','https://picsum.photos/seed/af2f5fa40/800/600',1,0,'2025-12-30 06:35:38'),
  ('bb169385-bb71-47b4-94aa-04ce4de34107','af2f5fa4-da08-4295-9114-9cd094b6ddb3','https://picsum.photos/seed/af2f5fa41/800/600',0,1,'2026-04-29 06:35:38'),
  ('9e92b627-e0d9-4d1e-a359-25777c4666e3','c8a6d265-d4d8-4dd5-b14e-99d8ce87da65','https://picsum.photos/seed/c8a6d2650/800/600',1,0,'2026-02-19 06:35:38'),
  ('dd99f089-e590-4c41-9482-f33cd4df252e','c8a6d265-d4d8-4dd5-b14e-99d8ce87da65','https://picsum.photos/seed/c8a6d2651/800/600',0,1,'2025-10-02 06:35:38'),
  ('a9d400ed-70a0-4760-8632-571826283822','c8a6d265-d4d8-4dd5-b14e-99d8ce87da65','https://picsum.photos/seed/c8a6d2652/800/600',0,2,'2026-03-26 06:35:38'),
  ('070ce759-632e-40a7-91bf-f6d6aafddd26','947471fb-0c39-45c8-ac95-81ce460eeaf6','https://picsum.photos/seed/947471fb0/800/600',1,0,'2026-01-05 06:35:38'),
  ('921b7713-951b-4589-8a04-dfd1afcc1613','947471fb-0c39-45c8-ac95-81ce460eeaf6','https://picsum.photos/seed/947471fb1/800/600',0,1,'2025-09-10 06:35:38'),
  ('a52b992c-b54e-4be2-ad3c-2b1b3afa9373','947471fb-0c39-45c8-ac95-81ce460eeaf6','https://picsum.photos/seed/947471fb2/800/600',0,2,'2025-11-17 06:35:38'),
  ('c6d84a49-8261-46d3-add6-14da588d3273','35bd39df-0e73-43bf-a92b-b8dad399e1dc','https://picsum.photos/seed/35bd39df0/800/600',1,0,'2026-02-25 06:35:38'),
  ('41f2df7d-f34f-4b1f-8a81-7f22e7ed50c2','35bd39df-0e73-43bf-a92b-b8dad399e1dc','https://picsum.photos/seed/35bd39df1/800/600',0,1,'2025-11-28 06:35:38'),
  ('cfbcfe6b-1c07-4895-89b7-5cad7337a977','35bd39df-0e73-43bf-a92b-b8dad399e1dc','https://picsum.photos/seed/35bd39df2/800/600',0,2,'2026-03-21 06:35:38'),
  ('09c0bb0f-31b9-42ed-a4bb-ba7f47422d36','35bd39df-0e73-43bf-a92b-b8dad399e1dc','https://picsum.photos/seed/35bd39df3/800/600',0,3,'2026-03-20 06:35:38'),
  ('014e4000-310d-4056-b63e-ae09bb059293','35bd39df-0e73-43bf-a92b-b8dad399e1dc','https://picsum.photos/seed/35bd39df4/800/600',0,4,'2025-11-14 06:35:38'),
  ('c476da9b-3c86-439e-b8eb-b4a0ff551c7a','b1ec203d-5d72-45dc-a14c-2ba0fa13872e','https://picsum.photos/seed/b1ec203d0/800/600',1,0,'2026-06-09 06:35:38'),
  ('39c4f1e1-754c-440f-9e35-bc7f4b2f2bb7','b1ec203d-5d72-45dc-a14c-2ba0fa13872e','https://picsum.photos/seed/b1ec203d1/800/600',0,1,'2026-03-14 06:35:38'),
  ('34e4a14f-66c7-4f0b-9747-4abb5a5f316c','b1ec203d-5d72-45dc-a14c-2ba0fa13872e','https://picsum.photos/seed/b1ec203d2/800/600',0,2,'2025-11-05 06:35:38'),
  ('6d1cd4db-82af-4110-8645-587a0c0890ff','b1ec203d-5d72-45dc-a14c-2ba0fa13872e','https://picsum.photos/seed/b1ec203d3/800/600',0,3,'2025-11-16 06:35:38'),
  ('8647c9ee-3b01-4934-87c8-b8708433f26d','b1ec203d-5d72-45dc-a14c-2ba0fa13872e','https://picsum.photos/seed/b1ec203d4/800/600',0,4,'2025-12-06 06:35:38'),
  ('d3bb796c-7585-44d7-ad84-cd07e23d8dc6','e2a6316a-8632-4e13-b906-f8d89d977cfe','https://picsum.photos/seed/e2a6316a0/800/600',1,0,'2026-03-06 06:35:38'),
  ('b4022f53-251e-464b-8d9b-aec4b901510f','e2a6316a-8632-4e13-b906-f8d89d977cfe','https://picsum.photos/seed/e2a6316a1/800/600',0,1,'2026-03-10 06:35:38'),
  ('7de05cfd-5f0c-4b29-ac16-60ea01b531fd','e881d8c5-26c8-489a-a096-ec1c7a5ca94e','https://picsum.photos/seed/e881d8c50/800/600',1,0,'2026-05-22 06:35:38'),
  ('7d777495-08d1-404e-a683-8d7443f2e00d','e881d8c5-26c8-489a-a096-ec1c7a5ca94e','https://picsum.photos/seed/e881d8c51/800/600',0,1,'2025-09-01 06:35:38'),
  ('cdce1846-236f-45fd-8383-bf49bfc45f2d','e881d8c5-26c8-489a-a096-ec1c7a5ca94e','https://picsum.photos/seed/e881d8c52/800/600',0,2,'2026-05-02 06:35:38'),
  ('5f21ccd9-358a-4eb3-9017-477790234b2a','e881d8c5-26c8-489a-a096-ec1c7a5ca94e','https://picsum.photos/seed/e881d8c53/800/600',0,3,'2025-09-22 06:35:38'),
  ('ae45d711-a563-45aa-b3bb-98db08080410','dd6e9b7f-d9f2-4efe-88b1-d657483c33b4','https://picsum.photos/seed/dd6e9b7f0/800/600',1,0,'2025-12-18 06:35:38'),
  ('4af47df7-0996-4e3b-8c30-8a898ca7e67b','dd6e9b7f-d9f2-4efe-88b1-d657483c33b4','https://picsum.photos/seed/dd6e9b7f1/800/600',0,1,'2026-01-08 06:35:38'),
  ('90cd22e4-5c42-4c68-8d6a-b96af2200804','dd6e9b7f-d9f2-4efe-88b1-d657483c33b4','https://picsum.photos/seed/dd6e9b7f2/800/600',0,2,'2026-03-15 06:35:38'),
  ('36c1deeb-017d-4bef-bf81-74979a92795a','eaaf7283-4fb8-4b85-b8d6-9f3b4654a693','https://picsum.photos/seed/eaaf72830/800/600',1,0,'2026-04-26 06:35:38'),
  ('39a77fb5-d15e-49d5-85d9-e2342d42a056','eaaf7283-4fb8-4b85-b8d6-9f3b4654a693','https://picsum.photos/seed/eaaf72831/800/600',0,1,'2026-02-09 06:35:38'),
  ('0e37b2ac-25c2-4ba3-8901-f00819b6f7d5','eaaf7283-4fb8-4b85-b8d6-9f3b4654a693','https://picsum.photos/seed/eaaf72832/800/600',0,2,'2025-10-16 06:35:38'),
  ('2786a168-2b2b-48b2-98fe-1fbbb887a41b','eaaf7283-4fb8-4b85-b8d6-9f3b4654a693','https://picsum.photos/seed/eaaf72833/800/600',0,3,'2025-09-26 06:35:38'),
  ('3c45efdf-696b-4705-967f-b7e077d0230c','eaaf7283-4fb8-4b85-b8d6-9f3b4654a693','https://picsum.photos/seed/eaaf72834/800/600',0,4,'2026-01-14 06:35:38'),
  ('527cbde4-009c-4e84-9965-165a258a3b80','25507fff-072c-474b-83a0-6b859b2a3cc1','https://picsum.photos/seed/25507fff0/800/600',1,0,'2025-12-05 06:35:38'),
  ('2527e25f-d976-4e91-93d4-88b518cbae12','25507fff-072c-474b-83a0-6b859b2a3cc1','https://picsum.photos/seed/25507fff1/800/600',0,1,'2026-04-26 06:35:38'),
  ('71f37d99-ffe9-454b-9732-32a88ddbe1e8','25507fff-072c-474b-83a0-6b859b2a3cc1','https://picsum.photos/seed/25507fff2/800/600',0,2,'2025-12-27 06:35:38'),
  ('593d01b2-ca85-437e-b30c-52d4865acc7c','25507fff-072c-474b-83a0-6b859b2a3cc1','https://picsum.photos/seed/25507fff3/800/600',0,3,'2025-12-25 06:35:38'),
  ('fcc1a1b5-942c-4316-b02e-029c0fe61fe2','25507fff-072c-474b-83a0-6b859b2a3cc1','https://picsum.photos/seed/25507fff4/800/600',0,4,'2025-11-01 06:35:38');

-- SAVED_ROOMS
INSERT INTO `SAVED_ROOMS` (uuid,user_id,room_id,created_at) VALUES
  ('78295262-e30e-4558-b348-51696b2f38f6','b8e0f3b8-875e-4108-a434-61c55a75ed5b','50afcbc3-b68d-4ecc-b9d9-eebedcb5bc20','2026-01-06 06:35:38'),
  ('b87e5905-bfd5-4229-83a2-ea26f39c3cd6','12e7f61f-5362-4448-9c51-15e078b836f7','e8dd518b-9626-471e-9db7-fe480cba6277','2026-01-21 06:35:38'),
  ('afffcbc5-e79b-431b-9bce-d44bf04319cd','850d9e0c-a01d-498e-8871-5e74b1b8590e','95b8ca06-9fb3-4b49-9036-41ecc1ffe0ce','2026-01-06 06:35:38'),
  ('7a8200de-9264-4770-9c0b-81ddee2ba56c','e36c4a02-059d-4a69-aa5b-5dd1029eba5a','87bc47aa-3a71-4d32-bc89-95a7bfde7590','2026-05-28 06:35:38'),
  ('a27533d6-8768-433d-b4c3-859d48b66fcf','d167c517-8a4c-45f4-83e3-ef33bd9866d0','3f31be5e-9857-4c8a-9313-f1ed118d2dfc','2026-05-29 06:35:38'),
  ('4024061a-9ae8-47a5-b375-eb49b038382f','c4e65f46-2165-4300-8569-1e507c25cc31','8f240436-3cde-4776-adc6-a615b71f4e1d','2026-01-01 06:35:38'),
  ('2c922e7a-6660-4e53-ad63-c9d860c0e2d7','17eafe69-8be3-4396-8f87-62363ea0b70b','ebcc6c52-d217-4365-8b5e-2789391e511e','2026-03-20 06:35:38'),
  ('d27c2c3b-4f20-4e2c-9f32-2fbce8ee51a5','f84463a8-e8b4-43ce-91db-a20dd39180a6','b91b2250-c232-46a8-b8b3-50103cf05a03','2026-05-23 06:35:38'),
  ('657907ad-08dd-415b-9196-63a0fbc1d4bb','381b96c6-d7eb-48ee-8f51-c6eb26c27e33','19eeea3f-2a45-4492-9dd0-d939b0471b0d','2026-03-11 06:35:38'),
  ('7134d41b-f13a-4f97-84fc-47640df58134','c4e65f46-2165-4300-8569-1e507c25cc31','30395760-2181-48d5-bfeb-b2146346cc3f','2026-01-16 06:35:38'),
  ('f142dde4-4433-418b-8c5f-24d23f430a04','07d599c4-e7f1-41f7-9f44-013c2fe2cef4','5197a005-e931-4e0e-8f46-d4fdc96c95bb','2026-01-13 06:35:38'),
  ('860b5afd-9cec-4291-9e8e-45e334890bd3','d674d86c-1d7a-42f3-9359-294d866a6864','50afcbc3-b68d-4ecc-b9d9-eebedcb5bc20','2026-02-05 06:35:38'),
  ('37af092f-884c-48f6-80cf-216ed53cf7eb','eb1f6382-6185-4ed4-8ae9-a2d69b64bec4','30395760-2181-48d5-bfeb-b2146346cc3f','2026-04-15 06:35:38'),
  ('1b6d4569-80d1-4f54-a2c0-4a314450272d','e36c4a02-059d-4a69-aa5b-5dd1029eba5a','8c2193a3-4951-43da-8fe3-9a2755194fe5','2026-04-08 06:35:38'),
  ('ed432daf-c26f-4cc6-ba88-eaa506486f63','a720cb5d-0462-48f2-86e7-a4953d8d5242','6a546076-8ed8-4355-89a9-27540fcbd8f7','2026-01-20 06:35:38'),
  ('6f3e09da-0b32-451c-b36a-4d411f7b29ef','24ab7eb8-c05b-44f8-9c2d-3567fa026e39','c9d302ae-1f1a-48db-8bad-f0a70d194992','2026-06-25 06:35:38'),
  ('90c7f922-62e0-4c81-884c-1c24ed414b0c','bbc36ffb-ffc3-43ac-b71b-83525beacdf5','1f38d016-fabc-40d0-bb98-d7a7f0bd11c1','2026-05-09 06:35:38'),
  ('8a5680ee-5280-4e69-99c8-44485d959ffa','a67ca264-5699-4056-87c6-bcc806014190','19eeea3f-2a45-4492-9dd0-d939b0471b0d','2026-02-04 06:35:38'),
  ('37d8a823-9bff-483a-9298-dca6a2c55f97','b1e1d2bb-febb-48e0-bb91-5e0b70d77b50','ca949d15-9e88-4e45-bf83-cf332763f2b2','2026-02-21 06:35:38'),
  ('8971ac48-1113-4da3-9d63-15fab55e2ed7','f84463a8-e8b4-43ce-91db-a20dd39180a6','0a80abfd-ddd9-40b1-97eb-8f0b5a913b28','2026-02-22 06:35:38'),
  ('44dd0ebb-f046-4a7a-b8f1-ecffdee2e4ea','f84463a8-e8b4-43ce-91db-a20dd39180a6','af2f5fa4-da08-4295-9114-9cd094b6ddb3','2026-03-06 06:35:38'),
  ('306d8ae0-5a8d-4026-ad4f-54f0623d3b1a','bbc36ffb-ffc3-43ac-b71b-83525beacdf5','2c2e65b6-ac85-4eeb-a9f2-6c29b06b763e','2026-06-06 06:35:38'),
  ('cd135243-46d0-4a7b-ba25-ba92ce567645','381b96c6-d7eb-48ee-8f51-c6eb26c27e33','dccae1c8-1f6e-4143-917f-a099f86eb545','2025-12-15 06:35:38'),
  ('0a41b2fb-feb9-48cc-959f-29343c6b333c','a7923b0d-17f9-464d-8140-32e8b6818016','aae599cb-1de9-4bbd-8268-d09f6f55e1b3','2026-06-19 06:35:38'),
  ('298d5028-aa87-4b0a-b431-f7ce95308002','3e629edf-bfd0-44e4-9aa3-af4641407f97','a6186894-c3e9-4b9a-a0cf-65a31d87d3a0','2026-02-10 06:35:38'),
  ('5e3c6856-15de-4b10-ab78-db5721c4956d','1775165e-e4cd-4256-bef6-5e039a573473','2c2e65b6-ac85-4eeb-a9f2-6c29b06b763e','2025-12-10 06:35:38'),
  ('a622de7a-b1be-42c1-8e87-1ee529049e6f','492d9542-dc49-4e7e-9191-ae6dd442aa4d','79161b9c-f59d-49c1-b30b-faa402b78579','2025-12-19 06:35:38'),
  ('f2b349bd-0fab-4ed1-876d-43c93cb18c04','ec9b1752-967a-4a66-b47a-bcba2901a1f5','eaaf7283-4fb8-4b85-b8d6-9f3b4654a693','2026-02-21 06:35:38'),
  ('2f257709-d6a5-4fc5-ad91-a36b608f8637','e2454f38-5e4b-4f4f-b220-ccb4ce268b64','ebcc6c52-d217-4365-8b5e-2789391e511e','2026-05-30 06:35:38'),
  ('5d17ee55-b9b1-412c-af1a-4928a4f6a2be','381b96c6-d7eb-48ee-8f51-c6eb26c27e33','22c5de9e-2ae9-4afd-a48e-06b5e12c9db5','2026-04-20 06:35:38'),
  ('1ccadf89-7ac8-4122-8980-636896d28843','ec9b1752-967a-4a66-b47a-bcba2901a1f5','c59db587-b206-4838-a1b3-66aab95a890f','2026-03-26 06:35:38'),
  ('45b4b892-9557-4d24-ba64-e41a4edf8e03','07d599c4-e7f1-41f7-9f44-013c2fe2cef4','e881d8c5-26c8-489a-a096-ec1c7a5ca94e','2026-06-17 06:35:38'),
  ('adb9fbe9-3a48-4ff2-bd37-0bafe2dfbbfd','a5635d95-feab-4304-be41-23cabb2be648','947471fb-0c39-45c8-ac95-81ce460eeaf6','2026-03-07 06:35:38'),
  ('023a17f3-537f-4043-b981-3af8b61a8056','07d599c4-e7f1-41f7-9f44-013c2fe2cef4','c1664b85-9e82-45d0-bde8-f3d5701c0243','2026-03-11 06:35:38'),
  ('593d5560-663e-45e3-af5c-76ae6545a153','6d511d3a-8802-4249-a9ff-a680b0e044e9','b1ec203d-5d72-45dc-a14c-2ba0fa13872e','2026-01-11 06:35:38'),
  ('77eca2b1-6531-43b0-8cf8-e4a2693493fc','a5635d95-feab-4304-be41-23cabb2be648','20739778-b9e8-4363-8d30-e0687c4adeab','2026-04-12 06:35:38'),
  ('0fd46112-2ce1-447b-905a-1b488f3b7fd4','8aac427d-d132-4792-9b7d-81130e3c303c','5dc7f18a-2812-4930-976f-ddc3b9784700','2026-03-04 06:35:38'),
  ('12c00801-4c28-4119-97d3-d65c3b9f9083','11d0587f-50f8-4fb0-bab1-7c0317ea98f1','fe883555-8bc3-49ea-a1da-16a3d041f032','2026-06-05 06:35:38'),
  ('2fef54b4-a318-4764-b34e-b661ce60f0a6','7aa7ddfd-3bcd-4cbe-ada2-0f2ec55db3d8','253727ec-e12a-42ef-a166-bd2145c08422','2025-12-11 06:35:38'),
  ('ddc20e46-0333-4bac-9035-057f2bac8c7e','5cae85cb-6054-4919-80b6-f6031dbf3534','554066e2-e08b-477a-98cc-4dc9f3b44d45','2026-05-05 06:35:38'),
  ('387d8dac-20fb-4a14-8dd5-e910f4995fb4','5cae85cb-6054-4919-80b6-f6031dbf3534','b1ec203d-5d72-45dc-a14c-2ba0fa13872e','2026-01-28 06:35:38'),
  ('73ec5b40-d363-4e15-b562-385c92ed771c','3e257aab-7716-46fb-83a2-e31acf79dfcf','fe883555-8bc3-49ea-a1da-16a3d041f032','2025-12-28 06:35:38'),
  ('6ca01219-5690-4e5c-9d8d-ab6e128aec31','b8e0f3b8-875e-4108-a434-61c55a75ed5b','2b2aefcc-3692-4fb1-ab87-11beffc51948','2026-03-10 06:35:38'),
  ('0c2d7361-3ccc-48d6-b3e1-64e24868d6e0','eb1f6382-6185-4ed4-8ae9-a2d69b64bec4','e2d863e4-63e5-4c2c-824d-0331fa184abd','2026-05-23 06:35:38'),
  ('57787faf-2580-484b-8ed9-3a8b61643bb5','5a43d6f1-70c1-4ed0-a3e7-fd98f1231ff3','17429a4c-0a9d-4ab8-afac-27316ee718cc','2026-05-06 06:35:38'),
  ('a68d58e9-5b87-4d85-b910-27c888525c2e','5cae85cb-6054-4919-80b6-f6031dbf3534','b6638a7d-e578-45f9-8715-2828ebbec108','2026-02-02 06:35:38'),
  ('e25ad10e-dcdd-496e-9ef3-bb6722f42947','6553bcc1-0794-4f19-8d19-748eab479e98','d8c0821c-b5d4-45cc-85bc-e91094848a63','2026-04-17 06:35:38'),
  ('9dba58b2-99ea-4699-bc71-8f0e212c2c73','9317f130-3624-48b4-bcb5-a57d45f98178','d8c0821c-b5d4-45cc-85bc-e91094848a63','2026-05-15 06:35:38'),
  ('d8eb0d5e-5fc5-432d-95ec-1888830b31bc','3a3d6454-6ebd-4c80-bc20-c596eec55873','af2f5fa4-da08-4295-9114-9cd094b6ddb3','2026-04-14 06:35:38'),
  ('591ca7e4-006b-40f8-8740-764f20cee1f6','1775165e-e4cd-4256-bef6-5e039a573473','ad63b934-de01-4660-b192-12448a904749','2026-04-20 06:35:38'),
  ('cdc7a4b0-a2bf-4e98-be05-f088cc3ad34c','d0cc1727-eb5f-4ac8-8af7-b1d291bee5b8','ebcc6c52-d217-4365-8b5e-2789391e511e','2026-01-05 06:35:38'),
  ('1cbe6516-fbd6-40a2-80d2-32d3655d6cf3','a67ca264-5699-4056-87c6-bcc806014190','78e0c13d-c4a1-4ecb-a4aa-e3d364dbfe8f','2026-05-24 06:35:38'),
  ('077dada4-7ffc-4fd6-8d65-e277a78dcd41','a5635d95-feab-4304-be41-23cabb2be648','f4a451ac-a607-4a35-ba36-ff022010d7dc','2026-06-12 06:35:38'),
  ('35947add-7eb6-4e9d-9fbf-bee89c268ed7','3e629edf-bfd0-44e4-9aa3-af4641407f97','ca949d15-9e88-4e45-bf83-cf332763f2b2','2026-05-26 06:35:38'),
  ('05be8059-3a9a-4b5a-b079-3c8c2176aa43','3e257aab-7716-46fb-83a2-e31acf79dfcf','36673f1d-4619-4401-91f2-4b796c10b5ef','2026-04-25 06:35:38'),
  ('9b1eb70f-4b07-44bd-a2d3-fd306d677888','17eafe69-8be3-4396-8f87-62363ea0b70b','c8a6d265-d4d8-4dd5-b14e-99d8ce87da65','2026-04-06 06:35:38'),
  ('c2a013ce-b7c0-4ca3-b3f1-302086501f58','a720cb5d-0462-48f2-86e7-a4953d8d5242','20739778-b9e8-4363-8d30-e0687c4adeab','2025-12-15 06:35:38'),
  ('5d83208d-c571-4734-a25d-6332be1ccb95','a720cb5d-0462-48f2-86e7-a4953d8d5242','578a2769-00f1-497c-a8c5-510bc94cff9f','2026-03-19 06:35:38'),
  ('5fa1c21c-7ba6-4c2e-a798-0c70881d29fa','bbc36ffb-ffc3-43ac-b71b-83525beacdf5','78fa2982-362b-4703-86ab-12fbbfb1494a','2026-01-31 06:35:38'),
  ('75cd1d13-a498-4d8a-9021-20ac1c40e24f','97540b66-1c7f-46b9-adfc-814d0f857fd2','b52e1e40-021f-4756-83f4-73e44e1d426c','2026-01-18 06:35:38'),
  ('989209c6-e140-40cc-9767-f589d38ef800','f84463a8-e8b4-43ce-91db-a20dd39180a6','983de19c-d5f4-40d2-9387-e49d92022e58','2026-03-04 06:35:38'),
  ('a15d980b-76d5-4621-95d9-532430842066','6ad50919-6d77-4d6d-bc15-0359448690b7','b444ccaf-3fe7-43a7-ab47-193819a373e0','2025-12-13 06:35:38'),
  ('cc967fe5-0528-4d69-8698-b84297c1510c','5bd05cd9-69e6-44f0-b675-0b0e8fb7562b','c689756e-1c26-4303-a485-4ccd6e456db2','2026-02-16 06:35:38'),
  ('bd35dbb7-8521-4828-903e-a5f4921f22e4','554b4c7f-71b9-4047-ad37-b4c2ca8aa5cb','60ed4506-ea82-4f47-b72c-ca0667abda5c','2026-01-01 06:35:38'),
  ('5ff745ae-293e-445e-a7b1-9e945a194a78','d674d86c-1d7a-42f3-9359-294d866a6864','8f240436-3cde-4776-adc6-a615b71f4e1d','2026-03-03 06:35:38'),
  ('afb42877-5a1b-4f71-acb5-6fb2e25313eb','bbc36ffb-ffc3-43ac-b71b-83525beacdf5','af21b5ec-f5f7-443d-bcfa-9fc56f003066','2026-01-30 06:35:38'),
  ('18462025-b9d4-4e5e-be66-4328bf8df898','eff0da25-6ba8-4b0a-a522-f11ef7aa6263','25507fff-072c-474b-83a0-6b859b2a3cc1','2025-12-22 06:35:38'),
  ('b2e3f65c-f29b-4a3c-a80f-8ceaa472577c','5bd05cd9-69e6-44f0-b675-0b0e8fb7562b','35bd39df-0e73-43bf-a92b-b8dad399e1dc','2026-03-02 06:35:38'),
  ('a87215fb-8fce-4514-a2c6-39ce63fd4df0','97540b66-1c7f-46b9-adfc-814d0f857fd2','9a6d802b-6e3b-47f9-87b8-b35fff0393ec','2025-12-31 06:35:38'),
  ('192edca4-d35d-4696-9387-1c877b029abc','6553bcc1-0794-4f19-8d19-748eab479e98','753aa67c-f5ce-48b6-96f3-e4d2a64ace94','2026-02-11 06:35:38'),
  ('5e46ee85-f0c1-42fd-bac1-fbad4ee26b86','8d73bfca-01d2-4bee-95a1-8f7e6f5cd041','c1664b85-9e82-45d0-bde8-f3d5701c0243','2026-03-10 06:35:38'),
  ('d1941a2d-94cb-436f-b743-6ae29ea566c7','a67ca264-5699-4056-87c6-bcc806014190','c1664b85-9e82-45d0-bde8-f3d5701c0243','2026-02-21 06:35:38'),
  ('32a41a0b-11b0-4c0c-85b3-5f9f3a1a16be','3e629edf-bfd0-44e4-9aa3-af4641407f97','af21b5ec-f5f7-443d-bcfa-9fc56f003066','2026-04-16 06:35:38'),
  ('62d2d737-e03f-4185-b03b-96e5df4d0d0f','f6cc35a6-15f7-44a6-9886-bcc20d9c61b2','32041676-0421-4c7d-8515-e71c16833bd4','2026-01-31 06:35:38'),
  ('b927663d-0652-44c6-bab2-08f2b332ede4','e36c4a02-059d-4a69-aa5b-5dd1029eba5a','79161b9c-f59d-49c1-b30b-faa402b78579','2026-02-23 06:35:38'),
  ('7b42852c-56c4-479e-8391-fb7e92770e6f','5a43d6f1-70c1-4ed0-a3e7-fd98f1231ff3','3659ad3b-ccd4-4105-a3ea-bf2cc2452484','2026-01-04 06:35:38'),
  ('4d47baa7-410d-4f20-adf2-e382e650ee3c','a5635d95-feab-4304-be41-23cabb2be648','723ec80e-6dc9-4732-aeeb-ab8de7eab109','2026-06-16 06:35:38'),
  ('abb10ceb-d739-4cdc-aed6-8a1f26630b6e','6d511d3a-8802-4249-a9ff-a680b0e044e9','2b2aefcc-3692-4fb1-ab87-11beffc51948','2026-03-02 06:35:38'),
  ('7ac8810d-2885-4520-b9f5-e6de0ecbc90f','57f765f9-2717-490a-a764-d46657a7baf4','253727ec-e12a-42ef-a166-bd2145c08422','2026-05-18 06:35:38'),
  ('4a306753-4dda-42b3-9607-931093921b8d','7aa7ddfd-3bcd-4cbe-ada2-0f2ec55db3d8','04307b79-0de2-4c8a-9ead-b4b0d99252af','2026-06-27 06:35:38'),
  ('8c1f0604-45e9-41aa-b645-b6a3e6406738','f84b914e-9c61-4e4f-b8b8-0662cabf915a','82a25648-01fd-41fd-809b-8f08aa400ddb','2026-01-02 06:35:38'),
  ('09118704-5afb-4075-a8cf-3deb8cbf699a','9eb76276-0693-4766-8047-7bac73a2d2fd','36673f1d-4619-4401-91f2-4b796c10b5ef','2026-01-12 06:35:38'),
  ('900c4be2-c886-40c2-9129-a0361f35609a','a85e5df6-d0df-4343-951a-d1f18aad9d77','e30717e9-6bfc-4f4d-990a-e2a196322307','2026-04-18 06:35:38'),
  ('76a7ad4a-d6de-4e3f-b9c9-c6b88a49e533','5bd05cd9-69e6-44f0-b675-0b0e8fb7562b','ca949d15-9e88-4e45-bf83-cf332763f2b2','2026-03-27 06:35:38'),
  ('47d62381-5597-4a92-995a-a663c7fcd3a7','11d0587f-50f8-4fb0-bab1-7c0317ea98f1','95b8ca06-9fb3-4b49-9036-41ecc1ffe0ce','2026-03-24 06:35:38'),
  ('2077a1ad-b7d3-4b6c-933f-524053b8ba2a','f0f82ee5-63ec-42f1-8b4a-36c65cd46dd5','ca949d15-9e88-4e45-bf83-cf332763f2b2','2026-05-16 06:35:38'),
  ('72da6dd5-be34-47a3-ba22-b68c80b0e53d','24ab7eb8-c05b-44f8-9c2d-3567fa026e39','24cc6731-89cd-41dc-b3b4-0794680c805b','2026-01-18 06:35:38'),
  ('7d5aeaee-f94d-4d20-bdf7-b00246f3be1c','a85e5df6-d0df-4343-951a-d1f18aad9d77','947471fb-0c39-45c8-ac95-81ce460eeaf6','2025-12-30 06:35:38'),
  ('f9df3c62-bc33-4ffd-b0b0-6ac377819132','a5635d95-feab-4304-be41-23cabb2be648','11822530-61af-4dfe-86ac-8e551e205d04','2026-03-10 06:35:38'),
  ('851e4f23-a193-42d6-8308-7b3aa476c49d','d606d815-af6f-440a-8039-64af48c4a294','3e9857ea-b315-4983-9b30-d34fea8f5147','2025-12-29 06:35:38'),
  ('cb288870-5763-4177-99e8-018cd5c3bd78','6d511d3a-8802-4249-a9ff-a680b0e044e9','d31d0af4-d151-4d44-ab45-8140192d0343','2026-05-04 06:35:38'),
  ('e6ccb8c4-d2e9-456d-80cc-a69cf34a47bf','66c8ee2b-42df-4e82-b4aa-fd0547fbb5fa','6a8d4e57-7f22-48cf-b5f6-7a56085cb45c','2026-05-25 06:35:38'),
  ('f7dbd004-db88-415c-9f30-fe2db6e65d48','850d9e0c-a01d-498e-8871-5e74b1b8590e','a6186894-c3e9-4b9a-a0cf-65a31d87d3a0','2026-02-15 06:35:38'),
  ('cf28a3b0-4fe5-4e57-b614-d3f418e50ead','593f8338-a05e-4274-84df-3d1cfaf0affd','504a1e31-5358-4768-9cb1-1a38c93b5bab','2026-06-25 06:35:38'),
  ('a7150468-dd00-47e8-a7c2-34213081fc7e','eff0da25-6ba8-4b0a-a522-f11ef7aa6263','57d51e93-ba08-43cd-9b3c-92e43341a444','2026-04-01 06:35:38'),
  ('0ed02c54-3dc9-4535-8083-3a677e08adb7','a67ca264-5699-4056-87c6-bcc806014190','253727ec-e12a-42ef-a166-bd2145c08422','2026-03-11 06:35:38'),
  ('28ad893d-790a-42ea-a5f8-02426aeb7fba','a7923b0d-17f9-464d-8140-32e8b6818016','19eeea3f-2a45-4492-9dd0-d939b0471b0d','2026-06-05 06:35:38'),
  ('9add3e0b-4ce9-47ec-abf9-b94ec20c11cd','c14aebfb-8143-473e-b515-9d80c6e66a48','b0bbceea-79c4-4d51-9959-f76d857dca9d','2026-06-01 06:35:38'),
  ('9f2677e3-a268-47fe-b8b6-10c16ac51e0f','3a3d6454-6ebd-4c80-bc20-c596eec55873','8f240436-3cde-4776-adc6-a615b71f4e1d','2026-04-12 06:35:38'),
  ('73a91112-aba4-4f39-8a3a-84852baf6137','e36c4a02-059d-4a69-aa5b-5dd1029eba5a','983de19c-d5f4-40d2-9387-e49d92022e58','2025-12-11 06:35:38');

-- VIEWING_REQUESTS
INSERT INTO `VIEWING_REQUESTS` (uuid,room_id,renter_id,owner_id,requested_date,requested_time,status,suggested_date,suggested_time,notes,created_at,updated_at) VALUES
  ('c0cdd252-4983-46ec-bcd5-a7e631ffa89a','e881d8c5-26c8-489a-a096-ec1c7a5ca94e','8aac427d-d132-4792-9b7d-81130e3c303c','f8115c5c-1878-4c99-abbe-0795b2e72abb','2026-06-04','16:00:00','APPROVED',NULL,NULL,'Please confirm ASAP','2026-01-16 06:35:38','2026-01-16 06:35:38'),
  ('b66b0fe0-55c3-4521-ac66-2905b6b44bb4','ca949d15-9e88-4e45-bf83-cf332763f2b2','eb1f6382-6185-4ed4-8ae9-a2d69b64bec4','3e20359e-3eef-43f6-a359-4bd951e98fd2','2026-04-28','18:00:00','REJECTED',NULL,NULL,'Please confirm ASAP','2026-03-08 06:35:38','2026-03-08 06:35:38'),
  ('5bfa3b45-1c16-4d84-819c-2a6ffa748d8f','e2d863e4-63e5-4c2c-824d-0331fa184abd','593f8338-a05e-4274-84df-3d1cfaf0affd','3e20359e-3eef-43f6-a359-4bd951e98fd2','2026-05-30','09:00:00','APPROVED',NULL,NULL,'Please confirm ASAP','2026-05-21 06:35:38','2026-05-21 06:35:38'),
  ('6e2b8bb0-66c6-4fdf-aedc-4a962441e20a','7d940a80-68d6-4b0e-bc8f-82f3a3f63658','c14aebfb-8143-473e-b515-9d80c6e66a48','a5f734a0-fb3a-44a7-b5ce-ca39a0b1be0f','2026-03-04','13:00:00','REJECTED',NULL,NULL,'Please confirm ASAP','2026-04-19 06:35:38','2026-04-19 06:35:38'),
  ('1b41f23f-039f-44ab-b40a-76b3737f4176','60ed4506-ea82-4f47-b72c-ca0667abda5c','d606d815-af6f-440a-8039-64af48c4a294','09f500ef-0e78-4256-bd00-000a198fe0ea','2026-01-31','17:30:00','APPROVED',NULL,NULL,'Please confirm ASAP','2026-06-15 06:35:38','2026-06-15 06:35:38'),
  ('31d8a327-e313-44b8-bb61-a8b17e51a948','482ec36b-53c6-4c85-848a-a8bc5b53ec66','0f80f7bb-0152-44e4-be71-96449760ffba','d3eff5db-9b4a-469c-af6f-e419d9d67590','2026-02-09','17:00:00','APPROVED',NULL,NULL,'Please confirm ASAP','2026-03-13 06:35:38','2026-03-13 06:35:38'),
  ('9d223263-865c-42c5-9188-51ba65c5df5e','aae599cb-1de9-4bbd-8268-d09f6f55e1b3','d606d815-af6f-440a-8039-64af48c4a294','2428036e-a122-4d1f-b76c-b93eac676d8b','2026-02-15','14:00:00','APPROVED',NULL,NULL,'Please confirm ASAP','2026-04-21 06:35:38','2026-04-21 06:35:38'),
  ('e5f7ed46-a828-4eb8-bff2-ed03a96f67e5','115a5826-8860-4f9b-8c1a-454b668d13cb','97540b66-1c7f-46b9-adfc-814d0f857fd2','3242b1bb-0bb4-47f5-8bf8-9471187b5c9b','2026-02-06','08:30:00','PENDING',NULL,NULL,'Please confirm ASAP','2026-04-01 06:35:38','2026-04-01 06:35:38'),
  ('bd910ad1-2170-4d56-83a2-52174a941d0a','36673f1d-4619-4401-91f2-4b796c10b5ef','6fb00870-837f-485f-8237-b618c46e9eb3','e03a30ff-5d94-49d1-92ca-7ae817c17c7e','2026-03-20','16:00:00','SUGGESTED','2026-04-28','09:00:00','Please confirm ASAP','2026-01-22 06:35:38','2026-01-22 06:35:38'),
  ('342049d3-9660-4a27-b68a-c2c3b287bebd','753aa67c-f5ce-48b6-96f3-e4d2a64ace94','eff0da25-6ba8-4b0a-a522-f11ef7aa6263','dec0e5de-3f31-41f2-8f58-fb71600dc5b6','2026-06-11','08:30:00','APPROVED',NULL,NULL,'Please confirm ASAP','2026-02-12 06:35:38','2026-02-12 06:35:38'),
  ('ca58701b-c6ab-4921-922b-64c243f5a3d3','03a852c2-77ca-4f97-ac5f-1b130a1e77fa','97540b66-1c7f-46b9-adfc-814d0f857fd2','a6e9d3b9-94d8-4b7e-8772-e388a0770fd5','2026-03-05','14:00:00','SUGGESTED','2026-04-07','16:00:00','Please confirm ASAP','2026-04-11 06:35:38','2026-04-11 06:35:38'),
  ('f0210306-e95e-4424-9b8b-f9b2ad7b05c3','95b8ca06-9fb3-4b49-9036-41ecc1ffe0ce','a85e5df6-d0df-4343-951a-d1f18aad9d77','09f500ef-0e78-4256-bd00-000a198fe0ea','2026-05-13','16:30:00','APPROVED',NULL,NULL,'Please confirm ASAP','2026-03-13 06:35:38','2026-03-13 06:35:38'),
  ('cb0e4186-8063-4277-bef4-f9dfc3958865','7d940a80-68d6-4b0e-bc8f-82f3a3f63658','97540b66-1c7f-46b9-adfc-814d0f857fd2','99296336-2328-4645-8c8c-c6dfa75ed174','2026-04-03','14:00:00','PENDING',NULL,NULL,'Please confirm ASAP','2026-06-07 06:35:38','2026-06-07 06:35:38'),
  ('d6ccab68-a071-4df8-bfab-4b4edbbd51ad','20739778-b9e8-4363-8d30-e0687c4adeab','5bd05cd9-69e6-44f0-b675-0b0e8fb7562b','40ca7086-c39f-45b7-b429-d9164f4ddb97','2026-05-23','15:00:00','SUGGESTED','2026-05-19','18:00:00','Please confirm ASAP','2026-05-22 06:35:38','2026-05-22 06:35:38'),
  ('8a981363-c47a-4a36-883a-545f59fd5a82','2b2a7851-bffb-4191-af4e-8417074dbabd','12e7f61f-5362-4448-9c51-15e078b836f7','f8115c5c-1878-4c99-abbe-0795b2e72abb','2026-05-11','15:30:00','PENDING',NULL,NULL,'Please confirm ASAP','2026-02-08 06:35:38','2026-02-08 06:35:38'),
  ('e2ab6d6f-8a15-45d5-af91-b6ab77ca71aa','bde4f9b5-6f78-46dd-8426-ff7d0e9e4708','5a43d6f1-70c1-4ed0-a3e7-fd98f1231ff3','45e1ccc3-0eea-495b-ad4f-7e8cf946f70c','2026-05-10','13:00:00','REJECTED',NULL,NULL,'Please confirm ASAP','2026-04-14 06:35:38','2026-04-14 06:35:38'),
  ('5243d47a-3f2d-49b7-9e0a-1622f473a66c','35bd39df-0e73-43bf-a92b-b8dad399e1dc','0f80f7bb-0152-44e4-be71-96449760ffba','b5f2c781-4417-4887-9810-8cc7301b9b7f','2026-03-28','14:30:00','PENDING',NULL,NULL,'Please confirm ASAP','2026-02-07 06:35:38','2026-02-07 06:35:38'),
  ('4907305c-276b-4eb8-a2fd-092fef4f56d8','753aa67c-f5ce-48b6-96f3-e4d2a64ace94','11d0587f-50f8-4fb0-bab1-7c0317ea98f1','a6e9d3b9-94d8-4b7e-8772-e388a0770fd5','2026-02-14','15:30:00','PENDING',NULL,NULL,'Please confirm ASAP','2026-06-07 06:35:38','2026-06-07 06:35:38'),
  ('a8fa8228-f638-4d8d-93cd-771ba2612871','115a5826-8860-4f9b-8c1a-454b668d13cb','d0cc1727-eb5f-4ac8-8af7-b1d291bee5b8','b5134063-e3a0-460a-9dbc-ab6abc7e13c9','2026-03-19','10:30:00','APPROVED',NULL,NULL,'Please confirm ASAP','2026-05-26 06:35:38','2026-05-26 06:35:38'),
  ('9d74f089-e750-4453-9f5a-8ce37610ef73','ad63b934-de01-4660-b192-12448a904749','593f8338-a05e-4274-84df-3d1cfaf0affd','38a7143e-c7db-4fd6-b773-4f93a4581e3b','2026-04-24','16:00:00','PENDING',NULL,NULL,'Please confirm ASAP','2026-06-10 06:35:38','2026-06-10 06:35:38'),
  ('458e32c8-b35a-4f91-bcb0-d4db23170916','2b2a7851-bffb-4191-af4e-8417074dbabd','d167c517-8a4c-45f4-83e3-ef33bd9866d0','2428036e-a122-4d1f-b76c-b93eac676d8b','2026-03-20','14:00:00','SUGGESTED','2026-06-05','08:30:00','Please confirm ASAP','2026-04-25 06:35:38','2026-04-25 06:35:38'),
  ('87136a2a-6beb-443f-8059-b97e66d69235','af21b5ec-f5f7-443d-bcfa-9fc56f003066','d167c517-8a4c-45f4-83e3-ef33bd9866d0','c4c9eb54-5211-49c0-bc22-4a8cae2a1b67','2026-04-13','09:30:00','REJECTED',NULL,NULL,'Please confirm ASAP','2026-05-22 06:35:38','2026-05-22 06:35:38'),
  ('7b1d3459-73b3-408d-ab87-0d600585769f','902dec74-917a-4096-b280-3aa71f80a41b','593f8338-a05e-4274-84df-3d1cfaf0affd','8c8ccd5c-dea0-40c4-9bb3-3e9be2a08e7e','2026-05-07','11:00:00','PENDING',NULL,NULL,'Please confirm ASAP','2026-03-11 06:35:38','2026-03-11 06:35:38'),
  ('5386312c-e811-4f2e-a509-c79f965b11cb','753aa67c-f5ce-48b6-96f3-e4d2a64ace94','0f80f7bb-0152-44e4-be71-96449760ffba','3e20359e-3eef-43f6-a359-4bd951e98fd2','2026-04-03','13:00:00','REJECTED',NULL,NULL,'Please confirm ASAP','2026-01-31 06:35:38','2026-01-31 06:35:38'),
  ('a128313f-b353-4698-98c4-a15ccb7be38f','04307b79-0de2-4c8a-9ead-b4b0d99252af','eff0da25-6ba8-4b0a-a522-f11ef7aa6263','e791a6c4-3114-4394-a07f-66bc44ff67fb','2026-04-08','17:30:00','APPROVED',NULL,NULL,'Please confirm ASAP','2026-01-13 06:35:38','2026-01-13 06:35:38'),
  ('c7697179-c110-4475-a62d-2f7c19644f3e','20739778-b9e8-4363-8d30-e0687c4adeab','492d9542-dc49-4e7e-9191-ae6dd442aa4d','e791a6c4-3114-4394-a07f-66bc44ff67fb','2026-05-02','16:00:00','SUGGESTED','2026-06-08','08:30:00','Please confirm ASAP','2026-06-15 06:35:38','2026-06-15 06:35:38'),
  ('405000fe-58a0-4a58-a91c-1880b6d1aacc','11822530-61af-4dfe-86ac-8e551e205d04','07d599c4-e7f1-41f7-9f44-013c2fe2cef4','e791a6c4-3114-4394-a07f-66bc44ff67fb','2026-03-28','08:30:00','PENDING',NULL,NULL,'Please confirm ASAP','2026-04-04 06:35:38','2026-04-04 06:35:38'),
  ('7c80a254-3749-4fc0-babf-9d7d14c6abd3','b0bbceea-79c4-4d51-9959-f76d857dca9d','c6007366-d637-45ea-a59e-595d35327c58','b96a92c8-5074-4a2f-8b51-05186e5564ef','2026-03-06','15:00:00','APPROVED',NULL,NULL,'Please confirm ASAP','2026-05-16 06:35:38','2026-05-16 06:35:38'),
  ('27aae58e-255b-4b40-bd23-997886a48d1e','c8a6d265-d4d8-4dd5-b14e-99d8ce87da65','3e629edf-bfd0-44e4-9aa3-af4641407f97','09f500ef-0e78-4256-bd00-000a198fe0ea','2026-04-23','16:30:00','PENDING',NULL,NULL,'Please confirm ASAP','2026-03-18 06:35:38','2026-03-18 06:35:38'),
  ('2a20e2c2-4357-4dcb-ad3e-0e4f20ad2fac','04307b79-0de2-4c8a-9ead-b4b0d99252af','554b4c7f-71b9-4047-ad37-b4c2ca8aa5cb','09f500ef-0e78-4256-bd00-000a198fe0ea','2026-02-12','10:30:00','PENDING',NULL,NULL,'Please confirm ASAP','2026-06-02 06:35:38','2026-06-02 06:35:38'),
  ('1199ecd0-29b2-4630-9481-509af73f8342','7d940a80-68d6-4b0e-bc8f-82f3a3f63658','381b96c6-d7eb-48ee-8f51-c6eb26c27e33','2428036e-a122-4d1f-b76c-b93eac676d8b','2026-01-03','10:00:00','SUGGESTED','2026-05-21','12:30:00','Please confirm ASAP','2026-03-13 06:35:38','2026-03-13 06:35:38'),
  ('e4f3ebb7-c23d-46b3-9e4e-603450f56a90','57d51e93-ba08-43cd-9b3c-92e43341a444','a720cb5d-0462-48f2-86e7-a4953d8d5242','38a7143e-c7db-4fd6-b773-4f93a4581e3b','2026-04-01','15:30:00','REJECTED',NULL,NULL,'Please confirm ASAP','2026-04-23 06:35:38','2026-04-23 06:35:38'),
  ('f66fa512-9334-4cb7-a63b-ac33aedcdaf1','6a8d4e57-7f22-48cf-b5f6-7a56085cb45c','179309ac-4569-438b-8926-72baaf5fb4b2','f8115c5c-1878-4c99-abbe-0795b2e72abb','2026-05-13','09:00:00','PENDING',NULL,NULL,'Please confirm ASAP','2026-02-26 06:35:38','2026-02-26 06:35:38'),
  ('76f75e33-0000-49ec-84c8-d577f984e365','cce5ecc0-8fc4-4c63-b288-4a2246d84b27','3a3d6454-6ebd-4c80-bc20-c596eec55873','c4c9eb54-5211-49c0-bc22-4a8cae2a1b67','2026-02-04','13:00:00','PENDING',NULL,NULL,'Please confirm ASAP','2026-02-26 06:35:38','2026-02-26 06:35:38'),
  ('a9b41baf-e509-4330-b9cb-e22e9db0bd86','3f31be5e-9857-4c8a-9313-f1ed118d2dfc','492d9542-dc49-4e7e-9191-ae6dd442aa4d','dec0e5de-3f31-41f2-8f58-fb71600dc5b6','2026-05-29','10:30:00','PENDING',NULL,NULL,'Please confirm ASAP','2026-01-18 06:35:38','2026-01-18 06:35:38'),
  ('4defc485-b142-4265-b586-35c67ae6d708','3c5b3fee-5998-4f69-9f21-ba52dff18a60','c6007366-d637-45ea-a59e-595d35327c58','45e1ccc3-0eea-495b-ad4f-7e8cf946f70c','2026-05-15','09:00:00','REJECTED',NULL,NULL,'Please confirm ASAP','2026-03-22 06:35:38','2026-03-22 06:35:38'),
  ('dbbcacf1-a334-4bbf-91ca-d17155368d1b','24cc6731-89cd-41dc-b3b4-0794680c805b','b1e1d2bb-febb-48e0-bb91-5e0b70d77b50','2428036e-a122-4d1f-b76c-b93eac676d8b','2026-04-16','10:00:00','REJECTED',NULL,NULL,'Please confirm ASAP','2026-03-10 06:35:38','2026-03-10 06:35:38'),
  ('031043d4-fe3d-4a2a-82ac-3be4b3450ca4','6a546076-8ed8-4355-89a9-27540fcbd8f7','e2454f38-5e4b-4f4f-b220-ccb4ce268b64','38a7143e-c7db-4fd6-b773-4f93a4581e3b','2026-05-28','15:00:00','APPROVED',NULL,NULL,'Please confirm ASAP','2026-05-17 06:35:38','2026-05-17 06:35:38'),
  ('533b17c5-c0ea-43c9-b14f-90301d950e60','253727ec-e12a-42ef-a166-bd2145c08422','eff0da25-6ba8-4b0a-a522-f11ef7aa6263','2428036e-a122-4d1f-b76c-b93eac676d8b','2026-05-19','11:30:00','APPROVED',NULL,NULL,'Please confirm ASAP','2026-03-18 06:35:38','2026-03-18 06:35:38'),
  ('9ee81892-b307-4bc7-8c49-374746790c12','0a80abfd-ddd9-40b1-97eb-8f0b5a913b28','97540b66-1c7f-46b9-adfc-814d0f857fd2','240809bc-50f8-4b78-b632-76788e0eb038','2026-01-23','17:30:00','PENDING',NULL,NULL,'Please confirm ASAP','2026-06-02 06:35:38','2026-06-02 06:35:38'),
  ('d033cbef-8256-4eee-abb4-b118bee43c43','09d89686-5deb-45ee-bb3c-4de98fef4eaa','6ad50919-6d77-4d6d-bc15-0359448690b7','07a55d25-7f29-4ae0-827a-7371e292c792','2026-05-20','09:30:00','SUGGESTED','2026-06-12','08:30:00','Please confirm ASAP','2026-06-09 06:35:38','2026-06-09 06:35:38'),
  ('787d8705-378d-4f75-84bc-148ef801e52f','2c2e65b6-ac85-4eeb-a9f2-6c29b06b763e','d674d86c-1d7a-42f3-9359-294d866a6864','b5134063-e3a0-460a-9dbc-ab6abc7e13c9','2026-03-12','15:00:00','SUGGESTED','2026-05-10','18:30:00','Please confirm ASAP','2026-05-08 06:35:38','2026-05-08 06:35:38'),
  ('efd15d7c-21a2-44cb-a5d1-2ba3e597ac56','c9d302ae-1f1a-48db-8bad-f0a70d194992','c6007366-d637-45ea-a59e-595d35327c58','40ca7086-c39f-45b7-b429-d9164f4ddb97','2026-04-12','12:30:00','APPROVED',NULL,NULL,'Please confirm ASAP','2026-05-14 06:35:38','2026-05-14 06:35:38'),
  ('3af3a69b-01f5-425a-91cc-8f1117db28de','5dc7f18a-2812-4930-976f-ddc3b9784700','b8e0f3b8-875e-4108-a434-61c55a75ed5b','3242b1bb-0bb4-47f5-8bf8-9471187b5c9b','2026-01-07','12:30:00','APPROVED',NULL,NULL,'Please confirm ASAP','2026-03-08 06:35:38','2026-03-08 06:35:38'),
  ('c46cfa5d-58c0-4e79-a97c-e1c9baf6b96b','32041676-0421-4c7d-8515-e71c16833bd4','66c8ee2b-42df-4e82-b4aa-fd0547fbb5fa','2428036e-a122-4d1f-b76c-b93eac676d8b','2026-04-11','14:00:00','PENDING',NULL,NULL,'Please confirm ASAP','2026-03-06 06:35:38','2026-03-06 06:35:38'),
  ('70ca881f-aca9-4409-b127-6d79d6d006f9','82a25648-01fd-41fd-809b-8f08aa400ddb','d606d815-af6f-440a-8039-64af48c4a294','8c8ccd5c-dea0-40c4-9bb3-3e9be2a08e7e','2026-01-11','16:00:00','APPROVED',NULL,NULL,'Please confirm ASAP','2026-03-16 06:35:38','2026-03-16 06:35:38'),
  ('e8d6e08c-8b26-4aaa-884e-8f448213c510','c8a6d265-d4d8-4dd5-b14e-99d8ce87da65','6553bcc1-0794-4f19-8d19-748eab479e98','f46ae936-dd6e-44ee-a5a9-318db8622647','2026-03-25','17:30:00','SUGGESTED','2026-05-09','12:00:00','Please confirm ASAP','2026-06-15 06:35:38','2026-06-15 06:35:38'),
  ('588eee36-d794-4c2a-9a44-c86737225eed','87bc47aa-3a71-4d32-bc89-95a7bfde7590','9317f130-3624-48b4-bcb5-a57d45f98178','f16e7b4f-acce-4a31-b239-7a493017a689','2026-04-11','08:30:00','PENDING',NULL,NULL,'Please confirm ASAP','2026-02-06 06:35:38','2026-02-06 06:35:38'),
  ('4e89aa3d-a296-4775-bc29-65cfb70c2135','c9d302ae-1f1a-48db-8bad-f0a70d194992','ec9b1752-967a-4a66-b47a-bcba2901a1f5','b5134063-e3a0-460a-9dbc-ab6abc7e13c9','2026-05-12','09:00:00','APPROVED',NULL,NULL,'Please confirm ASAP','2026-01-04 06:35:38','2026-01-04 06:35:38'),
  ('b68a602f-58c0-4890-9468-97f13abbf35d','554066e2-e08b-477a-98cc-4dc9f3b44d45','3e629edf-bfd0-44e4-9aa3-af4641407f97','2ad1f054-0cdf-497d-b782-6f4c071a1531','2026-04-26','17:30:00','PENDING',NULL,NULL,'Please confirm ASAP','2026-03-23 06:35:38','2026-03-23 06:35:38'),
  ('33c5e49b-ff5f-4f89-9a88-303d28cbe8c9','50afcbc3-b68d-4ecc-b9d9-eebedcb5bc20','c4e65f46-2165-4300-8569-1e507c25cc31','f16e7b4f-acce-4a31-b239-7a493017a689','2026-03-22','17:00:00','REJECTED',NULL,NULL,'Please confirm ASAP','2026-03-23 06:35:38','2026-03-23 06:35:38'),
  ('aa135e57-7385-41f9-8d7f-20e13d7051a6','79161b9c-f59d-49c1-b30b-faa402b78579','381b96c6-d7eb-48ee-8f51-c6eb26c27e33','f8115c5c-1878-4c99-abbe-0795b2e72abb','2026-02-15','16:30:00','APPROVED',NULL,NULL,'Please confirm ASAP','2026-05-08 06:35:38','2026-05-08 06:35:38'),
  ('6021633c-a3bf-458e-812b-f88038a9e7d2','30395760-2181-48d5-bfeb-b2146346cc3f','3f0028a3-1cd2-4337-9ae0-c07e709f827b','09f500ef-0e78-4256-bd00-000a198fe0ea','2026-04-23','17:00:00','PENDING',NULL,NULL,'Please confirm ASAP','2026-06-16 06:35:38','2026-06-16 06:35:38'),
  ('ea73c199-bb74-4712-97d4-4d0bbac0ae99','fbca94bd-0155-406f-8033-84bb1f4ae5c9','66c8ee2b-42df-4e82-b4aa-fd0547fbb5fa','c46c7456-6a7d-4972-bfae-4bd83f69a294','2026-01-15','11:00:00','REJECTED',NULL,NULL,'Please confirm ASAP','2026-03-26 06:35:38','2026-03-26 06:35:38'),
  ('d929eba5-4a3f-450e-a29b-8c1c42a2e408','c8a6d265-d4d8-4dd5-b14e-99d8ce87da65','c4e65f46-2165-4300-8569-1e507c25cc31','40ca7086-c39f-45b7-b429-d9164f4ddb97','2026-06-06','08:00:00','REJECTED',NULL,NULL,'Please confirm ASAP','2026-01-22 06:35:38','2026-01-22 06:35:38'),
  ('6a8fad9d-ad53-4819-91eb-c2b299efd09c','af2f5fa4-da08-4295-9114-9cd094b6ddb3','9eb76276-0693-4766-8047-7bac73a2d2fd','f8115c5c-1878-4c99-abbe-0795b2e72abb','2026-02-07','13:00:00','PENDING',NULL,NULL,'Please confirm ASAP','2026-03-18 06:35:38','2026-03-18 06:35:38'),
  ('eed45b81-95bd-45c2-a196-38491676289a','af2f5fa4-da08-4295-9114-9cd094b6ddb3','f0f82ee5-63ec-42f1-8b4a-36c65cd46dd5','a5f734a0-fb3a-44a7-b5ce-ca39a0b1be0f','2026-03-27','12:30:00','PENDING',NULL,NULL,'Please confirm ASAP','2026-05-18 06:35:38','2026-05-18 06:35:38'),
  ('d8a7c250-8c54-4139-9f40-305b4ae84288','e30717e9-6bfc-4f4d-990a-e2a196322307','c14aebfb-8143-473e-b515-9d80c6e66a48','c4c9eb54-5211-49c0-bc22-4a8cae2a1b67','2026-01-06','13:00:00','SUGGESTED','2026-04-17','17:30:00','Please confirm ASAP','2026-04-25 06:35:38','2026-04-25 06:35:38'),
  ('35f2db6a-ffc0-4372-9be0-f5dde4b9a784','9a6d802b-6e3b-47f9-87b8-b35fff0393ec','850d9e0c-a01d-498e-8871-5e74b1b8590e','45e1ccc3-0eea-495b-ad4f-7e8cf946f70c','2026-03-17','12:30:00','APPROVED',NULL,NULL,'Please confirm ASAP','2026-05-20 06:35:38','2026-05-20 06:35:38'),
  ('413efac1-9818-4d6a-847f-7fa95386f28a','50afcbc3-b68d-4ecc-b9d9-eebedcb5bc20','c14aebfb-8143-473e-b515-9d80c6e66a48','c46c7456-6a7d-4972-bfae-4bd83f69a294','2026-01-27','08:00:00','SUGGESTED','2026-04-11','13:00:00','Please confirm ASAP','2026-01-09 06:35:38','2026-01-09 06:35:38'),
  ('b68afad2-ed93-4cc3-a6dc-e230e8eeb933','79161b9c-f59d-49c1-b30b-faa402b78579','6d511d3a-8802-4249-a9ff-a680b0e044e9','40ca7086-c39f-45b7-b429-d9164f4ddb97','2026-05-16','13:00:00','SUGGESTED','2026-05-28','13:30:00','Please confirm ASAP','2026-05-10 06:35:38','2026-05-10 06:35:38'),
  ('c9906488-3d30-4e7c-872e-928d32bf17ec','b444ccaf-3fe7-43a7-ab47-193819a373e0','0f80f7bb-0152-44e4-be71-96449760ffba','09f500ef-0e78-4256-bd00-000a198fe0ea','2026-02-27','08:30:00','REJECTED',NULL,NULL,'Please confirm ASAP','2026-04-29 06:35:38','2026-04-29 06:35:38'),
  ('2ac3e7f6-8bbb-4d5c-9b18-c87ad540471c','20739778-b9e8-4363-8d30-e0687c4adeab','3e257aab-7716-46fb-83a2-e31acf79dfcf','09f500ef-0e78-4256-bd00-000a198fe0ea','2026-04-17','09:00:00','REJECTED',NULL,NULL,'Please confirm ASAP','2026-06-09 06:35:38','2026-06-09 06:35:38'),
  ('a03d9744-4ae1-4c4b-8ded-157424a56858','19eeea3f-2a45-4492-9dd0-d939b0471b0d','7aa7ddfd-3bcd-4cbe-ada2-0f2ec55db3d8','38a7143e-c7db-4fd6-b773-4f93a4581e3b','2026-05-10','14:30:00','SUGGESTED','2026-05-10','13:30:00','Please confirm ASAP','2026-05-27 06:35:38','2026-05-27 06:35:38'),
  ('4fc1940b-5289-48d7-a46a-0d19887f9b69','a91170a8-7c1e-4ec8-ab94-7c0c1d85a5a1','5a43d6f1-70c1-4ed0-a3e7-fd98f1231ff3','e03a30ff-5d94-49d1-92ca-7ae817c17c7e','2026-05-11','15:00:00','APPROVED',NULL,NULL,'Please confirm ASAP','2026-06-13 06:35:38','2026-06-13 06:35:38'),
  ('a5f4dfd1-b1fc-486e-be83-57bd10a7d625','aae599cb-1de9-4bbd-8268-d09f6f55e1b3','57f765f9-2717-490a-a764-d46657a7baf4','0949570c-e2d0-4061-9fdc-42698cb9df69','2026-05-26','09:30:00','REJECTED',NULL,NULL,'Please confirm ASAP','2026-05-09 06:35:38','2026-05-09 06:35:38'),
  ('30f10c00-0ac8-4cd1-9c1b-a8e3c96c4b82','983de19c-d5f4-40d2-9387-e49d92022e58','eb1f6382-6185-4ed4-8ae9-a2d69b64bec4','38a7143e-c7db-4fd6-b773-4f93a4581e3b','2026-02-01','09:30:00','PENDING',NULL,NULL,'Please confirm ASAP','2026-01-20 06:35:38','2026-01-20 06:35:38'),
  ('c9d32882-81bb-476b-9c7d-19b53faa106d','e2d863e4-63e5-4c2c-824d-0331fa184abd','694f7095-ccee-42e1-a21d-b8f90f920223','f46ae936-dd6e-44ee-a5a9-318db8622647','2026-03-03','18:00:00','PENDING',NULL,NULL,'Please confirm ASAP','2026-01-17 06:35:38','2026-01-17 06:35:38'),
  ('0aa78d4c-a4be-45a2-98f3-7447bed01856','5a1512d7-ea56-4c62-b1e8-251d0fc45bcd','eb1f6382-6185-4ed4-8ae9-a2d69b64bec4','2428036e-a122-4d1f-b76c-b93eac676d8b','2026-03-29','11:00:00','PENDING',NULL,NULL,'Please confirm ASAP','2026-03-09 06:35:38','2026-03-09 06:35:38'),
  ('d88cdc40-024c-4589-8578-f43d1030eaa7','57d51e93-ba08-43cd-9b3c-92e43341a444','e2454f38-5e4b-4f4f-b220-ccb4ce268b64','38a7143e-c7db-4fd6-b773-4f93a4581e3b','2026-01-03','12:30:00','REJECTED',NULL,NULL,'Please confirm ASAP','2026-04-22 06:35:38','2026-04-22 06:35:38'),
  ('7a2306d5-23c0-42ee-8478-d8a23796b53c','78e0c13d-c4a1-4ecb-a4aa-e3d364dbfe8f','24ab7eb8-c05b-44f8-9c2d-3567fa026e39','a5f734a0-fb3a-44a7-b5ce-ca39a0b1be0f','2026-05-13','08:30:00','SUGGESTED','2026-06-27','14:00:00','Please confirm ASAP','2026-04-07 06:35:38','2026-04-07 06:35:38'),
  ('bf524e85-dc8d-4579-822e-fd950a70f2ce','482ec36b-53c6-4c85-848a-a8bc5b53ec66','97540b66-1c7f-46b9-adfc-814d0f857fd2','3242b1bb-0bb4-47f5-8bf8-9471187b5c9b','2026-05-01','09:00:00','SUGGESTED','2026-06-01','10:30:00','Please confirm ASAP','2026-06-01 06:35:38','2026-06-01 06:35:38'),
  ('e555f3ed-ea83-4a84-bf0f-e5291dc480a8','b35038c3-6f94-4c9f-bcb8-3ff2b4f0d0c4','d0cc1727-eb5f-4ac8-8af7-b1d291bee5b8','b5f2c781-4417-4887-9810-8cc7301b9b7f','2026-03-12','15:30:00','REJECTED',NULL,NULL,'Please confirm ASAP','2026-01-03 06:35:38','2026-01-03 06:35:38'),
  ('99d450a0-1f61-490a-b2a8-75bb3e4645fa','877c6664-f3f8-4a42-8ef8-3a928bf8adb1','5bd05cd9-69e6-44f0-b675-0b0e8fb7562b','240809bc-50f8-4b78-b632-76788e0eb038','2026-05-05','13:30:00','SUGGESTED','2026-05-11','10:30:00','Please confirm ASAP','2026-06-10 06:35:38','2026-06-10 06:35:38'),
  ('63981b54-c10e-47e7-9de9-61cd7c9b6a42','877c6664-f3f8-4a42-8ef8-3a928bf8adb1','7aa7ddfd-3bcd-4cbe-ada2-0f2ec55db3d8','3e20359e-3eef-43f6-a359-4bd951e98fd2','2026-04-25','12:00:00','REJECTED',NULL,NULL,'Please confirm ASAP','2026-05-14 06:35:38','2026-05-14 06:35:38'),
  ('0eb05808-1f51-4d38-a3fc-efd032156f4c','e881d8c5-26c8-489a-a096-ec1c7a5ca94e','3e257aab-7716-46fb-83a2-e31acf79dfcf','f280ff35-a190-43c3-903c-4a8e4c7b28ce','2026-05-31','18:30:00','PENDING',NULL,NULL,'Please confirm ASAP','2026-02-03 06:35:38','2026-02-03 06:35:38'),
  ('f0256355-d2b6-48c4-98d1-58c80a676090','f4a451ac-a607-4a35-ba36-ff022010d7dc','a5635d95-feab-4304-be41-23cabb2be648','b5134063-e3a0-460a-9dbc-ab6abc7e13c9','2026-01-31','08:30:00','APPROVED',NULL,NULL,'Please confirm ASAP','2026-02-08 06:35:38','2026-02-08 06:35:38'),
  ('2e80c6d8-0073-4128-b49a-f781dca4f107','10159f8c-5652-4188-9730-f8d2971b314b','07d599c4-e7f1-41f7-9f44-013c2fe2cef4','f280ff35-a190-43c3-903c-4a8e4c7b28ce','2026-01-26','11:30:00','SUGGESTED','2026-05-20','09:30:00','Please confirm ASAP','2026-06-13 06:35:38','2026-06-13 06:35:38'),
  ('9fb59012-7e9b-49b6-9d04-1b6c0f2a6fdc','902dec74-917a-4096-b280-3aa71f80a41b','381b96c6-d7eb-48ee-8f51-c6eb26c27e33','8c8ccd5c-dea0-40c4-9bb3-3e9be2a08e7e','2026-05-22','15:00:00','APPROVED',NULL,NULL,'Please confirm ASAP','2026-05-10 06:35:38','2026-05-10 06:35:38'),
  ('85b452a0-0ca8-486b-96b7-c04125946d4c','c1664b85-9e82-45d0-bde8-f3d5701c0243','5cae85cb-6054-4919-80b6-f6031dbf3534','07a55d25-7f29-4ae0-827a-7371e292c792','2026-06-11','14:00:00','APPROVED',NULL,NULL,'Please confirm ASAP','2026-03-02 06:35:38','2026-03-02 06:35:38'),
  ('e105dc0e-9592-4e53-8f55-ae30dfdcde51','82a25648-01fd-41fd-809b-8f08aa400ddb','a67ca264-5699-4056-87c6-bcc806014190','240809bc-50f8-4b78-b632-76788e0eb038','2026-01-20','12:30:00','APPROVED',NULL,NULL,'Please confirm ASAP','2026-06-04 06:35:38','2026-06-04 06:35:38'),
  ('5b50e44e-b761-4ae1-b379-ee08dfe46f82','3e9857ea-b315-4983-9b30-d34fea8f5147','6fb00870-837f-485f-8237-b618c46e9eb3','2ad1f054-0cdf-497d-b782-6f4c071a1531','2026-01-31','13:30:00','SUGGESTED','2026-04-22','15:00:00','Please confirm ASAP','2026-01-13 06:35:38','2026-01-13 06:35:38'),
  ('5899b93c-b11a-4f50-919f-738ff3126cbd','7d940a80-68d6-4b0e-bc8f-82f3a3f63658','a6fc1ab6-babe-4955-b695-8e0d4e585e0c','a359ba03-f9a7-4092-9c91-e9da09754c42','2026-05-24','14:00:00','SUGGESTED','2026-06-09','17:00:00','Please confirm ASAP','2026-05-25 06:35:38','2026-05-25 06:35:38'),
  ('388763fd-265f-4c67-bf49-cdb66022ba6b','79161b9c-f59d-49c1-b30b-faa402b78579','ec9b1752-967a-4a66-b47a-bcba2901a1f5','b5f2c781-4417-4887-9810-8cc7301b9b7f','2026-02-04','13:30:00','REJECTED',NULL,NULL,'Please confirm ASAP','2026-04-15 06:35:38','2026-04-15 06:35:38'),
  ('0887102b-2d0f-4e98-8a74-9ae4566d4848','19eeea3f-2a45-4492-9dd0-d939b0471b0d','d606d815-af6f-440a-8039-64af48c4a294','f46ae936-dd6e-44ee-a5a9-318db8622647','2026-06-12','10:30:00','SUGGESTED','2026-05-07','10:30:00','Please confirm ASAP','2026-06-12 06:35:38','2026-06-12 06:35:38'),
  ('1bbbae26-c881-4863-af2e-fd50a656f2c1','24cc6731-89cd-41dc-b3b4-0794680c805b','0f80f7bb-0152-44e4-be71-96449760ffba','8c8ccd5c-dea0-40c4-9bb3-3e9be2a08e7e','2026-04-22','08:30:00','REJECTED',NULL,NULL,'Please confirm ASAP','2026-04-14 06:35:38','2026-04-14 06:35:38'),
  ('f9c13175-b9c8-4f57-8b1f-c3c7e074a914','8f240436-3cde-4776-adc6-a615b71f4e1d','57f765f9-2717-490a-a764-d46657a7baf4','0949570c-e2d0-4061-9fdc-42698cb9df69','2026-04-03','12:30:00','REJECTED',NULL,NULL,'Please confirm ASAP','2026-05-27 06:35:38','2026-05-27 06:35:38'),
  ('1dbc9be2-659c-4a4a-a234-b91093e094a6','11822530-61af-4dfe-86ac-8e551e205d04','e36c4a02-059d-4a69-aa5b-5dd1029eba5a','d3eff5db-9b4a-469c-af6f-e419d9d67590','2026-03-31','12:30:00','SUGGESTED','2026-04-11','18:00:00','Please confirm ASAP','2026-05-04 06:35:38','2026-05-04 06:35:38'),
  ('c106359e-9f5c-4ada-8d14-91556000e871','504a1e31-5358-4768-9cb1-1a38c93b5bab','c6007366-d637-45ea-a59e-595d35327c58','40ca7086-c39f-45b7-b429-d9164f4ddb97','2026-02-17','16:30:00','SUGGESTED','2026-06-20','16:00:00','Please confirm ASAP','2026-06-05 06:35:38','2026-06-05 06:35:38'),
  ('50698717-5393-491e-ba89-294562a1e4d8','3f31be5e-9857-4c8a-9313-f1ed118d2dfc','12e7f61f-5362-4448-9c51-15e078b836f7','b96a92c8-5074-4a2f-8b51-05186e5564ef','2026-05-18','16:00:00','SUGGESTED','2026-06-05','11:00:00','Please confirm ASAP','2026-06-07 06:35:38','2026-06-07 06:35:38'),
  ('ace9eec4-b451-4f6c-b335-c4eefdfe8330','20739778-b9e8-4363-8d30-e0687c4adeab','3f0028a3-1cd2-4337-9ae0-c07e709f827b','3e20359e-3eef-43f6-a359-4bd951e98fd2','2026-03-21','11:30:00','PENDING',NULL,NULL,'Please confirm ASAP','2026-03-19 06:35:38','2026-03-19 06:35:38'),
  ('188280e0-6d44-4a6d-aadb-b3fcc610e330','cce5ecc0-8fc4-4c63-b288-4a2246d84b27','b1e1d2bb-febb-48e0-bb91-5e0b70d77b50','a5f734a0-fb3a-44a7-b5ce-ca39a0b1be0f','2026-06-14','11:30:00','PENDING',NULL,NULL,'Please confirm ASAP','2026-02-16 06:35:38','2026-02-16 06:35:38'),
  ('2947734c-8b80-4480-9314-e5d5a261dbd6','b91b2250-c232-46a8-b8b3-50103cf05a03','7aa7ddfd-3bcd-4cbe-ada2-0f2ec55db3d8','b3171e1d-c621-427e-911a-4b32574a40de','2026-01-22','16:30:00','SUGGESTED','2026-05-14','10:30:00','Please confirm ASAP','2026-05-29 06:35:38','2026-05-29 06:35:38'),
  ('1a5d656f-34da-4974-89be-55d07237cd05','03a852c2-77ca-4f97-ac5f-1b130a1e77fa','57f765f9-2717-490a-a764-d46657a7baf4','a5f734a0-fb3a-44a7-b5ce-ca39a0b1be0f','2026-05-11','17:00:00','PENDING',NULL,NULL,'Please confirm ASAP','2026-04-26 06:35:38','2026-04-26 06:35:38'),
  ('451fb699-3ad3-4bec-b7db-13735e03ed18','ebf2bf78-203c-4dd6-91c9-b6040671c9a7','a7923b0d-17f9-464d-8140-32e8b6818016','f280ff35-a190-43c3-903c-4a8e4c7b28ce','2026-04-14','18:30:00','APPROVED',NULL,NULL,'Please confirm ASAP','2026-02-10 06:35:38','2026-02-10 06:35:38'),
  ('bafe57cc-4836-4a8a-be47-208ff85b47b7','09d89686-5deb-45ee-bb3c-4de98fef4eaa','8aac427d-d132-4792-9b7d-81130e3c303c','99296336-2328-4645-8c8c-c6dfa75ed174','2026-02-20','10:00:00','PENDING',NULL,NULL,'Please confirm ASAP','2026-01-19 06:35:38','2026-01-19 06:35:38'),
  ('3746dee4-36b4-4458-9efc-7da5ad816c97','2b2a7851-bffb-4191-af4e-8417074dbabd','a7923b0d-17f9-464d-8140-32e8b6818016','dec0e5de-3f31-41f2-8f58-fb71600dc5b6','2026-01-08','12:30:00','REJECTED',NULL,NULL,'Please confirm ASAP','2026-03-17 06:35:38','2026-03-17 06:35:38'),
  ('c566c36f-3084-452c-9b87-cbdfb55d5f95','fe883555-8bc3-49ea-a1da-16a3d041f032','492d9542-dc49-4e7e-9191-ae6dd442aa4d','dec0e5de-3f31-41f2-8f58-fb71600dc5b6','2026-02-22','12:30:00','APPROVED',NULL,NULL,'Please confirm ASAP','2026-01-23 06:35:38','2026-01-23 06:35:38'),
  ('0d023932-36e3-49e8-989c-be3825da0142','b0bbceea-79c4-4d51-9959-f76d857dca9d','eff0da25-6ba8-4b0a-a522-f11ef7aa6263','b96a92c8-5074-4a2f-8b51-05186e5564ef','2026-01-29','18:30:00','REJECTED',NULL,NULL,'Please confirm ASAP','2026-04-06 06:35:38','2026-04-06 06:35:38'),
  ('095ab7bb-51e0-4995-862f-acfeca212e84','0a80abfd-ddd9-40b1-97eb-8f0b5a913b28','6d511d3a-8802-4249-a9ff-a680b0e044e9','f46ae936-dd6e-44ee-a5a9-318db8622647','2026-03-27','12:30:00','PENDING',NULL,NULL,'Please confirm ASAP','2026-04-12 06:35:38','2026-04-12 06:35:38');

-- CONVERSATIONS
INSERT INTO `CONVERSATIONS` (uuid,room_id,renter_id,owner_id,created_at,updated_at) VALUES
  ('21023ede-8513-48bf-8c40-89171b5c383b','877c6664-f3f8-4a42-8ef8-3a928bf8adb1','d606d815-af6f-440a-8039-64af48c4a294','a6e9d3b9-94d8-4b7e-8772-e388a0770fd5','2026-01-26 06:35:38','2026-01-26 06:35:38'),
  ('0ab42e8a-82c4-4508-a883-97aa60b411bb','c735207c-190f-4c54-948a-a610e6b3c7aa','17eafe69-8be3-4396-8f87-62363ea0b70b','b96a92c8-5074-4a2f-8b51-05186e5564ef','2026-02-24 06:35:38','2026-02-24 06:35:38'),
  ('5e9f5302-6fea-43e1-ab4f-4fcd09789289','b6638a7d-e578-45f9-8715-2828ebbec108','5cae85cb-6054-4919-80b6-f6031dbf3534','e03a30ff-5d94-49d1-92ca-7ae817c17c7e','2025-12-03 06:35:38','2025-12-03 06:35:38'),
  ('ef8944d6-ce85-4414-954d-b095ea2eca38','482ec36b-53c6-4c85-848a-a8bc5b53ec66','3a3d6454-6ebd-4c80-bc20-c596eec55873','f280ff35-a190-43c3-903c-4a8e4c7b28ce','2026-04-17 06:35:38','2026-04-17 06:35:38'),
  ('f8e52661-94d9-486e-b7fa-aa1ea3467fa7','947471fb-0c39-45c8-ac95-81ce460eeaf6','57f765f9-2717-490a-a764-d46657a7baf4','240809bc-50f8-4b78-b632-76788e0eb038','2025-10-16 06:35:38','2025-10-16 06:35:38'),
  ('4ec4b03b-088d-4b5c-a540-f6116a859bbc','aae599cb-1de9-4bbd-8268-d09f6f55e1b3','11d0587f-50f8-4fb0-bab1-7c0317ea98f1','40ca7086-c39f-45b7-b429-d9164f4ddb97','2025-11-25 06:35:38','2025-11-25 06:35:38'),
  ('ed6a5f39-cc11-45e3-8dcf-09cc5012a3f5','c689756e-1c26-4303-a485-4ccd6e456db2','6fb00870-837f-485f-8237-b618c46e9eb3','38a7143e-c7db-4fd6-b773-4f93a4581e3b','2026-06-09 06:35:38','2026-06-09 06:35:38'),
  ('6c557147-00de-4f9c-921e-f9d8c0779c8d','cc2b885f-4aef-439f-9f66-f2bec659cf27','12e7f61f-5362-4448-9c51-15e078b836f7','b5134063-e3a0-460a-9dbc-ab6abc7e13c9','2026-03-22 06:35:38','2026-03-22 06:35:38'),
  ('8fa2d4db-cdb0-41b4-904f-82602514114a','3659ad3b-ccd4-4105-a3ea-bf2cc2452484','c14aebfb-8143-473e-b515-9d80c6e66a48','a6e9d3b9-94d8-4b7e-8772-e388a0770fd5','2026-03-06 06:35:38','2026-03-06 06:35:38'),
  ('43348c97-f76d-4437-8315-f919bb5370cd','0a80abfd-ddd9-40b1-97eb-8f0b5a913b28','07d599c4-e7f1-41f7-9f44-013c2fe2cef4','240809bc-50f8-4b78-b632-76788e0eb038','2025-10-27 06:35:38','2025-10-27 06:35:38'),
  ('52d3d433-bdae-43e6-9765-e284e0bb0cb1','9a6d802b-6e3b-47f9-87b8-b35fff0393ec','6553bcc1-0794-4f19-8d19-748eab479e98','b96a92c8-5074-4a2f-8b51-05186e5564ef','2026-01-25 06:35:38','2026-01-25 06:35:38'),
  ('06c2cf1e-1301-4dc6-8c12-209839428d78','2c2e65b6-ac85-4eeb-a9f2-6c29b06b763e','a720cb5d-0462-48f2-86e7-a4953d8d5242','f280ff35-a190-43c3-903c-4a8e4c7b28ce','2025-09-15 06:35:38','2025-09-15 06:35:38'),
  ('0a168b98-5a63-48b6-a3ef-98acc7391d08','8c2193a3-4951-43da-8fe3-9a2755194fe5','1775165e-e4cd-4256-bef6-5e039a573473','b5f2c781-4417-4887-9810-8cc7301b9b7f','2025-10-29 06:35:38','2025-10-29 06:35:38'),
  ('5f135510-c93f-4f84-89a5-61f39c562481','36673f1d-4619-4401-91f2-4b796c10b5ef','554b4c7f-71b9-4047-ad37-b4c2ca8aa5cb','dec0e5de-3f31-41f2-8f58-fb71600dc5b6','2025-09-14 06:35:38','2025-09-14 06:35:38'),
  ('c760b979-5d16-4379-97ee-58bb18849a52','dd6e9b7f-d9f2-4efe-88b1-d657483c33b4','9eb76276-0693-4766-8047-7bac73a2d2fd','b3171e1d-c621-427e-911a-4b32574a40de','2026-01-07 06:35:38','2026-01-07 06:35:38'),
  ('1e3ff3b2-47b8-49e2-8943-87fc9c15c68c','ca949d15-9e88-4e45-bf83-cf332763f2b2','5bd05cd9-69e6-44f0-b675-0b0e8fb7562b','f16e7b4f-acce-4a31-b239-7a493017a689','2025-12-28 06:35:38','2025-12-28 06:35:38'),
  ('ccd7aa51-6381-4556-8ea7-59b62b060e7d','a6186894-c3e9-4b9a-a0cf-65a31d87d3a0','554b4c7f-71b9-4047-ad37-b4c2ca8aa5cb','e03a30ff-5d94-49d1-92ca-7ae817c17c7e','2026-01-21 06:35:38','2026-01-21 06:35:38'),
  ('fc395b1e-3110-4e30-ad9d-962203f7985e','10159f8c-5652-4188-9730-f8d2971b314b','5a43d6f1-70c1-4ed0-a3e7-fd98f1231ff3','8c8ccd5c-dea0-40c4-9bb3-3e9be2a08e7e','2026-01-09 06:35:38','2026-01-09 06:35:38'),
  ('20bc3915-72c3-4da4-8aa4-0a66211c0e36','8f240436-3cde-4776-adc6-a615b71f4e1d','11d0587f-50f8-4fb0-bab1-7c0317ea98f1','b5134063-e3a0-460a-9dbc-ab6abc7e13c9','2026-01-28 06:35:38','2026-01-28 06:35:38'),
  ('29428333-d5fd-48d7-838d-2a3085f4c15a','cce5ecc0-8fc4-4c63-b288-4a2246d84b27','d0cc1727-eb5f-4ac8-8af7-b1d291bee5b8','b5f2c781-4417-4887-9810-8cc7301b9b7f','2025-10-30 06:35:38','2025-10-30 06:35:38'),
  ('39ab2d26-6a51-4aa2-a0f1-50bc42fb28e3','723ec80e-6dc9-4732-aeeb-ab8de7eab109','8aac427d-d132-4792-9b7d-81130e3c303c','240809bc-50f8-4b78-b632-76788e0eb038','2025-09-02 06:35:38','2025-09-02 06:35:38'),
  ('72b7a7e8-09e9-44fb-b209-1005ea7a092c','cc2b885f-4aef-439f-9f66-f2bec659cf27','b8e0f3b8-875e-4108-a434-61c55a75ed5b','09f500ef-0e78-4256-bd00-000a198fe0ea','2025-10-29 06:35:38','2025-10-29 06:35:38'),
  ('9dcdf607-9ce5-41ed-8654-8dc717aa4988','c735207c-190f-4c54-948a-a610e6b3c7aa','b1e1d2bb-febb-48e0-bb91-5e0b70d77b50','b5f2c781-4417-4887-9810-8cc7301b9b7f','2025-12-14 06:35:38','2025-12-14 06:35:38'),
  ('beeb4a67-61e7-43b1-9c5a-3d1d9e712d69','fbca94bd-0155-406f-8033-84bb1f4ae5c9','a85e5df6-d0df-4343-951a-d1f18aad9d77','c4c9eb54-5211-49c0-bc22-4a8cae2a1b67','2026-05-31 06:35:38','2026-05-31 06:35:38'),
  ('9ca3ba31-0b1e-4f98-ace7-d47df8687148','07c8aec8-45ee-4a04-8cf4-047e894f9f93','e36c4a02-059d-4a69-aa5b-5dd1029eba5a','07a55d25-7f29-4ae0-827a-7371e292c792','2026-01-03 06:35:38','2026-01-03 06:35:38'),
  ('f0d2612f-14e9-432f-ae9b-d3abae69e775','f4a451ac-a607-4a35-ba36-ff022010d7dc','381b96c6-d7eb-48ee-8f51-c6eb26c27e33','8c8ccd5c-dea0-40c4-9bb3-3e9be2a08e7e','2025-11-05 06:35:38','2025-11-05 06:35:38'),
  ('f88fec1f-0073-4aeb-9717-aeca7dc5b696','78fa2982-362b-4703-86ab-12fbbfb1494a','3a3d6454-6ebd-4c80-bc20-c596eec55873','e03a30ff-5d94-49d1-92ca-7ae817c17c7e','2026-03-27 06:35:38','2026-03-27 06:35:38'),
  ('9f5743fc-b808-4440-8b28-8355681eff4a','25507fff-072c-474b-83a0-6b859b2a3cc1','5bd05cd9-69e6-44f0-b675-0b0e8fb7562b','f46ae936-dd6e-44ee-a5a9-318db8622647','2026-01-08 06:35:38','2026-01-08 06:35:38'),
  ('4220fe83-c57b-4701-8fbd-1db3d834bafa','2b2aefcc-3692-4fb1-ab87-11beffc51948','c4e65f46-2165-4300-8569-1e507c25cc31','0949570c-e2d0-4061-9fdc-42698cb9df69','2026-05-29 06:35:38','2026-05-29 06:35:38'),
  ('bcc714ac-8f01-47f8-8374-01cc19860cb0','d31d0af4-d151-4d44-ab45-8140192d0343','7aa7ddfd-3bcd-4cbe-ada2-0f2ec55db3d8','dec0e5de-3f31-41f2-8f58-fb71600dc5b6','2026-03-12 06:35:38','2026-03-12 06:35:38'),
  ('bd504fb5-fc59-4c89-8e18-f8c8782d1d2a','dd6e9b7f-d9f2-4efe-88b1-d657483c33b4','ec9b1752-967a-4a66-b47a-bcba2901a1f5','b3171e1d-c621-427e-911a-4b32574a40de','2025-09-05 06:35:38','2025-09-05 06:35:38'),
  ('c2a8bda1-1a3e-4ea0-9f52-4e5dd435bcee','dd6e9b7f-d9f2-4efe-88b1-d657483c33b4','eb1f6382-6185-4ed4-8ae9-a2d69b64bec4','f46ae936-dd6e-44ee-a5a9-318db8622647','2026-05-13 06:35:38','2026-05-13 06:35:38'),
  ('e744bd0e-b014-4a38-b1cd-6af3effb5732','36673f1d-4619-4401-91f2-4b796c10b5ef','b8e0f3b8-875e-4108-a434-61c55a75ed5b','c4c9eb54-5211-49c0-bc22-4a8cae2a1b67','2025-11-20 06:35:38','2025-11-20 06:35:38'),
  ('c9e601cc-a133-4401-8133-157f51bdf775','c689756e-1c26-4303-a485-4ccd6e456db2','f84b914e-9c61-4e4f-b8b8-0662cabf915a','f46ae936-dd6e-44ee-a5a9-318db8622647','2025-12-13 06:35:38','2025-12-13 06:35:38'),
  ('ebc9d779-9b2e-4beb-8146-6e246d7f4af2','d31d0af4-d151-4d44-ab45-8140192d0343','3f0028a3-1cd2-4337-9ae0-c07e709f827b','2ad1f054-0cdf-497d-b782-6f4c071a1531','2026-03-17 06:35:38','2026-03-17 06:35:38'),
  ('7172797d-be21-4b3f-8d4e-e3fa05ee6da8','35bd39df-0e73-43bf-a92b-b8dad399e1dc','2e4fbdbd-ce84-4e5c-81a5-eada651b2048','c46c7456-6a7d-4972-bfae-4bd83f69a294','2026-01-14 06:35:38','2026-01-14 06:35:38'),
  ('9229ef49-26d4-4099-9852-7ef50ae395ef','e881d8c5-26c8-489a-a096-ec1c7a5ca94e','a720cb5d-0462-48f2-86e7-a4953d8d5242','b96a92c8-5074-4a2f-8b51-05186e5564ef','2026-03-22 06:35:38','2026-03-22 06:35:38'),
  ('97ef568b-1702-479a-a47c-2c3a88ae2620','09d89686-5deb-45ee-bb3c-4de98fef4eaa','593f8338-a05e-4274-84df-3d1cfaf0affd','c46c7456-6a7d-4972-bfae-4bd83f69a294','2026-02-20 06:35:38','2026-02-20 06:35:38'),
  ('ad7b6c16-d587-4ea1-b8ba-8e5dc317f997','a6186894-c3e9-4b9a-a0cf-65a31d87d3a0','3e257aab-7716-46fb-83a2-e31acf79dfcf','8c8ccd5c-dea0-40c4-9bb3-3e9be2a08e7e','2026-01-02 06:35:38','2026-01-02 06:35:38'),
  ('90c476eb-af08-4fa5-9d2c-9b6dae166a48','3f31be5e-9857-4c8a-9313-f1ed118d2dfc','e36c4a02-059d-4a69-aa5b-5dd1029eba5a','b5f2c781-4417-4887-9810-8cc7301b9b7f','2025-12-13 06:35:38','2025-12-13 06:35:38'),
  ('d0c671fd-35d6-4fc0-af95-2d463528c058','902dec74-917a-4096-b280-3aa71f80a41b','850d9e0c-a01d-498e-8871-5e74b1b8590e','d3eff5db-9b4a-469c-af6f-e419d9d67590','2026-04-03 06:35:38','2026-04-03 06:35:38'),
  ('ae6ea934-6c9d-4847-8b29-d44974765e4d','753aa67c-f5ce-48b6-96f3-e4d2a64ace94','a67ca264-5699-4056-87c6-bcc806014190','2428036e-a122-4d1f-b76c-b93eac676d8b','2026-01-26 06:35:38','2026-01-26 06:35:38'),
  ('29846fa1-0286-465c-ae04-8174a217e47b','aae599cb-1de9-4bbd-8268-d09f6f55e1b3','492d9542-dc49-4e7e-9191-ae6dd442aa4d','38a7143e-c7db-4fd6-b773-4f93a4581e3b','2025-10-04 06:35:38','2025-10-04 06:35:38'),
  ('8b86e0ab-e2f8-4e8e-985e-57fc8f83441c','b91b2250-c232-46a8-b8b3-50103cf05a03','a6fc1ab6-babe-4955-b695-8e0d4e585e0c','0949570c-e2d0-4061-9fdc-42698cb9df69','2025-11-17 06:35:38','2025-11-17 06:35:38'),
  ('39aca2c3-ec8a-4c39-b2e5-3c3a1fe43ff4','0a80abfd-ddd9-40b1-97eb-8f0b5a913b28','e36c4a02-059d-4a69-aa5b-5dd1029eba5a','0949570c-e2d0-4061-9fdc-42698cb9df69','2025-10-20 06:35:38','2025-10-20 06:35:38'),
  ('f9e9e344-ba57-4a18-a787-127194ea3757','c9d302ae-1f1a-48db-8bad-f0a70d194992','a5635d95-feab-4304-be41-23cabb2be648','07a55d25-7f29-4ae0-827a-7371e292c792','2026-04-04 06:35:38','2026-04-04 06:35:38'),
  ('fc94eb6d-fa5c-44af-9d15-40e952131096','c689756e-1c26-4303-a485-4ccd6e456db2','57f765f9-2717-490a-a764-d46657a7baf4','f16e7b4f-acce-4a31-b239-7a493017a689','2026-03-05 06:35:38','2026-03-05 06:35:38'),
  ('74c03ea4-d9d5-4d65-be25-ef370fa297ab','35bd39df-0e73-43bf-a92b-b8dad399e1dc','e36c4a02-059d-4a69-aa5b-5dd1029eba5a','07a55d25-7f29-4ae0-827a-7371e292c792','2026-06-16 06:35:38','2026-06-16 06:35:38'),
  ('40e7651f-ebbd-4db6-9c85-3317ad220118','7d940a80-68d6-4b0e-bc8f-82f3a3f63658','b1e1d2bb-febb-48e0-bb91-5e0b70d77b50','b3171e1d-c621-427e-911a-4b32574a40de','2026-04-25 06:35:38','2026-04-25 06:35:38'),
  ('d436baf6-0444-4a65-a08e-fa791540dc4c','d7f30540-8b2a-448d-be3a-7d3e37017d79','12e7f61f-5362-4448-9c51-15e078b836f7','240809bc-50f8-4b78-b632-76788e0eb038','2026-06-08 06:35:38','2026-06-08 06:35:38');

-- MESSAGES
INSERT INTO `MESSAGES` (uuid,conversation_id,sender_id,content,is_read,created_at) VALUES
  ('d7caa6b9-6fb2-49f9-a35f-402e0933cee1','9ca3ba31-0b1e-4f98-ace7-d47df8687148','07a55d25-7f29-4ae0-827a-7371e292c792','When can I move in?',0,'2026-01-26 06:35:38'),
  ('e1718b03-6da0-4346-821b-09fb0d74dacb','ef8944d6-ce85-4414-954d-b095ea2eca38','3a3d6454-6ebd-4c80-bc20-c596eec55873','Are pets allowed?',0,'2026-06-15 06:35:38'),
  ('7510a641-c095-4af6-86d7-1a3a52a13b05','39aca2c3-ec8a-4c39-b2e5-3c3a1fe43ff4','e36c4a02-059d-4a69-aa5b-5dd1029eba5a','Sure, we can arrange a viewing on Saturday.',1,'2026-03-22 06:35:38'),
  ('f65be9e4-9fdb-49a3-a6d5-1b6479b66f37','6c557147-00de-4f9c-921e-f9d8c0779c8d','b5134063-e3a0-460a-9dbc-ab6abc7e13c9','Water and electricity are included.',0,'2026-05-06 06:35:38'),
  ('2ab340d8-7fd2-4155-964d-62c36f737d67','39aca2c3-ec8a-4c39-b2e5-3c3a1fe43ff4','e36c4a02-059d-4a69-aa5b-5dd1029eba5a','How far is it from CADT?',1,'2026-01-09 06:35:38'),
  ('7e480202-2aae-448b-bfd5-2fb16e09adbf','ed6a5f39-cc11-45e3-8dcf-09cc5012a3f5','38a7143e-c7db-4fd6-b773-4f93a4581e3b','It is about 10 minutes by tuk-tuk.',0,'2026-03-12 06:35:38'),
  ('156c7856-82bf-453e-b34a-79558acfacb9','ed6a5f39-cc11-45e3-8dcf-09cc5012a3f5','6fb00870-837f-485f-8237-b618c46e9eb3','How far is it from CADT?',0,'2026-05-31 06:35:38'),
  ('d08af79e-ef23-407f-aadf-a3dc63dc31a2','c2a8bda1-1a3e-4ea0-9f52-4e5dd435bcee','eb1f6382-6185-4ed4-8ae9-a2d69b64bec4','It is about 10 minutes by tuk-tuk.',0,'2025-12-10 06:35:38'),
  ('b2b97a5b-b4e1-4647-9832-3537c7c6e526','ccd7aa51-6381-4556-8ea7-59b62b060e7d','554b4c7f-71b9-4047-ad37-b4c2ca8aa5cb','Yes, the room is still available!',1,'2026-04-13 06:35:38'),
  ('4d054170-a8d8-4e85-ae34-7378e81c4bfb','52d3d433-bdae-43e6-9765-e284e0bb0cb1','6553bcc1-0794-4f19-8d19-748eab479e98','The deposit is one month rent.',1,'2026-05-05 06:35:38'),
  ('ef150fef-0fb1-4399-8d23-219cb475917e','39aca2c3-ec8a-4c39-b2e5-3c3a1fe43ff4','0949570c-e2d0-4061-9fdc-42698cb9df69','Yes, the room is still available!',0,'2026-06-27 06:35:38'),
  ('148c8a23-eb2c-435c-b375-8c62d5ad72a7','21023ede-8513-48bf-8c40-89171b5c383b','d606d815-af6f-440a-8039-64af48c4a294','No pets sorry, but parking is free.',0,'2026-02-01 06:35:38'),
  ('2d682ffb-18e5-4c31-892e-3c92b874dece','29846fa1-0286-465c-ae04-8174a217e47b','38a7143e-c7db-4fd6-b773-4f93a4581e3b','What utilities are included in the rent?',0,'2025-12-10 06:35:38'),
  ('39937332-f547-4c79-8e96-4777f309c921','e744bd0e-b014-4a38-b1cd-6af3effb5732','b8e0f3b8-875e-4108-a434-61c55a75ed5b','Is there parking available?',0,'2026-04-23 06:35:38'),
  ('372ca52d-464c-496e-9956-f31ebbc0ac04','ae6ea934-6c9d-4847-8b29-d44974765e4d','a67ca264-5699-4056-87c6-bcc806014190','Water and electricity are included.',1,'2026-04-21 06:35:38'),
  ('8c115a1a-d879-47c3-8a15-605339007b62','bcc714ac-8f01-47f8-8374-01cc19860cb0','7aa7ddfd-3bcd-4cbe-ada2-0f2ec55db3d8','Can I schedule a viewing this weekend?',0,'2026-06-17 06:35:38'),
  ('30a53216-31f4-4c14-8838-a23085540524','20bc3915-72c3-4da4-8aa4-0a66211c0e36','b5134063-e3a0-460a-9dbc-ab6abc7e13c9','When can I move in?',1,'2026-03-10 06:35:38'),
  ('73b1bc84-2ffc-4124-874a-188251574cac','74c03ea4-d9d5-4d65-be25-ef370fa297ab','e36c4a02-059d-4a69-aa5b-5dd1029eba5a','Can I schedule a viewing this weekend?',0,'2026-06-25 06:35:38'),
  ('73d13865-837e-4bb1-aebc-f4406e3a7e5e','8fa2d4db-cdb0-41b4-904f-82602514114a','c14aebfb-8143-473e-b515-9d80c6e66a48','Yes, the room is still available!',1,'2026-03-07 06:35:38'),
  ('4ae23d51-71f6-4419-b7b0-8051545029b9','90c476eb-af08-4fa5-9d2c-9b6dae166a48','b5f2c781-4417-4887-9810-8cc7301b9b7f','No pets sorry, but parking is free.',0,'2026-03-24 06:35:38'),
  ('6f783a68-f8b0-4e23-bab6-3f21030611de','72b7a7e8-09e9-44fb-b209-1005ea7a092c','b8e0f3b8-875e-4108-a434-61c55a75ed5b','Can I schedule a viewing this weekend?',1,'2026-03-17 06:35:38'),
  ('988eb5d3-12de-425f-9102-aa591c0d3130','bcc714ac-8f01-47f8-8374-01cc19860cb0','dec0e5de-3f31-41f2-8f58-fb71600dc5b6','The room is available from next month.',1,'2026-01-02 06:35:38'),
  ('eaa77747-3076-4c9c-9c5c-29a86cb0e055','bd504fb5-fc59-4c89-8e18-f8c8782d1d2a','b3171e1d-c621-427e-911a-4b32574a40de','Are pets allowed?',0,'2026-05-30 06:35:38'),
  ('5036d230-8b78-47a1-92b3-2583a49608f9','8fa2d4db-cdb0-41b4-904f-82602514114a','c14aebfb-8143-473e-b515-9d80c6e66a48','The room is available from next month.',0,'2026-06-01 06:35:38'),
  ('2b1e0142-725f-4353-b181-4a1a42f10ce6','f88fec1f-0073-4aeb-9717-aeca7dc5b696','e03a30ff-5d94-49d1-92ca-7ae817c17c7e','When can I move in?',1,'2026-05-12 06:35:38'),
  ('f48d0f2a-7ca1-4a30-b904-7c6728c6cd90','90c476eb-af08-4fa5-9d2c-9b6dae166a48','b5f2c781-4417-4887-9810-8cc7301b9b7f','When can I move in?',1,'2026-01-22 06:35:38'),
  ('86fa9284-1192-4e20-8535-42f7825aa636','0ab42e8a-82c4-4508-a883-97aa60b411bb','17eafe69-8be3-4396-8f87-62363ea0b70b','Water and electricity are included.',1,'2026-05-30 06:35:38'),
  ('ea137cf3-9746-413e-8d20-4bd2fa304f71','f88fec1f-0073-4aeb-9717-aeca7dc5b696','e03a30ff-5d94-49d1-92ca-7ae817c17c7e','Hello, is this room still available?',0,'2026-04-22 06:35:38'),
  ('4beea8ee-b468-4ffb-8b87-b22a6321ffc5','ae6ea934-6c9d-4847-8b29-d44974765e4d','2428036e-a122-4d1f-b76c-b93eac676d8b','Hello, is this room still available?',0,'2026-01-07 06:35:38'),
  ('6c319839-53e1-411b-91bf-24b51c02d184','72b7a7e8-09e9-44fb-b209-1005ea7a092c','b8e0f3b8-875e-4108-a434-61c55a75ed5b','Sure, we can arrange a viewing on Saturday.',0,'2026-02-24 06:35:38'),
  ('ebc93b49-fc1f-4a34-9c7d-48d0e5b81ff3','9dcdf607-9ce5-41ed-8654-8dc717aa4988','b5f2c781-4417-4887-9810-8cc7301b9b7f','What utilities are included in the rent?',0,'2026-06-25 06:35:38'),
  ('39a5a5f2-70c1-4c0a-b33b-8c757d5f3a22','ae6ea934-6c9d-4847-8b29-d44974765e4d','a67ca264-5699-4056-87c6-bcc806014190','The deposit is one month rent.',1,'2026-02-21 06:35:38'),
  ('78a77138-70c4-4daf-81eb-6618351f1c4c','52d3d433-bdae-43e6-9765-e284e0bb0cb1','6553bcc1-0794-4f19-8d19-748eab479e98','When can I move in?',1,'2026-04-06 06:35:38'),
  ('b3800959-a085-4fd2-a8f5-d50b2e5e4493','1e3ff3b2-47b8-49e2-8943-87fc9c15c68c','f16e7b4f-acce-4a31-b239-7a493017a689','How far is it from CADT?',0,'2026-02-18 06:35:38'),
  ('7e0f281c-a4f6-42f0-9910-992d3df4364f','c760b979-5d16-4379-97ee-58bb18849a52','b3171e1d-c621-427e-911a-4b32574a40de','Sure, we can arrange a viewing on Saturday.',0,'2026-06-07 06:35:38'),
  ('2e7316e0-48f2-48e6-83f8-c5d9bc3837ef','bcc714ac-8f01-47f8-8374-01cc19860cb0','dec0e5de-3f31-41f2-8f58-fb71600dc5b6','When can I move in?',1,'2026-06-05 06:35:38'),
  ('6c23dfb8-95b5-4870-bd4b-448354bb6e66','c2a8bda1-1a3e-4ea0-9f52-4e5dd435bcee','f46ae936-dd6e-44ee-a5a9-318db8622647','Yes, the room is still available!',0,'2026-02-20 06:35:38'),
  ('88ca7cd9-6eae-45c7-9206-8e7545a39781','74c03ea4-d9d5-4d65-be25-ef370fa297ab','e36c4a02-059d-4a69-aa5b-5dd1029eba5a','Can I schedule a viewing this weekend?',1,'2026-03-14 06:35:38'),
  ('0685c2cd-ff7b-4f3e-8333-063e81be270a','5e9f5302-6fea-43e1-ab4f-4fcd09789289','5cae85cb-6054-4919-80b6-f6031dbf3534','The room is available from next month.',0,'2026-01-24 06:35:38'),
  ('88305020-0960-443c-bec4-2bced1068717','90c476eb-af08-4fa5-9d2c-9b6dae166a48','b5f2c781-4417-4887-9810-8cc7301b9b7f','No pets sorry, but parking is free.',0,'2026-01-11 06:35:38'),
  ('8053d8de-4df4-4230-b3e5-7c15ab4841b7','29846fa1-0286-465c-ae04-8174a217e47b','38a7143e-c7db-4fd6-b773-4f93a4581e3b','Yes, the room is still available!',1,'2026-06-14 06:35:38'),
  ('c843bf3d-bb44-4dda-a8eb-8fcdbbeb91bf','c760b979-5d16-4379-97ee-58bb18849a52','b3171e1d-c621-427e-911a-4b32574a40de','Yes, the room is still available!',1,'2025-12-26 06:35:38'),
  ('50a53230-bc33-443b-a6e5-66bbfd617372','29846fa1-0286-465c-ae04-8174a217e47b','38a7143e-c7db-4fd6-b773-4f93a4581e3b','Is there parking available?',1,'2026-05-29 06:35:38'),
  ('3150f92f-e923-4aca-a270-0b5f2f149ec8','ed6a5f39-cc11-45e3-8dcf-09cc5012a3f5','6fb00870-837f-485f-8237-b618c46e9eb3','Hello, is this room still available?',1,'2026-03-29 06:35:38'),
  ('26e31690-a276-4d5f-8136-4b454e25c1ee','d0c671fd-35d6-4fc0-af95-2d463528c058','d3eff5db-9b4a-469c-af6f-e419d9d67590','The deposit is one month rent.',1,'2025-12-30 06:35:38'),
  ('60480674-5d6b-47a0-8c4b-b774ecf30f41','ed6a5f39-cc11-45e3-8dcf-09cc5012a3f5','6fb00870-837f-485f-8237-b618c46e9eb3','No pets sorry, but parking is free.',0,'2026-02-21 06:35:38'),
  ('a25301ef-88c4-4fe1-8e88-61d2d58b628e','8fa2d4db-cdb0-41b4-904f-82602514114a','a6e9d3b9-94d8-4b7e-8772-e388a0770fd5','Can I schedule a viewing this weekend?',1,'2026-01-22 06:35:38'),
  ('2603d6d5-9562-450f-af80-8d484aa955ac','0a168b98-5a63-48b6-a3ef-98acc7391d08','1775165e-e4cd-4256-bef6-5e039a573473','Can I schedule a viewing this weekend?',1,'2026-05-03 06:35:38'),
  ('7746bd99-e89e-4d86-9ee7-db63b38e2e69','bcc714ac-8f01-47f8-8374-01cc19860cb0','7aa7ddfd-3bcd-4cbe-ada2-0f2ec55db3d8','Is there parking available?',1,'2026-05-31 06:35:38'),
  ('411f82f9-a4e2-4822-bd4f-23d395e09d73','40e7651f-ebbd-4db6-9c85-3317ad220118','b3171e1d-c621-427e-911a-4b32574a40de','Hello, is this room still available?',0,'2025-12-12 06:35:38'),
  ('13c795ea-1846-425c-907a-9b1d48989176','4220fe83-c57b-4701-8fbd-1db3d834bafa','0949570c-e2d0-4061-9fdc-42698cb9df69','Are pets allowed?',0,'2026-02-20 06:35:38'),
  ('1eb6e1d2-a00f-4715-aa6e-0fb116d0bf5d','21023ede-8513-48bf-8c40-89171b5c383b','d606d815-af6f-440a-8039-64af48c4a294','The deposit is one month rent.',1,'2026-01-29 06:35:38'),
  ('8c456809-7542-43e0-99fd-4b0bbe0ade49','bd504fb5-fc59-4c89-8e18-f8c8782d1d2a','ec9b1752-967a-4a66-b47a-bcba2901a1f5','Is there parking available?',0,'2025-12-22 06:35:38'),
  ('c02ec203-2a4a-4234-8026-11a35e6fc541','8fa2d4db-cdb0-41b4-904f-82602514114a','c14aebfb-8143-473e-b515-9d80c6e66a48','Sure, we can arrange a viewing on Saturday.',1,'2026-02-18 06:35:38'),
  ('c51fda3a-0175-438a-86d9-72f512f7dac7','9ca3ba31-0b1e-4f98-ace7-d47df8687148','07a55d25-7f29-4ae0-827a-7371e292c792','It is about 10 minutes by tuk-tuk.',0,'2026-04-18 06:35:38'),
  ('e18dddb8-4fe8-4fb6-8756-24b5e79be62c','f0d2612f-14e9-432f-ae9b-d3abae69e775','8c8ccd5c-dea0-40c4-9bb3-3e9be2a08e7e','How far is it from CADT?',1,'2026-05-24 06:35:38'),
  ('06aa41e6-02c9-4f9c-aa0d-29b0175b2c8c','8fa2d4db-cdb0-41b4-904f-82602514114a','a6e9d3b9-94d8-4b7e-8772-e388a0770fd5','It is about 10 minutes by tuk-tuk.',1,'2025-12-30 06:35:38'),
  ('1741b5bb-ec3e-4f06-bc85-fe11bff6bf53','7172797d-be21-4b3f-8d4e-e3fa05ee6da8','c46c7456-6a7d-4972-bfae-4bd83f69a294','Is there parking available?',0,'2026-05-07 06:35:38'),
  ('11d7cfb0-2dc9-4c1e-bcc3-9f3e20eed308','5f135510-c93f-4f84-89a5-61f39c562481','dec0e5de-3f31-41f2-8f58-fb71600dc5b6','Are pets allowed?',1,'2026-01-06 06:35:38'),
  ('b043c180-1e5b-4de4-993c-d0549890be56','8fa2d4db-cdb0-41b4-904f-82602514114a','c14aebfb-8143-473e-b515-9d80c6e66a48','The deposit is one month rent.',1,'2025-12-28 06:35:38'),
  ('5ad8d6e7-0c92-4752-a433-242e54519725','6c557147-00de-4f9c-921e-f9d8c0779c8d','b5134063-e3a0-460a-9dbc-ab6abc7e13c9','The deposit is one month rent.',1,'2026-01-29 06:35:38'),
  ('530f1bf6-a6ff-4d3b-b305-c7d63bc3972a','9229ef49-26d4-4099-9852-7ef50ae395ef','b96a92c8-5074-4a2f-8b51-05186e5564ef','Are pets allowed?',1,'2026-03-11 06:35:38'),
  ('073f3d62-b5cf-4c18-a803-871561f25bd2','21023ede-8513-48bf-8c40-89171b5c383b','d606d815-af6f-440a-8039-64af48c4a294','Hello, is this room still available?',1,'2026-05-21 06:35:38'),
  ('341c0e58-d821-4c8a-8417-f764cd82554d','ef8944d6-ce85-4414-954d-b095ea2eca38','3a3d6454-6ebd-4c80-bc20-c596eec55873','Is the deposit negotiable?',1,'2025-12-17 06:35:38'),
  ('d5778899-3a86-49b7-bdb3-7e6f8f170b4c','52d3d433-bdae-43e6-9765-e284e0bb0cb1','b96a92c8-5074-4a2f-8b51-05186e5564ef','Are pets allowed?',1,'2026-05-21 06:35:38'),
  ('12910346-a709-4cf7-9152-b046cd7c3492','ef8944d6-ce85-4414-954d-b095ea2eca38','f280ff35-a190-43c3-903c-4a8e4c7b28ce','Is the deposit negotiable?',0,'2026-03-28 06:35:38'),
  ('7b179f7f-e223-4656-b823-1a4db5afc6a2','4220fe83-c57b-4701-8fbd-1db3d834bafa','c4e65f46-2165-4300-8569-1e507c25cc31','It is about 10 minutes by tuk-tuk.',0,'2025-12-19 06:35:38'),
  ('33832167-a0c3-4183-bef4-6a90706aebae','ae6ea934-6c9d-4847-8b29-d44974765e4d','2428036e-a122-4d1f-b76c-b93eac676d8b','Is the deposit negotiable?',1,'2026-01-01 06:35:38'),
  ('8afc98a4-c09a-4808-bb19-c3ed49eade83','29846fa1-0286-465c-ae04-8174a217e47b','492d9542-dc49-4e7e-9191-ae6dd442aa4d','No pets sorry, but parking is free.',1,'2026-03-20 06:35:38'),
  ('f9ab8242-4b4c-47d9-b314-9d40563c64a2','f88fec1f-0073-4aeb-9717-aeca7dc5b696','e03a30ff-5d94-49d1-92ca-7ae817c17c7e','The deposit is one month rent.',0,'2026-06-24 06:35:38'),
  ('55adb63b-3ad1-458f-be79-68046af4bcec','74c03ea4-d9d5-4d65-be25-ef370fa297ab','07a55d25-7f29-4ae0-827a-7371e292c792','Is the deposit negotiable?',1,'2026-05-01 06:35:38'),
  ('78974591-513a-4763-a9f0-2b8a4f550c15','d0c671fd-35d6-4fc0-af95-2d463528c058','d3eff5db-9b4a-469c-af6f-e419d9d67590','When can I move in?',0,'2025-12-11 06:35:38'),
  ('34b867da-c250-419e-88ef-d3e995f8aeb8','fc94eb6d-fa5c-44af-9d15-40e952131096','57f765f9-2717-490a-a764-d46657a7baf4','How far is it from CADT?',1,'2026-05-13 06:35:38'),
  ('d2d40158-51d4-410f-afcb-c7c1116767cc','8b86e0ab-e2f8-4e8e-985e-57fc8f83441c','a6fc1ab6-babe-4955-b695-8e0d4e585e0c','What utilities are included in the rent?',0,'2025-12-21 06:35:38'),
  ('c937b357-e9cf-4758-8ed2-94c1ec8876b5','e744bd0e-b014-4a38-b1cd-6af3effb5732','b8e0f3b8-875e-4108-a434-61c55a75ed5b','Sure, we can arrange a viewing on Saturday.',0,'2026-03-10 06:35:38'),
  ('8b18dc74-aa94-4569-baf4-19cf1b269afc','fc395b1e-3110-4e30-ad9d-962203f7985e','8c8ccd5c-dea0-40c4-9bb3-3e9be2a08e7e','What utilities are included in the rent?',0,'2026-01-29 06:35:38'),
  ('fc75f5d2-4caa-4657-9992-59747aecbdcf','ccd7aa51-6381-4556-8ea7-59b62b060e7d','554b4c7f-71b9-4047-ad37-b4c2ca8aa5cb','Yes, the room is still available!',1,'2025-12-28 06:35:38'),
  ('3d4eb2f3-2e5e-4ab1-92b2-0316fced7d76','43348c97-f76d-4437-8315-f919bb5370cd','07d599c4-e7f1-41f7-9f44-013c2fe2cef4','What utilities are included in the rent?',1,'2026-01-26 06:35:38'),
  ('b8d18759-1c42-44f9-9c0c-e0b42b8e05d6','ef8944d6-ce85-4414-954d-b095ea2eca38','f280ff35-a190-43c3-903c-4a8e4c7b28ce','Water and electricity are included.',1,'2026-06-09 06:35:38'),
  ('351697ee-4b4f-4975-8a66-57eec2e3949b','f9e9e344-ba57-4a18-a787-127194ea3757','07a55d25-7f29-4ae0-827a-7371e292c792','The deposit is one month rent.',0,'2026-05-11 06:35:38'),
  ('beb634a3-5d37-4ddd-995c-fba5582eb258','c9e601cc-a133-4401-8133-157f51bdf775','f84b914e-9c61-4e4f-b8b8-0662cabf915a','When can I move in?',0,'2026-03-13 06:35:38'),
  ('665e4b39-0608-4792-9738-a0f4028c4124','ebc9d779-9b2e-4beb-8146-6e246d7f4af2','2ad1f054-0cdf-497d-b782-6f4c071a1531','Can I schedule a viewing this weekend?',1,'2026-05-02 06:35:38'),
  ('38fe04af-662b-43b7-b6b8-b474ed444aa2','5f135510-c93f-4f84-89a5-61f39c562481','dec0e5de-3f31-41f2-8f58-fb71600dc5b6','Yes, the room is still available!',1,'2026-04-13 06:35:38'),
  ('2b3c3eec-913b-45db-8cf4-656fa20682b2','5f135510-c93f-4f84-89a5-61f39c562481','dec0e5de-3f31-41f2-8f58-fb71600dc5b6','The deposit is one month rent.',0,'2026-05-29 06:35:38'),
  ('116a4a1f-39cb-42bc-b786-596161f15a9b','29846fa1-0286-465c-ae04-8174a217e47b','38a7143e-c7db-4fd6-b773-4f93a4581e3b','Water and electricity are included.',0,'2026-01-14 06:35:38'),
  ('5dd74bb1-c3ce-494d-a4d6-8df3ba3f80d0','90c476eb-af08-4fa5-9d2c-9b6dae166a48','e36c4a02-059d-4a69-aa5b-5dd1029eba5a','Hello, is this room still available?',1,'2026-03-22 06:35:38'),
  ('2afaaa11-8abe-43cf-8f30-d56e8b2bd280','6c557147-00de-4f9c-921e-f9d8c0779c8d','b5134063-e3a0-460a-9dbc-ab6abc7e13c9','How far is it from CADT?',1,'2026-06-21 06:35:38'),
  ('90a308d5-d393-48ae-915a-b70072064671','c9e601cc-a133-4401-8133-157f51bdf775','f46ae936-dd6e-44ee-a5a9-318db8622647','The deposit is one month rent.',1,'2026-02-23 06:35:38'),
  ('1f312e4d-9c6e-40ac-9334-6f887387a6eb','5e9f5302-6fea-43e1-ab4f-4fcd09789289','e03a30ff-5d94-49d1-92ca-7ae817c17c7e','No pets sorry, but parking is free.',0,'2026-04-06 06:35:38'),
  ('f13594c3-9ae0-4b09-950c-edcec9c556e1','e744bd0e-b014-4a38-b1cd-6af3effb5732','b8e0f3b8-875e-4108-a434-61c55a75ed5b','Can I schedule a viewing this weekend?',0,'2025-12-12 06:35:38'),
  ('ef808ce5-e659-4883-be11-f00b1b1eeb88','ebc9d779-9b2e-4beb-8146-6e246d7f4af2','3f0028a3-1cd2-4337-9ae0-c07e709f827b','Are pets allowed?',0,'2026-05-05 06:35:38'),
  ('a93fabd5-6fc1-4ca6-a1b1-e0962df3a673','29846fa1-0286-465c-ae04-8174a217e47b','492d9542-dc49-4e7e-9191-ae6dd442aa4d','The room is available from next month.',1,'2026-06-01 06:35:38'),
  ('d2616fb7-6fd6-4219-8b17-e56730a84518','5f135510-c93f-4f84-89a5-61f39c562481','dec0e5de-3f31-41f2-8f58-fb71600dc5b6','Are pets allowed?',0,'2025-12-18 06:35:38'),
  ('d0a4fd2e-8b7a-49c0-b493-30ba44fa38e1','8b86e0ab-e2f8-4e8e-985e-57fc8f83441c','a6fc1ab6-babe-4955-b695-8e0d4e585e0c','Hello, is this room still available?',1,'2025-12-26 06:35:38'),
  ('39ff5330-3513-4bf0-9c6e-b395c8202131','72b7a7e8-09e9-44fb-b209-1005ea7a092c','b8e0f3b8-875e-4108-a434-61c55a75ed5b','Can I schedule a viewing this weekend?',0,'2026-06-14 06:35:38'),
  ('7d55139c-a310-46fd-95d9-69c7ea54f1ec','06c2cf1e-1301-4dc6-8c12-209839428d78','f280ff35-a190-43c3-903c-4a8e4c7b28ce','The deposit is one month rent.',0,'2026-01-31 06:35:38'),
  ('2bb6f2d6-d08b-42f0-aa43-8b137b9bd755','c760b979-5d16-4379-97ee-58bb18849a52','b3171e1d-c621-427e-911a-4b32574a40de','Sure, we can arrange a viewing on Saturday.',1,'2026-03-04 06:35:38'),
  ('10dac8fc-717b-44e0-8008-d48cbb41c19a','d0c671fd-35d6-4fc0-af95-2d463528c058','d3eff5db-9b4a-469c-af6f-e419d9d67590','Sure, we can arrange a viewing on Saturday.',1,'2026-06-23 06:35:38'),
  ('952cb56f-31d4-4983-ab57-295f0c53b73b','9ca3ba31-0b1e-4f98-ace7-d47df8687148','e36c4a02-059d-4a69-aa5b-5dd1029eba5a','The deposit is one month rent.',0,'2026-01-14 06:35:38'),
  ('526ff1a6-9c20-40ef-ae9b-3fa4e474ea5d','fc94eb6d-fa5c-44af-9d15-40e952131096','57f765f9-2717-490a-a764-d46657a7baf4','When can I move in?',0,'2025-12-30 06:35:38');

-- REVIEWS
INSERT INTO `REVIEWS` (uuid,room_id,user_id,rating,comment,created_at) VALUES
  ('256b026c-e47a-4db5-82ad-426d14aaba8c','6a8d4e57-7f22-48cf-b5f6-7a56085cb45c','6553bcc1-0794-4f19-8d19-748eab479e98',5,'Clean and affordable, highly recommend.','2026-01-30 06:35:38'),
  ('ce8da0d4-8b17-4c0b-b6cc-f501bc484364','0a80abfd-ddd9-40b1-97eb-8f0b5a913b28','a85e5df6-d0df-4343-951a-d1f18aad9d77',4,'Good value for money in Phnom Penh.','2025-11-15 06:35:38'),
  ('31fd9d69-8152-4a66-933b-401e41ce05b1','983de19c-d5f4-40d2-9387-e49d92022e58','8d73bfca-01d2-4bee-95a1-8f7e6f5cd041',5,'Great location, very close to university.','2025-10-28 06:35:38'),
  ('976f7fd4-a1cc-4862-9428-e2802ea1bce8','e30717e9-6bfc-4f4d-990a-e2a196322307','07d599c4-e7f1-41f7-9f44-013c2fe2cef4',3,'Would stay here again.','2025-12-09 06:35:38'),
  ('a7b5568a-4366-4228-80d1-9508a63c1962','c59db587-b206-4838-a1b3-66aab95a890f','1775165e-e4cd-4256-bef6-5e039a573473',5,'Landlord is very responsive and helpful.','2026-01-26 06:35:38'),
  ('787f8362-322b-443d-9bcb-97a3b5567ac4','578a2769-00f1-497c-a8c5-510bc94cff9f','0f80f7bb-0152-44e4-be71-96449760ffba',5,'Great community of student residents.','2025-12-18 06:35:38'),
  ('2e351bea-8e81-42b7-8135-55903c8b30f5','2b2a7851-bffb-4191-af4e-8417074dbabd','e2454f38-5e4b-4f4f-b220-ccb4ce268b64',5,'Landlord is very responsive and helpful.','2026-04-25 06:35:38'),
  ('16c2428f-828b-4ad9-9640-2634bcf63749','3c5b3fee-5998-4f69-9f21-ba52dff18a60','eff0da25-6ba8-4b0a-a522-f11ef7aa6263',4,'WiFi is fast and stable.','2025-09-25 06:35:38'),
  ('77f12911-054c-4efd-b388-72736fbdaaa6','32041676-0421-4c7d-8515-e71c16833bd4','5bd05cd9-69e6-44f0-b675-0b0e8fb7562b',4,'Would stay here again.','2026-01-02 06:35:38'),
  ('5bb39303-ef9b-45ef-9741-3845ae620432','c1664b85-9e82-45d0-bde8-f3d5701c0243','f84463a8-e8b4-43ce-91db-a20dd39180a6',5,'Small but cozy, perfect for one person.','2026-04-16 06:35:38'),
  ('d5366ace-abce-4227-919f-2bd1a8521d94','e30717e9-6bfc-4f4d-990a-e2a196322307','c4e65f46-2165-4300-8569-1e507c25cc31',4,'Good value for money in Phnom Penh.','2026-03-20 06:35:38'),
  ('7220bb71-413d-431c-ad4a-9001f1816a35','22c5de9e-2ae9-4afd-a48e-06b5e12c9db5','c4e65f46-2165-4300-8569-1e507c25cc31',5,'Air conditioning works great.','2026-05-31 06:35:38'),
  ('515e0e55-6635-4266-8cf5-5803a4074caf','e881d8c5-26c8-489a-a096-ec1c7a5ca94e','d674d86c-1d7a-42f3-9359-294d866a6864',5,'Small but cozy, perfect for one person.','2025-11-03 06:35:38'),
  ('be611ad0-c649-42d5-9e9e-5539cba5fb60','ebf2bf78-203c-4dd6-91c9-b6040671c9a7','e2454f38-5e4b-4f4f-b220-ccb4ce268b64',3,'Not as described in the listing.','2026-05-24 06:35:38'),
  ('3fd6c4d8-f80d-40c1-8433-59ce898a40c8','dd98ce7f-9ef8-462c-9678-c140c2a47cbc','6d511d3a-8802-4249-a9ff-a680b0e044e9',3,'Air conditioning works great.','2025-10-21 06:35:38'),
  ('1de3f09d-e908-42f3-bbf7-965bf53ce576','c476c798-3f30-4ea0-b7ae-98ee11e166e1','6553bcc1-0794-4f19-8d19-748eab479e98',3,'Not as described in the listing.','2026-02-27 06:35:38'),
  ('dda41bbd-9b03-449b-a72c-a4824f35a467','78e0c13d-c4a1-4ecb-a4aa-e3d364dbfe8f','1775165e-e4cd-4256-bef6-5e039a573473',4,'A bit noisy at night but overall good.','2026-01-16 06:35:38'),
  ('abfcad7c-48c9-439f-b307-3f05989bcc7e','30395760-2181-48d5-bfeb-b2146346cc3f','7aa7ddfd-3bcd-4cbe-ada2-0f2ec55db3d8',4,'Not as described in the listing.','2026-01-22 06:35:38'),
  ('2a55abde-c884-4bc7-b09a-caaaceb61d4e','5197a005-e931-4e0e-8f46-d4fdc96c95bb','850d9e0c-a01d-498e-8871-5e74b1b8590e',3,'Air conditioning works great.','2025-12-23 06:35:38'),
  ('8048e4cd-879e-4cc5-b3db-9b3784421aeb','87bc47aa-3a71-4d32-bc89-95a7bfde7590','f84b914e-9c61-4e4f-b8b8-0662cabf915a',3,'Nice room with good natural lighting.','2026-02-21 06:35:38'),
  ('6795212b-b41e-4bca-8e61-639dde4bd027','a6186894-c3e9-4b9a-a0cf-65a31d87d3a0','12e7f61f-5362-4448-9c51-15e078b836f7',5,'WiFi is fast and stable.','2026-02-06 06:35:38'),
  ('5473783e-2101-45dd-971c-3805f121ccec','d7f30540-8b2a-448d-be3a-7d3e37017d79','e36c4a02-059d-4a69-aa5b-5dd1029eba5a',5,'Nice room with good natural lighting.','2025-10-25 06:35:38'),
  ('1d18b78a-6241-4b77-9427-2d5fba0a23ae','cce5ecc0-8fc4-4c63-b288-4a2246d84b27','7aa7ddfd-3bcd-4cbe-ada2-0f2ec55db3d8',4,'Good value for money in Phnom Penh.','2025-10-21 06:35:38'),
  ('9797506e-9c97-4a8a-93a2-18448b57c350','32041676-0421-4c7d-8515-e71c16833bd4','6d511d3a-8802-4249-a9ff-a680b0e044e9',3,'Air conditioning works great.','2026-05-17 06:35:38'),
  ('d030cf02-ddbe-4260-9522-75d2edf338b7','60ed4506-ea82-4f47-b72c-ca0667abda5c','d0cc1727-eb5f-4ac8-8af7-b1d291bee5b8',5,'Small but cozy, perfect for one person.','2026-03-19 06:35:38'),
  ('4d3f5124-88b4-4c10-88ed-3a5297bb34a1','877c6664-f3f8-4a42-8ef8-3a928bf8adb1','c14aebfb-8143-473e-b515-9d80c6e66a48',5,'Clean and affordable, highly recommend.','2026-05-20 06:35:38'),
  ('27f1ee62-fde5-4152-9f52-f270029f5da2','09d89686-5deb-45ee-bb3c-4de98fef4eaa','d0cc1727-eb5f-4ac8-8af7-b1d291bee5b8',4,'Great location, very close to university.','2025-09-03 06:35:38'),
  ('fab38c10-3e82-4bfa-bca2-bb29400d5baa','cc2b885f-4aef-439f-9f66-f2bec659cf27','8d73bfca-01d2-4bee-95a1-8f7e6f5cd041',5,'A bit noisy at night but overall good.','2026-06-09 06:35:38'),
  ('1c88668a-56f2-4b25-a8a9-c353dd2e3d39','32041676-0421-4c7d-8515-e71c16833bd4','11d0587f-50f8-4fb0-bab1-7c0317ea98f1',4,'Small but cozy, perfect for one person.','2025-10-29 06:35:38'),
  ('f2cdac4a-eb7f-4f2f-bb56-ca0c50ab8a9b','ca949d15-9e88-4e45-bf83-cf332763f2b2','ec9b1752-967a-4a66-b47a-bcba2901a1f5',3,'WiFi is fast and stable.','2026-03-05 06:35:38'),
  ('fc6ca548-79a7-4b65-9737-0e94ceac328c','eaaf7283-4fb8-4b85-b8d6-9f3b4654a693','850d9e0c-a01d-498e-8871-5e74b1b8590e',5,'Good value for money in Phnom Penh.','2026-04-20 06:35:38'),
  ('2c0a836e-0e01-4ad7-93d0-b9f290b8faae','cce5ecc0-8fc4-4c63-b288-4a2246d84b27','b1e1d2bb-febb-48e0-bb91-5e0b70d77b50',4,'WiFi is fast and stable.','2025-12-23 06:35:38'),
  ('5c44280e-6c86-4523-9a0a-f4240e7a0051','902dec74-917a-4096-b280-3aa71f80a41b','eff0da25-6ba8-4b0a-a522-f11ef7aa6263',5,'Great community of student residents.','2026-04-04 06:35:38'),
  ('2685831b-7c77-433b-8511-4ba1996a5e08','e881d8c5-26c8-489a-a096-ec1c7a5ca94e','b1e1d2bb-febb-48e0-bb91-5e0b70d77b50',3,'Landlord is very responsive and helpful.','2026-03-28 06:35:38'),
  ('59f60eb3-875c-49e1-b22b-d54c4cd04fff','79161b9c-f59d-49c1-b30b-faa402b78579','381b96c6-d7eb-48ee-8f51-c6eb26c27e33',5,'Landlord is very responsive and helpful.','2025-10-23 06:35:38'),
  ('fc6e36db-6dc8-4c35-bccd-156317e578cd','c9d302ae-1f1a-48db-8bad-f0a70d194992','3f0028a3-1cd2-4337-9ae0-c07e709f827b',3,'The neighborhood feels very safe.','2026-03-01 06:35:38'),
  ('35c41472-5a39-4913-aea2-a0fd58bf6af2','753aa67c-f5ce-48b6-96f3-e4d2a64ace94','11d0587f-50f8-4fb0-bab1-7c0317ea98f1',4,'Great location, very close to university.','2026-03-14 06:35:38'),
  ('4298e1ba-d846-46d7-b9ab-752521720e46','bde4f9b5-6f78-46dd-8426-ff7d0e9e4708','9eb76276-0693-4766-8047-7bac73a2d2fd',5,'WiFi is fast and stable.','2025-10-30 06:35:38'),
  ('bacc0efb-5d71-4a8b-ac3f-8cdaf78ef66c','04307b79-0de2-4c8a-9ead-b4b0d99252af','0f80f7bb-0152-44e4-be71-96449760ffba',2,'Not as described in the listing.','2026-01-13 06:35:38'),
  ('f9a10d03-8ade-45c8-a8d8-b538cbe69e0a','b0bbceea-79c4-4d51-9959-f76d857dca9d','12e7f61f-5362-4448-9c51-15e078b836f7',5,'Not as described in the listing.','2026-02-07 06:35:38'),
  ('d066f51c-da07-4e1b-84a8-7c746b2b438d','b1ec203d-5d72-45dc-a14c-2ba0fa13872e','11d0587f-50f8-4fb0-bab1-7c0317ea98f1',4,'Air conditioning works great.','2026-03-30 06:35:38'),
  ('2e77f06c-fcfd-42c2-9649-0e8fb05e9bc4','983de19c-d5f4-40d2-9387-e49d92022e58','d606d815-af6f-440a-8039-64af48c4a294',4,'Air conditioning works great.','2026-05-19 06:35:38'),
  ('b977e504-e54c-49c3-ab48-659c52d7bf01','bde4f9b5-6f78-46dd-8426-ff7d0e9e4708','11d0587f-50f8-4fb0-bab1-7c0317ea98f1',4,'A bit noisy at night but overall good.','2025-10-06 06:35:38'),
  ('df578611-1775-419d-8aa7-e0414ba9aed2','c689756e-1c26-4303-a485-4ccd6e456db2','6553bcc1-0794-4f19-8d19-748eab479e98',5,'Nice room with good natural lighting.','2025-10-21 06:35:38'),
  ('90c66bd5-d604-4306-ad4b-7523ba915052','a91170a8-7c1e-4ec8-ab94-7c0c1d85a5a1','0f80f7bb-0152-44e4-be71-96449760ffba',4,'Small but cozy, perfect for one person.','2026-04-17 06:35:38'),
  ('8fee52b0-600d-4df6-914c-eea812606925','504a1e31-5358-4768-9cb1-1a38c93b5bab','eb1f6382-6185-4ed4-8ae9-a2d69b64bec4',4,'Small but cozy, perfect for one person.','2026-02-04 06:35:38'),
  ('0ea542c1-50e0-42f7-9d51-a329cdc9c628','c1664b85-9e82-45d0-bde8-f3d5701c0243','17eafe69-8be3-4396-8f87-62363ea0b70b',3,'Nice room with good natural lighting.','2026-04-28 06:35:38'),
  ('ad18a5f8-4ce2-4b23-89f5-78c5e7b4964e','482ec36b-53c6-4c85-848a-a8bc5b53ec66','a7923b0d-17f9-464d-8140-32e8b6818016',4,'Nice room with good natural lighting.','2026-04-30 06:35:38'),
  ('00057fa4-82d9-46c3-a3d5-69f5c1ef6d52','a91170a8-7c1e-4ec8-ab94-7c0c1d85a5a1','593f8338-a05e-4274-84df-3d1cfaf0affd',4,'A bit noisy at night but overall good.','2026-04-06 06:35:38'),
  ('653d3e2d-73a4-498d-8852-41378b34a6c3','ebf2bf78-203c-4dd6-91c9-b6040671c9a7','a720cb5d-0462-48f2-86e7-a4953d8d5242',4,'A bit noisy at night but overall good.','2026-06-05 06:35:38'),
  ('df224041-9b7c-4736-954e-d354b79f6945','36673f1d-4619-4401-91f2-4b796c10b5ef','381b96c6-d7eb-48ee-8f51-c6eb26c27e33',4,'Landlord is very responsive and helpful.','2025-10-08 06:35:38'),
  ('f3f4cd02-65df-43db-af6e-ee4f2fc145fd','3c5b3fee-5998-4f69-9f21-ba52dff18a60','694f7095-ccee-42e1-a21d-b8f90f920223',4,'Great location, very close to university.','2026-04-03 06:35:38'),
  ('84f01167-0df9-4e5b-8418-4e0dca9a87fe','877c6664-f3f8-4a42-8ef8-3a928bf8adb1','d674d86c-1d7a-42f3-9359-294d866a6864',3,'WiFi is fast and stable.','2025-09-12 06:35:38'),
  ('8fba1cdc-0c0e-4e6f-8f2e-6ac1f66e4000','b444ccaf-3fe7-43a7-ab47-193819a373e0','57f765f9-2717-490a-a764-d46657a7baf4',5,'Would stay here again.','2026-02-02 06:35:38'),
  ('022e9528-3331-417a-8dca-385f33989fa0','95b8ca06-9fb3-4b49-9036-41ecc1ffe0ce','c6007366-d637-45ea-a59e-595d35327c58',4,'The neighborhood feels very safe.','2025-10-24 06:35:38'),
  ('17274aaf-bc63-4ec2-9afa-87df3fe731c4','2c2e65b6-ac85-4eeb-a9f2-6c29b06b763e','a7923b0d-17f9-464d-8140-32e8b6818016',5,'Air conditioning works great.','2026-04-15 06:35:38'),
  ('56132e52-2efe-4286-ba44-c6581beefbe0','cc2b885f-4aef-439f-9f66-f2bec659cf27','a67ca264-5699-4056-87c6-bcc806014190',5,'Air conditioning works great.','2025-10-09 06:35:38'),
  ('6fa69073-909e-49e1-9635-9604058c34ef','877c6664-f3f8-4a42-8ef8-3a928bf8adb1','eb1f6382-6185-4ed4-8ae9-a2d69b64bec4',5,'Nice room with good natural lighting.','2025-11-07 06:35:38'),
  ('46ee5c6d-6127-453f-bbfc-a448ae59f328','b91b2250-c232-46a8-b8b3-50103cf05a03','850d9e0c-a01d-498e-8871-5e74b1b8590e',2,'WiFi is fast and stable.','2025-12-12 06:35:38'),
  ('6a43a731-5aee-4646-bf62-160664c981c2','36673f1d-4619-4401-91f2-4b796c10b5ef','6d511d3a-8802-4249-a9ff-a680b0e044e9',1,'Small but cozy, perfect for one person.','2025-10-12 06:35:38'),
  ('2a6c9b35-7d15-469b-b791-15e38bd1170c','0a80abfd-ddd9-40b1-97eb-8f0b5a913b28','f84463a8-e8b4-43ce-91db-a20dd39180a6',5,'Air conditioning works great.','2026-05-09 06:35:38'),
  ('09676f62-76ec-46fd-90bd-9471c5f53f9e','50afcbc3-b68d-4ecc-b9d9-eebedcb5bc20','66c8ee2b-42df-4e82-b4aa-fd0547fbb5fa',5,'Air conditioning works great.','2026-06-08 06:35:38'),
  ('d361e374-8472-4f19-bef5-0850633b2c15','d8c0821c-b5d4-45cc-85bc-e91094848a63','b1e1d2bb-febb-48e0-bb91-5e0b70d77b50',5,'Clean and affordable, highly recommend.','2025-10-24 06:35:38'),
  ('493b8274-ff46-41cc-b87c-d147483c1f6a','482ec36b-53c6-4c85-848a-a8bc5b53ec66','e36c4a02-059d-4a69-aa5b-5dd1029eba5a',5,'Small but cozy, perfect for one person.','2026-06-27 06:35:38'),
  ('8af99422-6695-47d1-b544-e95e5b79bcad','25507fff-072c-474b-83a0-6b859b2a3cc1','593f8338-a05e-4274-84df-3d1cfaf0affd',5,'Small but cozy, perfect for one person.','2025-11-24 06:35:38'),
  ('4aed4d65-5b0a-481b-bbac-5ff8bc51da83','8f240436-3cde-4776-adc6-a615b71f4e1d','8aac427d-d132-4792-9b7d-81130e3c303c',2,'Small but cozy, perfect for one person.','2025-11-20 06:35:38'),
  ('3e3e941b-921a-48da-b99b-d653bbd76526','11822530-61af-4dfe-86ac-8e551e205d04','5cae85cb-6054-4919-80b6-f6031dbf3534',4,'Great community of student residents.','2025-12-14 06:35:38'),
  ('c22c75f5-dd6b-40cd-b95e-1ff937e99bc6','fe883555-8bc3-49ea-a1da-16a3d041f032','850d9e0c-a01d-498e-8871-5e74b1b8590e',5,'Great community of student residents.','2025-09-06 06:35:38'),
  ('8c066516-a4b9-42f0-b61d-cf3f2dcd92b6','78e0c13d-c4a1-4ecb-a4aa-e3d364dbfe8f','f84b914e-9c61-4e4f-b8b8-0662cabf915a',3,'The neighborhood feels very safe.','2026-02-28 06:35:38'),
  ('3df07a0e-7095-4089-be26-93c0b9d6ba51','95b8ca06-9fb3-4b49-9036-41ecc1ffe0ce','1775165e-e4cd-4256-bef6-5e039a573473',4,'Small but cozy, perfect for one person.','2025-11-30 06:35:38'),
  ('dd046682-b895-4ffa-8b3a-ce090721571c','dd98ce7f-9ef8-462c-9678-c140c2a47cbc','179309ac-4569-438b-8926-72baaf5fb4b2',1,'Would stay here again.','2026-06-24 06:35:38'),
  ('37e72cb2-584c-4acf-af20-590cfaa8c240','ad63b934-de01-4660-b192-12448a904749','a6fc1ab6-babe-4955-b695-8e0d4e585e0c',3,'Great location, very close to university.','2025-12-17 06:35:38'),
  ('4d9eed95-5940-46cb-8fba-a3790b5bce5f','ca949d15-9e88-4e45-bf83-cf332763f2b2','c6007366-d637-45ea-a59e-595d35327c58',5,'Nice room with good natural lighting.','2025-11-30 06:35:38'),
  ('90b7dacb-0746-4ae8-9150-9395302cda5e','d7f30540-8b2a-448d-be3a-7d3e37017d79','6d511d3a-8802-4249-a9ff-a680b0e044e9',3,'Not as described in the listing.','2025-09-01 06:35:38'),
  ('ab76cfa9-b212-4d33-8a2f-cc2f816dce53','dd98ce7f-9ef8-462c-9678-c140c2a47cbc','11d0587f-50f8-4fb0-bab1-7c0317ea98f1',5,'WiFi is fast and stable.','2025-09-11 06:35:38'),
  ('2f40353b-6e04-423b-9d0a-a1b23e8d7752','d7f30540-8b2a-448d-be3a-7d3e37017d79','b8e0f3b8-875e-4108-a434-61c55a75ed5b',4,'Not as described in the listing.','2025-12-06 06:35:38'),
  ('0da5bf62-c653-4db8-a541-66307dc5bfb0','e881d8c5-26c8-489a-a096-ec1c7a5ca94e','c6007366-d637-45ea-a59e-595d35327c58',4,'Great community of student residents.','2025-09-15 06:35:38'),
  ('8088a676-848e-4a6b-942d-5911ac9fb1db','a91170a8-7c1e-4ec8-ab94-7c0c1d85a5a1','c4e65f46-2165-4300-8569-1e507c25cc31',4,'Small but cozy, perfect for one person.','2025-10-23 06:35:38'),
  ('2561a04b-3d2f-4b79-8621-9c868e359013','dd98ce7f-9ef8-462c-9678-c140c2a47cbc','a85e5df6-d0df-4343-951a-d1f18aad9d77',4,'Great community of student residents.','2025-12-06 06:35:38'),
  ('074b8189-0a3c-4fe9-ac8a-5f84dafcd311','b1ec203d-5d72-45dc-a14c-2ba0fa13872e','e36c4a02-059d-4a69-aa5b-5dd1029eba5a',5,'Not as described in the listing.','2026-04-28 06:35:38'),
  ('901ac8d3-10aa-4cee-ba79-b35058fd7b4f','e2a6316a-8632-4e13-b906-f8d89d977cfe','a7923b0d-17f9-464d-8140-32e8b6818016',4,'Would stay here again.','2026-04-06 06:35:38'),
  ('a8acd47f-1dff-4432-b7aa-7d601b2a2085','78e0c13d-c4a1-4ecb-a4aa-e3d364dbfe8f','c6007366-d637-45ea-a59e-595d35327c58',4,'Great community of student residents.','2026-01-05 06:35:38'),
  ('3690f7e6-2c81-423b-bc98-d94c10266fcf','32041676-0421-4c7d-8515-e71c16833bd4','b8e0f3b8-875e-4108-a434-61c55a75ed5b',5,'Would stay here again.','2026-06-01 06:35:38'),
  ('cca8cbc3-b807-4317-86ee-cdebd490dd60','e30717e9-6bfc-4f4d-990a-e2a196322307','6fb00870-837f-485f-8237-b618c46e9eb3',5,'Great location, very close to university.','2026-05-12 06:35:38'),
  ('86a5d157-250f-481c-a020-95bad92ebe52','78fa2982-362b-4703-86ab-12fbbfb1494a','66c8ee2b-42df-4e82-b4aa-fd0547fbb5fa',5,'WiFi is fast and stable.','2026-05-13 06:35:38'),
  ('b6974b0d-6284-4a7f-b615-65990a07f81d','a6186894-c3e9-4b9a-a0cf-65a31d87d3a0','2e4fbdbd-ce84-4e5c-81a5-eada651b2048',3,'Great location, very close to university.','2025-12-13 06:35:38'),
  ('f26716d0-166a-42ac-b7d6-1185919275f6','c689756e-1c26-4303-a485-4ccd6e456db2','b8e0f3b8-875e-4108-a434-61c55a75ed5b',5,'Good value for money in Phnom Penh.','2026-05-29 06:35:38'),
  ('7f29d955-63d8-4318-b9eb-009434aad7a5','25507fff-072c-474b-83a0-6b859b2a3cc1','a67ca264-5699-4056-87c6-bcc806014190',3,'The neighborhood feels very safe.','2025-11-15 06:35:38'),
  ('7b8c0aac-5b1a-4d5e-ac21-c47cf78b6d4f','2b2a7851-bffb-4191-af4e-8417074dbabd','179309ac-4569-438b-8926-72baaf5fb4b2',5,'Great community of student residents.','2025-10-05 06:35:38'),
  ('ae62471c-87f2-4e00-8150-a9650f4b131f','03a852c2-77ca-4f97-ac5f-1b130a1e77fa','179309ac-4569-438b-8926-72baaf5fb4b2',2,'Air conditioning works great.','2025-10-09 06:35:38'),
  ('9a41fd5f-4b44-4acc-8197-4d5ef868b804','bde4f9b5-6f78-46dd-8426-ff7d0e9e4708','3e257aab-7716-46fb-83a2-e31acf79dfcf',4,'Landlord is very responsive and helpful.','2026-06-09 06:35:38'),
  ('2345e73a-11d8-4e0e-be78-5de84dcca5e9','d7f30540-8b2a-448d-be3a-7d3e37017d79','d167c517-8a4c-45f4-83e3-ef33bd9866d0',5,'Landlord is very responsive and helpful.','2026-05-14 06:35:38'),
  ('deff0ab4-2eb5-458b-b750-28c22bb19fb2','60ed4506-ea82-4f47-b72c-ca0667abda5c','ec9b1752-967a-4a66-b47a-bcba2901a1f5',4,'Not as described in the listing.','2025-12-07 06:35:38'),
  ('d461c7f2-af9d-4dbe-8da0-313a5dc97ac5','c689756e-1c26-4303-a485-4ccd6e456db2','850d9e0c-a01d-498e-8871-5e74b1b8590e',3,'Great location, very close to university.','2026-05-23 06:35:38'),
  ('c239bacd-2fab-43d1-ae3d-b01dbe839ccd','3e9857ea-b315-4983-9b30-d34fea8f5147','e2454f38-5e4b-4f4f-b220-ccb4ce268b64',4,'Small but cozy, perfect for one person.','2025-09-02 06:35:38'),
  ('75cfe289-4145-4483-bf31-cce946edc998','fe883555-8bc3-49ea-a1da-16a3d041f032','6553bcc1-0794-4f19-8d19-748eab479e98',5,'Good value for money in Phnom Penh.','2026-03-04 06:35:38'),
  ('ec8563f8-f026-4dd0-9530-d824e35e9ae3','5cd2fec3-4850-4bf8-9102-e1e62134432e','179309ac-4569-438b-8926-72baaf5fb4b2',4,'WiFi is fast and stable.','2025-09-06 06:35:38'),
  ('9ad0e692-8ae6-4c20-b743-b2e4cbbb2e96','d31d0af4-d151-4d44-ab45-8140192d0343','11d0587f-50f8-4fb0-bab1-7c0317ea98f1',3,'Small but cozy, perfect for one person.','2026-05-04 06:35:38'),
  ('de307b41-31ae-41c7-8b2a-12a62e4a776d','1b10228c-1a33-4d55-822d-a067152e4970','6ad50919-6d77-4d6d-bc15-0359448690b7',4,'Nice room with good natural lighting.','2026-04-29 06:35:38'),
  ('a60f11f0-d814-4762-bab3-0f8c7c21f09d','ebcc6c52-d217-4365-8b5e-2789391e511e','11d0587f-50f8-4fb0-bab1-7c0317ea98f1',5,'Great community of student residents.','2025-09-06 06:35:38');

-- NEARBY_UNIVERSITIES
INSERT INTO `NEARBY_UNIVERSITIES` (room_id,university_id,distance_km,walk_minutes) VALUES
  ('dd98ce7f-9ef8-462c-9678-c140c2a47cbc',3,4.06,50),
  ('dd98ce7f-9ef8-462c-9678-c140c2a47cbc',1,2.55,31),
  ('dd98ce7f-9ef8-462c-9678-c140c2a47cbc',5,2.84,35),
  ('5197a005-e931-4e0e-8f46-d4fdc96c95bb',6,3.95,49),
  ('5197a005-e931-4e0e-8f46-d4fdc96c95bb',4,2.45,30),
  ('5197a005-e931-4e0e-8f46-d4fdc96c95bb',8,0.87,10),
  ('504a1e31-5358-4768-9cb1-1a38c93b5bab',8,0.34,4),
  ('504a1e31-5358-4768-9cb1-1a38c93b5bab',3,3.47,43),
  ('504a1e31-5358-4768-9cb1-1a38c93b5bab',6,2.08,26),
  ('983de19c-d5f4-40d2-9387-e49d92022e58',6,2.0,25),
  ('79161b9c-f59d-49c1-b30b-faa402b78579',3,1.54,19),
  ('79161b9c-f59d-49c1-b30b-faa402b78579',5,1.57,19),
  ('a91170a8-7c1e-4ec8-ab94-7c0c1d85a5a1',6,2.64,33),
  ('a91170a8-7c1e-4ec8-ab94-7c0c1d85a5a1',3,1.29,16),
  ('a91170a8-7c1e-4ec8-ab94-7c0c1d85a5a1',2,3.59,44),
  ('20739778-b9e8-4363-8d30-e0687c4adeab',6,2.18,27),
  ('20739778-b9e8-4363-8d30-e0687c4adeab',7,2.42,30),
  ('3659ad3b-ccd4-4105-a3ea-bf2cc2452484',3,1.37,17),
  ('3659ad3b-ccd4-4105-a3ea-bf2cc2452484',5,0.77,9),
  ('3659ad3b-ccd4-4105-a3ea-bf2cc2452484',6,1.57,19),
  ('04307b79-0de2-4c8a-9ead-b4b0d99252af',7,4.32,54),
  ('0a80abfd-ddd9-40b1-97eb-8f0b5a913b28',3,4.06,50),
  ('c8a6d265-d4d8-4dd5-b14e-99d8ce87da65',3,1.13,14),
  ('c8a6d265-d4d8-4dd5-b14e-99d8ce87da65',4,2.65,33),
  ('c8a6d265-d4d8-4dd5-b14e-99d8ce87da65',1,4.98,62),
  ('7d940a80-68d6-4b0e-bc8f-82f3a3f63658',6,1.71,21),
  ('7d940a80-68d6-4b0e-bc8f-82f3a3f63658',7,2.94,36),
  ('7d940a80-68d6-4b0e-bc8f-82f3a3f63658',4,2.97,37),
  ('dccae1c8-1f6e-4143-917f-a099f86eb545',2,1.07,13),
  ('dccae1c8-1f6e-4143-917f-a099f86eb545',6,1.31,16),
  ('b1ec203d-5d72-45dc-a14c-2ba0fa13872e',8,3.26,40),
  ('b1ec203d-5d72-45dc-a14c-2ba0fa13872e',7,2.41,30),
  ('22c5de9e-2ae9-4afd-a48e-06b5e12c9db5',5,1.99,24),
  ('22c5de9e-2ae9-4afd-a48e-06b5e12c9db5',3,2.92,36),
  ('877c6664-f3f8-4a42-8ef8-3a928bf8adb1',6,2.24,28),
  ('877c6664-f3f8-4a42-8ef8-3a928bf8adb1',1,1.95,24),
  ('753aa67c-f5ce-48b6-96f3-e4d2a64ace94',4,3.35,41),
  ('753aa67c-f5ce-48b6-96f3-e4d2a64ace94',5,2.83,35),
  ('753aa67c-f5ce-48b6-96f3-e4d2a64ace94',7,4.9,61),
  ('e881d8c5-26c8-489a-a096-ec1c7a5ca94e',6,3.46,43),
  ('e881d8c5-26c8-489a-a096-ec1c7a5ca94e',3,2.59,32),
  ('b444ccaf-3fe7-43a7-ab47-193819a373e0',8,3.18,39),
  ('b444ccaf-3fe7-43a7-ab47-193819a373e0',1,2.48,31),
  ('b444ccaf-3fe7-43a7-ab47-193819a373e0',4,4.8,60),
  ('a6186894-c3e9-4b9a-a0cf-65a31d87d3a0',6,2.28,28),
  ('11822530-61af-4dfe-86ac-8e551e205d04',7,0.67,8),
  ('11822530-61af-4dfe-86ac-8e551e205d04',8,1.92,24),
  ('11822530-61af-4dfe-86ac-8e551e205d04',1,1.77,22),
  ('87bc47aa-3a71-4d32-bc89-95a7bfde7590',5,3.15,39),
  ('87bc47aa-3a71-4d32-bc89-95a7bfde7590',6,2.16,27),
  ('87bc47aa-3a71-4d32-bc89-95a7bfde7590',3,4.47,55),
  ('f4a451ac-a607-4a35-ba36-ff022010d7dc',8,1.09,13),
  ('f4a451ac-a607-4a35-ba36-ff022010d7dc',4,4.31,53),
  ('c9d302ae-1f1a-48db-8bad-f0a70d194992',4,3.41,42),
  ('bde4f9b5-6f78-46dd-8426-ff7d0e9e4708',2,2.17,27),
  ('bde4f9b5-6f78-46dd-8426-ff7d0e9e4708',8,0.75,9),
  ('bde4f9b5-6f78-46dd-8426-ff7d0e9e4708',7,4.7,58),
  ('d8c0821c-b5d4-45cc-85bc-e91094848a63',1,3.92,49),
  ('d8c0821c-b5d4-45cc-85bc-e91094848a63',8,2.76,34),
  ('2b2a7851-bffb-4191-af4e-8417074dbabd',2,1.53,19),
  ('482ec36b-53c6-4c85-848a-a8bc5b53ec66',2,3.38,42),
  ('35bd39df-0e73-43bf-a92b-b8dad399e1dc',5,1.46,18),
  ('35bd39df-0e73-43bf-a92b-b8dad399e1dc',2,1.64,20),
  ('03a852c2-77ca-4f97-ac5f-1b130a1e77fa',3,4.24,53),
  ('03a852c2-77ca-4f97-ac5f-1b130a1e77fa',2,0.43,5),
  ('03a852c2-77ca-4f97-ac5f-1b130a1e77fa',5,3.42,42),
  ('3e9857ea-b315-4983-9b30-d34fea8f5147',8,4.88,61),
  ('3e9857ea-b315-4983-9b30-d34fea8f5147',4,2.84,35),
  ('c689756e-1c26-4303-a485-4ccd6e456db2',8,4.86,60),
  ('c689756e-1c26-4303-a485-4ccd6e456db2',2,3.58,44),
  ('947471fb-0c39-45c8-ac95-81ce460eeaf6',8,3.27,40),
  ('6a8d4e57-7f22-48cf-b5f6-7a56085cb45c',7,3.31,41),
  ('6a8d4e57-7f22-48cf-b5f6-7a56085cb45c',5,1.76,22),
  ('6a8d4e57-7f22-48cf-b5f6-7a56085cb45c',6,1.93,24),
  ('50afcbc3-b68d-4ecc-b9d9-eebedcb5bc20',4,2.38,29),
  ('50afcbc3-b68d-4ecc-b9d9-eebedcb5bc20',7,2.02,25),
  ('50afcbc3-b68d-4ecc-b9d9-eebedcb5bc20',1,1.52,19),
  ('b35038c3-6f94-4c9f-bcb8-3ff2b4f0d0c4',1,2.76,34),
  ('b35038c3-6f94-4c9f-bcb8-3ff2b4f0d0c4',8,3.86,48),
  ('e2d863e4-63e5-4c2c-824d-0331fa184abd',6,1.65,20),
  ('ebcc6c52-d217-4365-8b5e-2789391e511e',1,4.75,59),
  ('ebcc6c52-d217-4365-8b5e-2789391e511e',6,2.54,31),
  ('ebcc6c52-d217-4365-8b5e-2789391e511e',4,0.34,4),
  ('b0bbceea-79c4-4d51-9959-f76d857dca9d',5,1.39,17),
  ('b0bbceea-79c4-4d51-9959-f76d857dca9d',8,0.33,4),
  ('6a546076-8ed8-4355-89a9-27540fcbd8f7',4,4.45,55),
  ('6a546076-8ed8-4355-89a9-27540fcbd8f7',8,2.35,29),
  ('32041676-0421-4c7d-8515-e71c16833bd4',3,3.66,45),
  ('1f38d016-fabc-40d0-bb98-d7a7f0bd11c1',7,1.34,16),
  ('1f38d016-fabc-40d0-bb98-d7a7f0bd11c1',8,0.67,8),
  ('1f38d016-fabc-40d0-bb98-d7a7f0bd11c1',4,3.24,40),
  ('c59db587-b206-4838-a1b3-66aab95a890f',5,3.79,47),
  ('c59db587-b206-4838-a1b3-66aab95a890f',3,4.1,51),
  ('c59db587-b206-4838-a1b3-66aab95a890f',6,2.24,28),
  ('8f240436-3cde-4776-adc6-a615b71f4e1d',3,0.94,11),
  ('fbca94bd-0155-406f-8033-84bb1f4ae5c9',8,3.2,40),
  ('78e0c13d-c4a1-4ecb-a4aa-e3d364dbfe8f',8,1.81,22),
  ('78e0c13d-c4a1-4ecb-a4aa-e3d364dbfe8f',2,1.02,12),
  ('1b10228c-1a33-4d55-822d-a067152e4970',1,1.63,20),
  ('1b10228c-1a33-4d55-822d-a067152e4970',2,0.89,11),
  ('1b10228c-1a33-4d55-822d-a067152e4970',8,2.36,29),
  ('dd6e9b7f-d9f2-4efe-88b1-d657483c33b4',4,0.72,9),
  ('32620c46-d793-491a-96ba-5e259dffb20d',8,1.32,16),
  ('253727ec-e12a-42ef-a166-bd2145c08422',5,4.06,50),
  ('253727ec-e12a-42ef-a166-bd2145c08422',7,4.99,62),
  ('5cd2fec3-4850-4bf8-9102-e1e62134432e',1,0.68,8),
  ('5cd2fec3-4850-4bf8-9102-e1e62134432e',3,3.83,47),
  ('24cc6731-89cd-41dc-b3b4-0794680c805b',1,1.55,19),
  ('36673f1d-4619-4401-91f2-4b796c10b5ef',2,2.51,31),
  ('36673f1d-4619-4401-91f2-4b796c10b5ef',5,1.2,15),
  ('578a2769-00f1-497c-a8c5-510bc94cff9f',7,0.36,4),
  ('578a2769-00f1-497c-a8c5-510bc94cff9f',8,4.88,61),
  ('9a6d802b-6e3b-47f9-87b8-b35fff0393ec',4,1.46,18),
  ('9a6d802b-6e3b-47f9-87b8-b35fff0393ec',8,4.97,62),
  ('9a6d802b-6e3b-47f9-87b8-b35fff0393ec',7,1.24,15),
  ('cc2b885f-4aef-439f-9f66-f2bec659cf27',2,4.92,61),
  ('cc2b885f-4aef-439f-9f66-f2bec659cf27',5,2.52,31),
  ('cc2b885f-4aef-439f-9f66-f2bec659cf27',6,3.5,43),
  ('ebf2bf78-203c-4dd6-91c9-b6040671c9a7',6,3.26,40),
  ('ebf2bf78-203c-4dd6-91c9-b6040671c9a7',2,0.5,6),
  ('3f31be5e-9857-4c8a-9313-f1ed118d2dfc',2,3.3,41),
  ('3f31be5e-9857-4c8a-9313-f1ed118d2dfc',3,1.23,15),
  ('3f31be5e-9857-4c8a-9313-f1ed118d2dfc',4,4.47,55),
  ('30395760-2181-48d5-bfeb-b2146346cc3f',4,3.27,40),
  ('30395760-2181-48d5-bfeb-b2146346cc3f',1,1.83,22),
  ('30395760-2181-48d5-bfeb-b2146346cc3f',2,1.09,13),
  ('eaaf7283-4fb8-4b85-b8d6-9f3b4654a693',2,4.01,50),
  ('eaaf7283-4fb8-4b85-b8d6-9f3b4654a693',4,0.34,4),
  ('723ec80e-6dc9-4732-aeeb-ab8de7eab109',8,3.54,44),
  ('b6638a7d-e578-45f9-8715-2828ebbec108',6,3.92,49),
  ('3c5b3fee-5998-4f69-9f21-ba52dff18a60',3,2.65,33),
  ('10159f8c-5652-4188-9730-f8d2971b314b',6,0.58,7),
  ('10159f8c-5652-4188-9730-f8d2971b314b',7,1.97,24),
  ('10159f8c-5652-4188-9730-f8d2971b314b',8,1.02,12),
  ('d31d0af4-d151-4d44-ab45-8140192d0343',2,1.39,17),
  ('d31d0af4-d151-4d44-ab45-8140192d0343',8,4.91,61),
  ('d31d0af4-d151-4d44-ab45-8140192d0343',4,4.01,50),
  ('b52e1e40-021f-4756-83f4-73e44e1d426c',8,1.21,15),
  ('b52e1e40-021f-4756-83f4-73e44e1d426c',6,3.54,44),
  ('09d89686-5deb-45ee-bb3c-4de98fef4eaa',3,4.52,56),
  ('09d89686-5deb-45ee-bb3c-4de98fef4eaa',8,2.58,32),
  ('554066e2-e08b-477a-98cc-4dc9f3b44d45',5,3.58,44),
  ('554066e2-e08b-477a-98cc-4dc9f3b44d45',8,1.19,14),
  ('8c2193a3-4951-43da-8fe3-9a2755194fe5',6,1.82,22),
  ('07c8aec8-45ee-4a04-8cf4-047e894f9f93',5,4.21,52),
  ('07c8aec8-45ee-4a04-8cf4-047e894f9f93',7,4.6,57),
  ('95b8ca06-9fb3-4b49-9036-41ecc1ffe0ce',3,1.03,12),
  ('95b8ca06-9fb3-4b49-9036-41ecc1ffe0ce',1,1.69,21),
  ('95b8ca06-9fb3-4b49-9036-41ecc1ffe0ce',5,1.54,19),
  ('5a1512d7-ea56-4c62-b1e8-251d0fc45bcd',8,3.95,49),
  ('5a1512d7-ea56-4c62-b1e8-251d0fc45bcd',1,2.68,33),
  ('78fa2982-362b-4703-86ab-12fbbfb1494a',3,4.33,54),
  ('78fa2982-362b-4703-86ab-12fbbfb1494a',1,3.95,49),
  ('78fa2982-362b-4703-86ab-12fbbfb1494a',5,1.42,17),
  ('ca949d15-9e88-4e45-bf83-cf332763f2b2',2,4.15,51),
  ('ca949d15-9e88-4e45-bf83-cf332763f2b2',6,1.19,14),
  ('ca949d15-9e88-4e45-bf83-cf332763f2b2',5,3.51,43),
  ('2b2aefcc-3692-4fb1-ab87-11beffc51948',3,1.82,22),
  ('2b2aefcc-3692-4fb1-ab87-11beffc51948',5,3.31,41),
  ('2b2aefcc-3692-4fb1-ab87-11beffc51948',8,0.82,10),
  ('aae599cb-1de9-4bbd-8268-d09f6f55e1b3',2,1.14,14),
  ('aae599cb-1de9-4bbd-8268-d09f6f55e1b3',1,0.45,5),
  ('aae599cb-1de9-4bbd-8268-d09f6f55e1b3',8,0.8,10),
  ('19eeea3f-2a45-4492-9dd0-d939b0471b0d',2,0.45,5),
  ('17429a4c-0a9d-4ab8-afac-27316ee718cc',7,2.77,34),
  ('17429a4c-0a9d-4ab8-afac-27316ee718cc',6,3.6,45),
  ('17429a4c-0a9d-4ab8-afac-27316ee718cc',4,1.5,18),
  ('fe883555-8bc3-49ea-a1da-16a3d041f032',4,3.67,45),
  ('fe883555-8bc3-49ea-a1da-16a3d041f032',5,0.36,4),
  ('e8dd518b-9626-471e-9db7-fe480cba6277',8,4.66,58);

-- NOTIFICATIONS
INSERT INTO `NOTIFICATIONS` (uuid,user_id,type,reference_id,message,is_read,created_at) VALUES
  ('c0133dc2-cdb7-4ac6-b8a0-0434335469fb','f0f82ee5-63ec-42f1-8b4a-36c65cd46dd5','VIEWING_APPROVED','b444ccaf-3fe7-43a7-ab47-193819a373e0','Your viewing request has been approved.',0,'2026-05-12 06:35:38'),
  ('e74775ef-a3a9-488c-a6f6-ce41f97ec469','b8e0f3b8-875e-4108-a434-61c55a75ed5b','NEW_REVIEW','8f240436-3cde-4776-adc6-a615b71f4e1d','Someone left a review on your room.',1,'2026-06-20 06:35:38'),
  ('52012355-d886-4b27-9ab4-cc1f9bdec62a','f84b914e-9c61-4e4f-b8b8-0662cabf915a','NEW_REVIEW','fbca94bd-0155-406f-8033-84bb1f4ae5c9','Someone left a review on your room.',0,'2026-03-26 06:35:38'),
  ('34c88925-8463-486d-ad5a-b14a19ade8bd','f16e7b4f-acce-4a31-b239-7a493017a689','VIEWING_APPROVED','6a8d4e57-7f22-48cf-b5f6-7a56085cb45c','Your viewing request has been approved.',0,'2026-04-22 06:35:38'),
  ('931c3414-fbae-4f17-803d-67f03cdd8482','e36c4a02-059d-4a69-aa5b-5dd1029eba5a','VIEWING_APPROVED','947471fb-0c39-45c8-ac95-81ce460eeaf6','Your viewing request has been approved.',0,'2026-04-20 06:35:38'),
  ('4c4dbd20-20f3-40e8-8274-6969e21341a8','a85e5df6-d0df-4343-951a-d1f18aad9d77','ROOM_APPROVED','c735207c-190f-4c54-948a-a610e6b3c7aa','Your room listing has been approved.',1,'2026-04-04 06:35:38'),
  ('0724922b-8fd9-45d0-a32c-bf13f9652b59','5a43d6f1-70c1-4ed0-a3e7-fd98f1231ff3','VIEWING_REJECTED','2b2aefcc-3692-4fb1-ab87-11beffc51948','Your viewing request was declined.',0,'2026-04-17 06:35:38'),
  ('639a5e60-fa9b-498d-ab12-b4f9769deebb','3242b1bb-0bb4-47f5-8bf8-9471187b5c9b','VIEWING_REQUEST','10159f8c-5652-4188-9730-f8d2971b314b','A renter wants to view your room.',1,'2026-06-14 06:35:38'),
  ('5761f948-e6b6-4692-8ad2-ab1f2a6a980c','5cae85cb-6054-4919-80b6-f6031dbf3534','VIEWING_REQUEST','c9d302ae-1f1a-48db-8bad-f0a70d194992','A renter wants to view your room.',1,'2026-04-30 06:35:38'),
  ('cf6a4f17-a843-49a1-9a84-930e3de98d9a','a359ba03-f9a7-4092-9c91-e9da09754c42','VIEWING_REQUEST','32620c46-d793-491a-96ba-5e259dffb20d','A renter wants to view your room.',0,'2026-06-06 06:35:38'),
  ('795fc971-7879-4d99-910c-47faa3ba8dda','ec9b1752-967a-4a66-b47a-bcba2901a1f5','VIEWING_REJECTED','c689756e-1c26-4303-a485-4ccd6e456db2','Your viewing request was declined.',1,'2026-05-15 06:35:38'),
  ('2e95c11c-035c-423a-aee3-4382fe2a514e','d167c517-8a4c-45f4-83e3-ef33bd9866d0','VIEWING_REQUEST','d8c0821c-b5d4-45cc-85bc-e91094848a63','A renter wants to view your room.',1,'2026-05-02 06:35:38'),
  ('77c2d344-b280-45e4-b52e-58362e88da71','dec0e5de-3f31-41f2-8f58-fb71600dc5b6','NEW_MESSAGE','32041676-0421-4c7d-8515-e71c16833bd4','You have a new message.',0,'2026-05-11 06:35:38'),
  ('6b71f6ba-0cab-40fd-947d-06c0d08851d4','0f80f7bb-0152-44e4-be71-96449760ffba','ROOM_APPROVED','5a1512d7-ea56-4c62-b1e8-251d0fc45bcd','Your room listing has been approved.',1,'2026-05-17 06:35:38'),
  ('816f6f5c-4d2b-42ef-a536-76b23230c9a7','2e4fbdbd-ce84-4e5c-81a5-eada651b2048','NEW_REVIEW','79161b9c-f59d-49c1-b30b-faa402b78579','Someone left a review on your room.',1,'2026-05-31 06:35:38'),
  ('b40ce683-ccc1-4fbb-a3db-3ab5d7762c5b','ec9b1752-967a-4a66-b47a-bcba2901a1f5','ROOM_APPROVED','e2a6316a-8632-4e13-b906-f8d89d977cfe','Your room listing has been approved.',0,'2026-05-12 06:35:38'),
  ('ca969980-4a68-4ca6-9a26-495a7397582c','97540b66-1c7f-46b9-adfc-814d0f857fd2','ROOM_APPROVED','24cc6731-89cd-41dc-b3b4-0794680c805b','Your room listing has been approved.',0,'2026-03-27 06:35:38'),
  ('4273c232-21e0-4c5d-a720-753cdcadf6d1','07a55d25-7f29-4ae0-827a-7371e292c792','VIEWING_APPROVED','b91b2250-c232-46a8-b8b3-50103cf05a03','Your viewing request has been approved.',0,'2026-04-22 06:35:38'),
  ('a6b2d87b-d7be-4574-8c13-29cc8abe8f05','f16e7b4f-acce-4a31-b239-7a493017a689','VIEWING_REJECTED','d31d0af4-d151-4d44-ab45-8140192d0343','Your viewing request was declined.',0,'2026-05-30 06:35:38'),
  ('48f3e581-ad0e-4005-b68b-3a8c4dc48bb5','dec0e5de-3f31-41f2-8f58-fb71600dc5b6','VIEWING_REJECTED','09d89686-5deb-45ee-bb3c-4de98fef4eaa','Your viewing request was declined.',1,'2026-05-23 06:35:38'),
  ('9c738cdb-a33f-4220-bbf3-5e7b39910c18','e5d14242-4e88-4003-8abd-59e7160aeabd','NEW_REVIEW','1b10228c-1a33-4d55-822d-a067152e4970','Someone left a review on your room.',1,'2026-04-15 06:35:38'),
  ('9f39dc08-065d-4ebd-9a57-95867d5f988e','e36c4a02-059d-4a69-aa5b-5dd1029eba5a','VIEWING_REJECTED','5dc7f18a-2812-4930-976f-ddc3b9784700','Your viewing request was declined.',0,'2026-05-13 06:35:38'),
  ('155cbdef-2a36-4596-a615-d533c071911a','179309ac-4569-438b-8926-72baaf5fb4b2','VIEWING_REJECTED','877c6664-f3f8-4a42-8ef8-3a928bf8adb1','Your viewing request was declined.',0,'2026-04-14 06:35:38'),
  ('64344c9d-bcc0-4ac7-aba1-f90cb17073e5','6553bcc1-0794-4f19-8d19-748eab479e98','VIEWING_REJECTED','dd98ce7f-9ef8-462c-9678-c140c2a47cbc','Your viewing request was declined.',0,'2026-06-16 06:35:38'),
  ('4eeb6bb9-3d1c-4b83-9615-4b936cc1c27b','9317f130-3624-48b4-bcb5-a57d45f98178','NEW_REVIEW','79161b9c-f59d-49c1-b30b-faa402b78579','Someone left a review on your room.',0,'2026-03-26 06:35:38'),
  ('01bc1b24-c2c9-41ba-8809-a2c33d2bb58c','bbc36ffb-ffc3-43ac-b71b-83525beacdf5','VIEWING_APPROVED','a91170a8-7c1e-4ec8-ab94-7c0c1d85a5a1','Your viewing request has been approved.',0,'2026-04-26 06:35:38'),
  ('99233430-9486-4e25-9752-45999964a211','8c8ccd5c-dea0-40c4-9bb3-3e9be2a08e7e','VIEWING_REQUEST','ad63b934-de01-4660-b192-12448a904749','A renter wants to view your room.',0,'2026-04-12 06:35:38'),
  ('d575d3af-9cc9-4b2a-8650-6d65da182485','f16e7b4f-acce-4a31-b239-7a493017a689','VIEWING_REQUEST','5dc7f18a-2812-4930-976f-ddc3b9784700','A renter wants to view your room.',1,'2026-04-15 06:35:38'),
  ('b4e54362-6e55-4aaa-b167-001d07037010','6d511d3a-8802-4249-a9ff-a680b0e044e9','ROOM_APPROVED','25507fff-072c-474b-83a0-6b859b2a3cc1','Your room listing has been approved.',0,'2026-03-21 06:35:38'),
  ('0288efd0-44ef-4612-b5b2-ba81d99b9756','d3eff5db-9b4a-469c-af6f-e419d9d67590','NEW_MESSAGE','5a1512d7-ea56-4c62-b1e8-251d0fc45bcd','You have a new message.',0,'2026-06-12 06:35:38'),
  ('e20ef701-c12e-4630-bc94-1dcc861af16d','694f7095-ccee-42e1-a21d-b8f90f920223','VIEWING_REJECTED','5cd2fec3-4850-4bf8-9102-e1e62134432e','Your viewing request was declined.',0,'2026-04-07 06:35:38'),
  ('a6c7a43c-0428-447e-b077-922fdbaf15c8','0949570c-e2d0-4061-9fdc-42698cb9df69','VIEWING_REQUEST','723ec80e-6dc9-4732-aeeb-ab8de7eab109','A renter wants to view your room.',0,'2026-04-21 06:35:38'),
  ('650dd383-96cd-4d50-93c3-b3d7bf438362','dec0e5de-3f31-41f2-8f58-fb71600dc5b6','VIEWING_APPROVED','c59db587-b206-4838-a1b3-66aab95a890f','Your viewing request has been approved.',1,'2026-06-08 06:35:38'),
  ('760f4074-9e1f-44bb-8455-ef9f9672b052','b5134063-e3a0-460a-9dbc-ab6abc7e13c9','NEW_MESSAGE','57d51e93-ba08-43cd-9b3c-92e43341a444','You have a new message.',0,'2026-06-08 06:35:38'),
  ('1d7f3707-c2d2-4dc1-bd6a-e3b508a475fb','45e1ccc3-0eea-495b-ad4f-7e8cf946f70c','VIEWING_APPROVED','35bd39df-0e73-43bf-a92b-b8dad399e1dc','Your viewing request has been approved.',0,'2026-05-01 06:35:38'),
  ('d9deba46-6e8d-4ce0-8ce6-97fec6addb0b','5cae85cb-6054-4919-80b6-f6031dbf3534','NEW_REVIEW','902dec74-917a-4096-b280-3aa71f80a41b','Someone left a review on your room.',0,'2026-05-30 06:35:38'),
  ('e3620c03-cbc5-4aed-91ac-e9162e53c3ef','492d9542-dc49-4e7e-9191-ae6dd442aa4d','ROOM_APPROVED','24cc6731-89cd-41dc-b3b4-0794680c805b','Your room listing has been approved.',0,'2026-06-11 06:35:38'),
  ('17d2eec5-ab49-45d3-b186-143ee4ec9737','6d511d3a-8802-4249-a9ff-a680b0e044e9','NEW_MESSAGE','b35038c3-6f94-4c9f-bcb8-3ff2b4f0d0c4','You have a new message.',1,'2026-03-24 06:35:38'),
  ('f3aae698-520f-458e-9124-be8b1ef9a542','ec9b1752-967a-4a66-b47a-bcba2901a1f5','VIEWING_APPROVED','c689756e-1c26-4303-a485-4ccd6e456db2','Your viewing request has been approved.',0,'2026-06-17 06:35:38'),
  ('b14c53d3-8d4d-489f-8d8d-a8704f490769','b5134063-e3a0-460a-9dbc-ab6abc7e13c9','ROOM_APPROVED','5a1512d7-ea56-4c62-b1e8-251d0fc45bcd','Your room listing has been approved.',1,'2026-06-11 06:35:38'),
  ('3ef140da-c89c-43b5-a6ad-fb34d96c2c5b','593f8338-a05e-4274-84df-3d1cfaf0affd','VIEWING_REJECTED','1b10228c-1a33-4d55-822d-a067152e4970','Your viewing request was declined.',0,'2026-04-26 06:35:38'),
  ('09ff71ce-0d95-4d7d-8c59-040238a73bf0','694f7095-ccee-42e1-a21d-b8f90f920223','ROOM_APPROVED','ad63b934-de01-4660-b192-12448a904749','Your room listing has been approved.',0,'2026-04-17 06:35:38'),
  ('3c3c47ac-8d11-49f9-9401-6655a06a825c','c14aebfb-8143-473e-b515-9d80c6e66a48','NEW_REVIEW','20739778-b9e8-4363-8d30-e0687c4adeab','Someone left a review on your room.',0,'2026-06-18 06:35:38'),
  ('bfaee529-66f6-47d8-acf4-4510c926cd08','3e20359e-3eef-43f6-a359-4bd951e98fd2','NEW_MESSAGE','af21b5ec-f5f7-443d-bcfa-9fc56f003066','You have a new message.',1,'2026-04-15 06:35:38'),
  ('bfae56d2-643e-4c67-933b-366a19b5aae4','17eafe69-8be3-4396-8f87-62363ea0b70b','VIEWING_APPROVED','9a6d802b-6e3b-47f9-87b8-b35fff0393ec','Your viewing request has been approved.',0,'2026-05-04 06:35:38'),
  ('5ed30c63-4ea9-4a35-a94e-bf7767c439cf','d3eff5db-9b4a-469c-af6f-e419d9d67590','NEW_MESSAGE','c735207c-190f-4c54-948a-a610e6b3c7aa','You have a new message.',0,'2026-05-14 06:35:38'),
  ('e8eeae03-d047-48c8-839b-62972a169ad9','694f7095-ccee-42e1-a21d-b8f90f920223','NEW_REVIEW','dccae1c8-1f6e-4143-917f-a099f86eb545','Someone left a review on your room.',0,'2026-06-06 06:35:38'),
  ('b746d818-3ae9-4a7d-8d58-a564c68577e5','d0cc1727-eb5f-4ac8-8af7-b1d291bee5b8','NEW_MESSAGE','504a1e31-5358-4768-9cb1-1a38c93b5bab','You have a new message.',1,'2026-06-09 06:35:38'),
  ('b731ed73-df3e-49f1-b12f-9de4cc1c5091','24ab7eb8-c05b-44f8-9c2d-3567fa026e39','ROOM_APPROVED','11822530-61af-4dfe-86ac-8e551e205d04','Your room listing has been approved.',0,'2026-04-01 06:35:38'),
  ('be5e1ec0-c3ae-4893-a98d-81f33218ca76','a7923b0d-17f9-464d-8140-32e8b6818016','NEW_MESSAGE','e881d8c5-26c8-489a-a096-ec1c7a5ca94e','You have a new message.',1,'2026-06-17 06:35:38'),
  ('610d90a4-5378-4aab-81f1-cc69c0913977','2428036e-a122-4d1f-b76c-b93eac676d8b','VIEWING_APPROVED','20739778-b9e8-4363-8d30-e0687c4adeab','Your viewing request has been approved.',1,'2026-06-09 06:35:38'),
  ('cc6bab79-e898-4597-9750-76f733718a50','c46c7456-6a7d-4972-bfae-4bd83f69a294','NEW_MESSAGE','3659ad3b-ccd4-4105-a3ea-bf2cc2452484','You have a new message.',1,'2026-06-13 06:35:38'),
  ('b9f4e338-c37d-4f5f-9dd2-18ba91b31aa8','97540b66-1c7f-46b9-adfc-814d0f857fd2','NEW_MESSAGE','b35038c3-6f94-4c9f-bcb8-3ff2b4f0d0c4','You have a new message.',0,'2026-05-16 06:35:38'),
  ('70d10721-3be4-4272-aefd-f64061635c86','554b4c7f-71b9-4047-ad37-b4c2ca8aa5cb','VIEWING_REJECTED','c1664b85-9e82-45d0-bde8-f3d5701c0243','Your viewing request was declined.',0,'2026-04-19 06:35:38'),
  ('1aa6cd4a-15bd-4cfa-ac4f-1c5613fb82e6','f84463a8-e8b4-43ce-91db-a20dd39180a6','NEW_REVIEW','32041676-0421-4c7d-8515-e71c16833bd4','Someone left a review on your room.',0,'2026-04-09 06:35:38'),
  ('62920a6a-e693-47bf-ab10-3440238f65e5','c6007366-d637-45ea-a59e-595d35327c58','VIEWING_REQUEST','5197a005-e931-4e0e-8f46-d4fdc96c95bb','A renter wants to view your room.',1,'2026-04-03 06:35:38'),
  ('a89ac753-2b80-4980-8e1f-426f233fe4ff','0949570c-e2d0-4061-9fdc-42698cb9df69','VIEWING_APPROVED','cc2b885f-4aef-439f-9f66-f2bec659cf27','Your viewing request has been approved.',1,'2026-04-21 06:35:38'),
  ('533e8795-f40a-458e-840f-837821191e67','8d73bfca-01d2-4bee-95a1-8f7e6f5cd041','VIEWING_APPROVED','2c2e65b6-ac85-4eeb-a9f2-6c29b06b763e','Your viewing request has been approved.',0,'2026-05-22 06:35:38'),
  ('f4510ec8-6104-43ca-9d69-ee02637fd180','8c8ccd5c-dea0-40c4-9bb3-3e9be2a08e7e','VIEWING_REJECTED','9ecc0065-7553-49fe-9dcf-a6fc14d16a98','Your viewing request was declined.',0,'2026-06-21 06:35:38'),
  ('e9832ffe-11fb-4d87-9f83-25113325227e','694f7095-ccee-42e1-a21d-b8f90f920223','ROOM_APPROVED','2b2a7851-bffb-4191-af4e-8417074dbabd','Your room listing has been approved.',0,'2026-05-09 06:35:38'),
  ('458d9608-4ad0-4c26-975d-03bb4bb244f2','f84b914e-9c61-4e4f-b8b8-0662cabf915a','VIEWING_REQUEST','482ec36b-53c6-4c85-848a-a8bc5b53ec66','A renter wants to view your room.',1,'2026-05-12 06:35:38'),
  ('120d1382-3e33-4bcf-bd7a-b519651b29dc','57f765f9-2717-490a-a764-d46657a7baf4','VIEWING_APPROVED','aae599cb-1de9-4bbd-8268-d09f6f55e1b3','Your viewing request has been approved.',1,'2026-05-09 06:35:38'),
  ('149be8f8-0dca-4c36-9630-9381acac03f4','0949570c-e2d0-4061-9fdc-42698cb9df69','VIEWING_REJECTED','ebcc6c52-d217-4365-8b5e-2789391e511e','Your viewing request was declined.',1,'2026-06-15 06:35:38'),
  ('5d1dee11-3b73-4dc0-9ae8-e3f1abeb6451','2ad1f054-0cdf-497d-b782-6f4c071a1531','NEW_MESSAGE','b91b2250-c232-46a8-b8b3-50103cf05a03','You have a new message.',1,'2026-06-16 06:35:38'),
  ('017d7e1a-57bf-4ca4-8560-125856dc9279','f8115c5c-1878-4c99-abbe-0795b2e72abb','VIEWING_REJECTED','902dec74-917a-4096-b280-3aa71f80a41b','Your viewing request was declined.',0,'2026-04-17 06:35:38'),
  ('5ec48ee7-1a9f-4479-8592-fc3c910c2ac2','57f765f9-2717-490a-a764-d46657a7baf4','VIEWING_REQUEST','3c5b3fee-5998-4f69-9f21-ba52dff18a60','A renter wants to view your room.',0,'2026-04-21 06:35:38'),
  ('69dc23d9-49f9-4ead-8ee0-d62dc2a3f959','b1e1d2bb-febb-48e0-bb91-5e0b70d77b50','NEW_MESSAGE','30395760-2181-48d5-bfeb-b2146346cc3f','You have a new message.',0,'2026-03-24 06:35:38'),
  ('45087e4d-f2ef-4a74-9000-a67b32259a00','57f765f9-2717-490a-a764-d46657a7baf4','VIEWING_REJECTED','fe883555-8bc3-49ea-a1da-16a3d041f032','Your viewing request was declined.',1,'2026-05-13 06:35:38'),
  ('81220dd2-49ed-4e62-97af-d36903f91fe9','8aac427d-d132-4792-9b7d-81130e3c303c','NEW_MESSAGE','e8dd518b-9626-471e-9db7-fe480cba6277','You have a new message.',0,'2026-04-24 06:35:38'),
  ('af31223b-2e8c-4fc8-81c4-323d994ffeaf','09f500ef-0e78-4256-bd00-000a198fe0ea','NEW_MESSAGE','2b2aefcc-3692-4fb1-ab87-11beffc51948','You have a new message.',0,'2026-05-09 06:35:38'),
  ('30a0d81a-6a72-4dc8-8ece-b2774fac0d7a','3242b1bb-0bb4-47f5-8bf8-9471187b5c9b','VIEWING_APPROVED','60ed4506-ea82-4f47-b72c-ca0667abda5c','Your viewing request has been approved.',0,'2026-06-08 06:35:38'),
  ('c8a1a429-a703-4e00-b378-f7faa994c06e','850d9e0c-a01d-498e-8871-5e74b1b8590e','NEW_MESSAGE','482ec36b-53c6-4c85-848a-a8bc5b53ec66','You have a new message.',0,'2026-06-16 06:35:38'),
  ('61d47304-c130-4a2d-adf9-bd625bc1c6c7','0949570c-e2d0-4061-9fdc-42698cb9df69','VIEWING_REQUEST','bde4f9b5-6f78-46dd-8426-ff7d0e9e4708','A renter wants to view your room.',1,'2026-04-10 06:35:38'),
  ('32fe67d8-45d0-4c6e-a661-157280e125af','e03a30ff-5d94-49d1-92ca-7ae817c17c7e','VIEWING_REQUEST','11822530-61af-4dfe-86ac-8e551e205d04','A renter wants to view your room.',0,'2026-05-28 06:35:38'),
  ('28ff44fd-f6f7-472d-a5f5-81c0835d5663','a7923b0d-17f9-464d-8140-32e8b6818016','NEW_REVIEW','32620c46-d793-491a-96ba-5e259dffb20d','Someone left a review on your room.',0,'2026-04-11 06:35:38'),
  ('08627b38-2dfb-4efd-923d-faeac786b920','97540b66-1c7f-46b9-adfc-814d0f857fd2','NEW_MESSAGE','c59db587-b206-4838-a1b3-66aab95a890f','You have a new message.',0,'2026-06-01 06:35:38'),
  ('0c955195-b8a9-4d55-9d9e-16e4b5cc06c0','179309ac-4569-438b-8926-72baaf5fb4b2','VIEWING_REQUEST','cc2b885f-4aef-439f-9f66-f2bec659cf27','A renter wants to view your room.',1,'2026-04-01 06:35:38'),
  ('8e0e9cba-9b3f-4ba6-8012-a4522d5e08eb','179309ac-4569-438b-8926-72baaf5fb4b2','VIEWING_REJECTED','3f31be5e-9857-4c8a-9313-f1ed118d2dfc','Your viewing request was declined.',1,'2026-03-29 06:35:38'),
  ('d83f3573-3e56-4050-a150-fb29690525e9','179309ac-4569-438b-8926-72baaf5fb4b2','NEW_REVIEW','5a1512d7-ea56-4c62-b1e8-251d0fc45bcd','Someone left a review on your room.',0,'2026-04-05 06:35:38'),
  ('8a67a827-06fb-4b5b-b62a-84617bc29c49','d167c517-8a4c-45f4-83e3-ef33bd9866d0','NEW_REVIEW','87bc47aa-3a71-4d32-bc89-95a7bfde7590','Someone left a review on your room.',0,'2026-04-17 06:35:38'),
  ('cbfa5408-4477-4984-99ec-14595f428c5e','eb1f6382-6185-4ed4-8ae9-a2d69b64bec4','NEW_REVIEW','8c2193a3-4951-43da-8fe3-9a2755194fe5','Someone left a review on your room.',0,'2026-06-09 06:35:38'),
  ('3e8134f4-7dce-426d-8b3c-332dce1bea1a','74349d93-5a97-4bde-904a-292bbaa14493','VIEWING_REQUEST','dd6e9b7f-d9f2-4efe-88b1-d657483c33b4','A renter wants to view your room.',0,'2026-05-06 06:35:38'),
  ('e31dc406-9def-4fff-904a-60ae218b4fc8','f16e7b4f-acce-4a31-b239-7a493017a689','ROOM_APPROVED','504a1e31-5358-4768-9cb1-1a38c93b5bab','Your room listing has been approved.',1,'2026-04-07 06:35:38'),
  ('35991056-1a3c-4397-a598-f8e75a1c1bdd','7aa7ddfd-3bcd-4cbe-ada2-0f2ec55db3d8','VIEWING_REQUEST','07c8aec8-45ee-4a04-8cf4-047e894f9f93','A renter wants to view your room.',0,'2026-06-14 06:35:38'),
  ('607aafa1-d900-4eb3-a8d8-d05f795b8c99','1775165e-e4cd-4256-bef6-5e039a573473','VIEWING_REJECTED','dccae1c8-1f6e-4143-917f-a099f86eb545','Your viewing request was declined.',1,'2026-04-10 06:35:38'),
  ('cb7f3900-aff7-415c-b982-db55a38184aa','a720cb5d-0462-48f2-86e7-a4953d8d5242','NEW_MESSAGE','79161b9c-f59d-49c1-b30b-faa402b78579','You have a new message.',1,'2026-05-29 06:35:38'),
  ('f8c4c7c7-8bf2-4a34-9d57-4731b256c3e6','6553bcc1-0794-4f19-8d19-748eab479e98','NEW_REVIEW','11822530-61af-4dfe-86ac-8e551e205d04','Someone left a review on your room.',1,'2026-06-24 06:35:38'),
  ('765ee528-a9b4-46a6-885b-35298a7a2a69','6d511d3a-8802-4249-a9ff-a680b0e044e9','NEW_MESSAGE','5197a005-e931-4e0e-8f46-d4fdc96c95bb','You have a new message.',0,'2026-06-10 06:35:38'),
  ('4132b489-85c7-4125-b7e1-7db453c41027','a720cb5d-0462-48f2-86e7-a4953d8d5242','NEW_REVIEW','b35038c3-6f94-4c9f-bcb8-3ff2b4f0d0c4','Someone left a review on your room.',1,'2026-04-05 06:35:38'),
  ('3d4060f9-19d9-4ef1-8162-419fc66f85fc','1775165e-e4cd-4256-bef6-5e039a573473','NEW_MESSAGE','19eeea3f-2a45-4492-9dd0-d939b0471b0d','You have a new message.',0,'2026-04-28 06:35:38'),
  ('19d7e3ee-d77b-45c7-af0d-81e082bb3fa8','d167c517-8a4c-45f4-83e3-ef33bd9866d0','VIEWING_REJECTED','c735207c-190f-4c54-948a-a610e6b3c7aa','Your viewing request was declined.',0,'2026-06-23 06:35:38'),
  ('1bd0cc71-87b7-4fc8-bcf3-d0bb6c504dae','c46c7456-6a7d-4972-bfae-4bd83f69a294','ROOM_APPROVED','b52e1e40-021f-4756-83f4-73e44e1d426c','Your room listing has been approved.',0,'2026-05-30 06:35:38'),
  ('82f8092a-c14f-4a85-b03e-465cdb6db2a0','a359ba03-f9a7-4092-9c91-e9da09754c42','VIEWING_REQUEST','82a25648-01fd-41fd-809b-8f08aa400ddb','A renter wants to view your room.',0,'2026-06-19 06:35:38'),
  ('b29a257b-dbd9-49d3-bd1f-94e6c3b4d699','f46ae936-dd6e-44ee-a5a9-318db8622647','VIEWING_REJECTED','e2d863e4-63e5-4c2c-824d-0331fa184abd','Your viewing request was declined.',0,'2026-03-31 06:35:38'),
  ('573fb0ac-33e3-4e01-9538-c8852acb1488','d606d815-af6f-440a-8039-64af48c4a294','NEW_MESSAGE','20739778-b9e8-4363-8d30-e0687c4adeab','You have a new message.',0,'2026-05-07 06:35:38'),
  ('74e8d61e-3dd7-40e6-a8d1-f66f15fbcad5','a720cb5d-0462-48f2-86e7-a4953d8d5242','VIEWING_APPROVED','b1ec203d-5d72-45dc-a14c-2ba0fa13872e','Your viewing request has been approved.',0,'2026-03-27 06:35:38'),
  ('2b382551-63fb-4fc5-87b1-3b4d58222243','850d9e0c-a01d-498e-8871-5e74b1b8590e','NEW_MESSAGE','e2d863e4-63e5-4c2c-824d-0331fa184abd','You have a new message.',1,'2026-04-15 06:35:38'),
  ('67dc2ca8-b3de-4263-aa23-43f9a279fd8f','554b4c7f-71b9-4047-ad37-b4c2ca8aa5cb','NEW_REVIEW','fbca94bd-0155-406f-8033-84bb1f4ae5c9','Someone left a review on your room.',1,'2026-03-29 06:35:38'),
  ('ac69590e-9438-4fdb-88a7-cd03683224e3','12e7f61f-5362-4448-9c51-15e078b836f7','VIEWING_APPROVED','b0bbceea-79c4-4d51-9959-f76d857dca9d','Your viewing request has been approved.',0,'2026-04-30 06:35:38'),
  ('6689dc04-0ad3-48cf-9231-d882ba7cd054','6fb00870-837f-485f-8237-b618c46e9eb3','VIEWING_APPROVED','bde4f9b5-6f78-46dd-8426-ff7d0e9e4708','Your viewing request has been approved.',1,'2026-05-08 06:35:38');

-- SEARCH_HISTORY
INSERT INTO `SEARCH_HISTORY` (uuid,user_id,keyword,city,district,min_price,max_price,room_type,searched_at) VALUES
  ('518c724e-a3b0-46c8-a81a-11e7ebfe3604','554b4c7f-71b9-4047-ad37-b4c2ca8aa5cb','room near CADT','Phnom Penh','Chbar Ampov',NULL,200,NULL,'2026-05-08 06:35:38'),
  ('a734f39a-cfbd-4a05-a443-189bf4c7d611','0f80f7bb-0152-44e4-be71-96449760ffba','near university','Phnom Penh','Boeung Keng Kang',150,200,NULL,'2026-04-10 06:35:38'),
  ('3d122ef0-dc6c-472b-b6d6-86c0fb2f9be2','9eb76276-0693-4766-8047-7bac73a2d2fd','room near CADT','Phnom Penh','Daun Penh',150,400,NULL,'2026-04-24 06:35:38'),
  ('498a796f-90b9-422c-b943-ae758eee0e2c','cfb0b1b3-da72-417e-9f50-913cf74587f5','student room','Phnom Penh','Chbar Ampov',80,400,NULL,'2026-05-01 06:35:38'),
  ('f575d739-7cef-41d8-911a-7e7027cd0fd6','57f765f9-2717-490a-a764-d46657a7baf4','student room','Phnom Penh','Chamkar Mon',150,NULL,NULL,'2026-03-31 06:35:38'),
  ('08975700-c93a-43ba-80d4-838c67bb8418','d606d815-af6f-440a-8039-64af48c4a294','student room','Phnom Penh','Sen Sok',NULL,NULL,'2BR','2026-06-17 06:35:38'),
  ('8f5313d6-8421-4856-a7f7-df395bb31ff6','a6fc1ab6-babe-4955-b695-8e0d4e585e0c',NULL,'Phnom Penh','Chbar Ampov',80,400,'STUDIO','2026-06-06 06:35:38'),
  ('19421199-89de-4e64-8fab-82f157236ee1','9eb76276-0693-4766-8047-7bac73a2d2fd','affordable rent Phnom Penh','Phnom Penh','Daun Penh',80,200,NULL,'2026-06-21 06:35:38'),
  ('32466bd9-aeb9-42f3-bb9f-0a6eb536807a','f84463a8-e8b4-43ce-91db-a20dd39180a6','near university','Phnom Penh',NULL,150,300,'STUDIO','2026-06-11 06:35:38'),
  ('79bcad89-af67-466d-a434-2b4325e63187','179309ac-4569-438b-8926-72baaf5fb4b2','room near CADT','Phnom Penh','Boeung Keng Kang',NULL,400,NULL,'2026-04-25 06:35:38'),
  ('6116c5cb-5fe4-4bd2-97f4-b79bf5e802ac','07d599c4-e7f1-41f7-9f44-013c2fe2cef4','room near CADT','Phnom Penh','7 Makara',80,200,'SHARED','2026-04-30 06:35:38'),
  ('74b17d2b-0b8f-4110-b773-ceebab146f00','f84463a8-e8b4-43ce-91db-a20dd39180a6',NULL,'Phnom Penh',NULL,NULL,200,'2BR','2026-04-09 06:35:38'),
  ('d798c8d7-4100-4fc8-bbb9-6fdb1f4c8532','97540b66-1c7f-46b9-adfc-814d0f857fd2','1BR Toul Kork','Phnom Penh',NULL,80,NULL,'STUDIO','2026-06-09 06:35:38'),
  ('eaa63ea0-a705-4031-b56b-da1e220a3666','d0cc1727-eb5f-4ac8-8af7-b1d291bee5b8','room near CADT','Phnom Penh','Pur Senchey',100,300,'STUDIO','2026-06-14 06:35:38'),
  ('e31d1e6f-bd2a-4890-9ccd-dfba95dc05fa','f84463a8-e8b4-43ce-91db-a20dd39180a6','student room','Phnom Penh',NULL,100,500,'1BR','2026-04-30 06:35:38'),
  ('46371f84-44ed-4433-a9ba-fc31a89db804','554b4c7f-71b9-4047-ad37-b4c2ca8aa5cb','affordable rent Phnom Penh','Phnom Penh','Sen Sok',100,300,NULL,'2026-05-10 06:35:38'),
  ('8284ad45-a90c-4848-9469-92b3d9cdd53c','a67ca264-5699-4056-87c6-bcc806014190','cheap studio','Phnom Penh','Chbar Ampov',NULL,300,NULL,'2026-06-12 06:35:38'),
  ('35beda4f-6a9b-471b-a8c3-0802c307bd4e','3e257aab-7716-46fb-83a2-e31acf79dfcf','near university','Phnom Penh',NULL,150,500,NULL,'2026-06-01 06:35:38'),
  ('fd8aa43d-b2e5-4b0a-9b38-06043708e221','b8e0f3b8-875e-4108-a434-61c55a75ed5b','room near CADT','Phnom Penh',NULL,NULL,400,'2BR','2026-05-04 06:35:38'),
  ('5285aa41-420a-43ae-acf8-936818bb83b6','9317f130-3624-48b4-bcb5-a57d45f98178','affordable rent Phnom Penh','Phnom Penh',NULL,100,200,'SHARED','2026-04-22 06:35:38'),
  ('b9a6f40b-ddfa-4135-a505-c812c7b3372d','c14aebfb-8143-473e-b515-9d80c6e66a48',NULL,'Phnom Penh','Daun Penh',80,300,'STUDIO','2026-06-12 06:35:38'),
  ('abe61365-bfc2-4344-bf65-d8b532c3731c','57f765f9-2717-490a-a764-d46657a7baf4',NULL,'Phnom Penh','Sen Sok',80,500,'SHARED','2026-06-22 06:35:38'),
  ('3f7fbb62-1537-420b-af83-f2ec6b935472','f6cc35a6-15f7-44a6-9886-bcc20d9c61b2','affordable rent Phnom Penh','Phnom Penh','Chamkar Mon',NULL,200,'2BR','2026-06-19 06:35:38'),
  ('e8dd1eee-3d8e-4b42-8497-22cc5ec1016a','a85e5df6-d0df-4343-951a-d1f18aad9d77','near university','Phnom Penh','Mean Chey',NULL,NULL,'2BR','2026-05-08 06:35:38'),
  ('3ba80cf7-995c-4cf0-be19-6aff69d46837','c14aebfb-8143-473e-b515-9d80c6e66a48','room near CADT','Phnom Penh','Chamkar Mon',100,300,'SHARED','2026-04-28 06:35:38'),
  ('64f524e6-a13a-47a1-b4b5-ccbcb2889d50','5cae85cb-6054-4919-80b6-f6031dbf3534','room near CADT','Phnom Penh','7 Makara',80,400,'2BR','2026-04-29 06:35:38'),
  ('8175ff8d-7eeb-4e98-9d99-e3316910e7f7','5a43d6f1-70c1-4ed0-a3e7-fd98f1231ff3',NULL,'Phnom Penh','Toul Kork',100,500,'2BR','2026-04-17 06:35:38'),
  ('400b0108-ef8c-44bb-8da2-024b3fadfc3c','07d599c4-e7f1-41f7-9f44-013c2fe2cef4','room near CADT','Phnom Penh',NULL,100,300,NULL,'2026-06-08 06:35:38'),
  ('0e15f43d-a967-42f9-b2a7-1e3945d831e1','3e629edf-bfd0-44e4-9aa3-af4641407f97','room near CADT','Phnom Penh',NULL,150,500,'SHARED','2026-06-04 06:35:38'),
  ('2a8992b1-bcca-4a32-8ccf-c7e037f20bab','9317f130-3624-48b4-bcb5-a57d45f98178','cheap studio','Phnom Penh','Boeung Keng Kang',100,NULL,NULL,'2026-06-16 06:35:38'),
  ('3b0c2feb-fe29-4493-89f1-ad24888f9f05','bbc36ffb-ffc3-43ac-b71b-83525beacdf5','1BR Toul Kork','Phnom Penh',NULL,100,200,'1BR','2026-06-13 06:35:38'),
  ('c280dca3-b85a-4971-b64a-3d32ac0faee5','2e4fbdbd-ce84-4e5c-81a5-eada651b2048','room near CADT','Phnom Penh','Sen Sok',150,500,NULL,'2026-04-27 06:35:38'),
  ('c741eed7-4313-475f-9063-771e4ea3d125','694f7095-ccee-42e1-a21d-b8f90f920223','student room','Phnom Penh',NULL,150,500,NULL,'2026-05-17 06:35:38'),
  ('7ea576ed-9e10-4697-8e9a-2f8e667ad6fa','17eafe69-8be3-4396-8f87-62363ea0b70b','cheap studio','Phnom Penh','Chbar Ampov',80,200,'SHARED','2026-05-09 06:35:38'),
  ('741e2575-f3d1-43e4-8e7f-85938e57c19a','12e7f61f-5362-4448-9c51-15e078b836f7','cheap studio','Phnom Penh',NULL,NULL,500,'2BR','2026-04-29 06:35:38'),
  ('4e2baba7-31c8-4aec-8092-dd4da9e443dc','0f80f7bb-0152-44e4-be71-96449760ffba','room near CADT','Phnom Penh',NULL,100,NULL,'2BR','2026-04-07 06:35:38'),
  ('49e1c078-df50-4460-9fba-6b6f12033a69','694f7095-ccee-42e1-a21d-b8f90f920223','1BR Toul Kork','Phnom Penh',NULL,80,300,NULL,'2026-05-18 06:35:38'),
  ('775804d2-004a-47b9-b197-2827d8e10724','ec9b1752-967a-4a66-b47a-bcba2901a1f5',NULL,'Phnom Penh','Boeung Keng Kang',80,200,NULL,'2026-06-26 06:35:38'),
  ('9c839911-9c68-420c-acb1-860912ebfc02','b8e0f3b8-875e-4108-a434-61c55a75ed5b','cheap studio','Phnom Penh',NULL,100,500,NULL,'2026-06-09 06:35:38'),
  ('49eefd12-caa8-43dd-9d44-75f6e5b858fb','12e7f61f-5362-4448-9c51-15e078b836f7','near university','Phnom Penh','Daun Penh',NULL,300,'2BR','2026-04-19 06:35:38'),
  ('e131e21b-a551-46a7-bf5b-818047cf8513','7aa7ddfd-3bcd-4cbe-ada2-0f2ec55db3d8','room near CADT','Phnom Penh',NULL,150,NULL,NULL,'2026-06-21 06:35:38'),
  ('682b3158-b9c8-4484-9b1b-f051b1eb1b61','5bd05cd9-69e6-44f0-b675-0b0e8fb7562b',NULL,'Phnom Penh',NULL,150,500,NULL,'2026-05-16 06:35:38'),
  ('27099f37-5663-4a2f-b40c-373c58afa707','a67ca264-5699-4056-87c6-bcc806014190','1BR Toul Kork','Phnom Penh','Chbar Ampov',NULL,400,'STUDIO','2026-03-30 06:35:38'),
  ('baf4ac42-7ed7-41c1-af8c-930fe74d8b73','492d9542-dc49-4e7e-9191-ae6dd442aa4d','cheap studio','Phnom Penh','7 Makara',150,200,'1BR','2026-04-10 06:35:38'),
  ('394209b0-f99b-454c-aea6-5130b51e522b','11d0587f-50f8-4fb0-bab1-7c0317ea98f1','affordable rent Phnom Penh','Phnom Penh',NULL,100,300,NULL,'2026-06-24 06:35:38'),
  ('749036c0-b1c0-46f3-b0eb-9ab1d6d5f6eb','6ad50919-6d77-4d6d-bc15-0359448690b7',NULL,'Phnom Penh',NULL,150,400,'2BR','2026-05-14 06:35:38'),
  ('700eb742-2170-4a72-a7b9-6a86297cf486','9317f130-3624-48b4-bcb5-a57d45f98178','student room','Phnom Penh','Russei Keo',NULL,300,'STUDIO','2026-05-20 06:35:38'),
  ('83c62b20-f925-4f85-83ac-73382eba6a0c','07d599c4-e7f1-41f7-9f44-013c2fe2cef4',NULL,'Phnom Penh','Russei Keo',80,500,NULL,'2026-06-07 06:35:38'),
  ('b9fe9ab4-3c06-4b16-9de3-e544376a979d','66c8ee2b-42df-4e82-b4aa-fd0547fbb5fa',NULL,'Phnom Penh',NULL,80,500,NULL,'2026-05-03 06:35:38'),
  ('5d17bad8-2b0b-4cc4-a407-75d25d4f5661','381b96c6-d7eb-48ee-8f51-c6eb26c27e33','affordable rent Phnom Penh','Phnom Penh','Chamkar Mon',80,NULL,'SHARED','2026-06-13 06:35:38'),
  ('3918477e-3f8d-47eb-a839-4d38bd332234','850d9e0c-a01d-498e-8871-5e74b1b8590e',NULL,'Phnom Penh',NULL,NULL,400,NULL,'2026-05-07 06:35:38'),
  ('f0a0fbe2-a8fa-4dee-87fd-bf9ae66b6ed9','6ad50919-6d77-4d6d-bc15-0359448690b7','cheap studio','Phnom Penh','Pur Senchey',150,300,NULL,'2026-04-04 06:35:38'),
  ('b5588ded-354a-4da8-9e35-62429bf25c2c','24ab7eb8-c05b-44f8-9c2d-3567fa026e39','cheap studio','Phnom Penh',NULL,80,500,'STUDIO','2026-06-09 06:35:38'),
  ('42b82d5e-7393-4ecf-a680-c1e4e3055ed8','f0f82ee5-63ec-42f1-8b4a-36c65cd46dd5','student room','Phnom Penh','Boeung Keng Kang',150,500,'1BR','2026-06-01 06:35:38'),
  ('9e297e82-c0e1-42c1-bd92-538a4c1ac16e','593f8338-a05e-4274-84df-3d1cfaf0affd','affordable rent Phnom Penh','Phnom Penh',NULL,100,400,'2BR','2026-06-16 06:35:38'),
  ('32faff3b-6f13-4cd9-af9d-d9bd251e5e63','850d9e0c-a01d-498e-8871-5e74b1b8590e','room near CADT','Phnom Penh','Chbar Ampov',150,200,'STUDIO','2026-05-11 06:35:38'),
  ('1d09a41e-7365-40d9-9752-a0ea3a2e017a','694f7095-ccee-42e1-a21d-b8f90f920223','room near CADT','Phnom Penh',NULL,100,NULL,'STUDIO','2026-05-28 06:35:38'),
  ('dcca5ef9-dbfe-430e-b04d-9eca79719490','f84b914e-9c61-4e4f-b8b8-0662cabf915a',NULL,'Phnom Penh','Russei Keo',150,400,NULL,'2026-05-31 06:35:38'),
  ('e6458290-c826-46e1-b71e-6eed49853b06','f0f82ee5-63ec-42f1-8b4a-36c65cd46dd5','student room','Phnom Penh','Chamkar Mon',150,300,'1BR','2026-05-22 06:35:38'),
  ('cdaa2fab-569e-4a38-9562-870d7979d3f3','8aac427d-d132-4792-9b7d-81130e3c303c','student room','Phnom Penh',NULL,NULL,NULL,NULL,'2026-04-26 06:35:38'),
  ('ebdb5ca2-e725-4b66-8fc9-e8f5c4b4803e','f0f82ee5-63ec-42f1-8b4a-36c65cd46dd5',NULL,'Phnom Penh','Daun Penh',NULL,200,'SHARED','2026-04-30 06:35:38'),
  ('24d8ee59-0274-4a30-82d7-e18007cd56a4','694f7095-ccee-42e1-a21d-b8f90f920223',NULL,'Phnom Penh','7 Makara',150,500,'SHARED','2026-05-13 06:35:38'),
  ('a31d4ef8-4d61-411b-a27b-da07da847b0e','a7923b0d-17f9-464d-8140-32e8b6818016','student room','Phnom Penh','Toul Kork',150,200,'2BR','2026-05-06 06:35:38'),
  ('39230cbe-2f41-4392-928d-96629b0acfec','d674d86c-1d7a-42f3-9359-294d866a6864','affordable rent Phnom Penh','Phnom Penh',NULL,NULL,500,NULL,'2026-05-11 06:35:38'),
  ('07b45662-400b-48ef-bb0c-99c37ce5feaf','cfb0b1b3-da72-417e-9f50-913cf74587f5',NULL,'Phnom Penh','Sen Sok',80,500,'2BR','2026-04-29 06:35:38'),
  ('75e60697-b80e-4e23-9708-961621d6abc8','a6fc1ab6-babe-4955-b695-8e0d4e585e0c','cheap studio','Phnom Penh','Pur Senchey',NULL,200,NULL,'2026-04-04 06:35:38'),
  ('2aff5801-bc1e-4f9f-92eb-f1add375061c','f0f82ee5-63ec-42f1-8b4a-36c65cd46dd5','cheap studio','Phnom Penh','Chbar Ampov',100,500,NULL,'2026-05-15 06:35:38'),
  ('33359309-2238-4481-be66-d8303c7303b9','07d599c4-e7f1-41f7-9f44-013c2fe2cef4','room near CADT','Phnom Penh','Chbar Ampov',150,500,'SHARED','2026-05-13 06:35:38'),
  ('a26bac7b-d3dd-401f-8250-f18c06887f2b','5cae85cb-6054-4919-80b6-f6031dbf3534','near university','Phnom Penh',NULL,NULL,500,'2BR','2026-06-20 06:35:38'),
  ('4c2ba5f8-001b-4452-979e-c63856b46bf5','97540b66-1c7f-46b9-adfc-814d0f857fd2',NULL,'Phnom Penh','Pur Senchey',NULL,300,'STUDIO','2026-05-22 06:35:38'),
  ('64b8b6f5-4707-46c9-aab9-aa1627fd2cbd','bbc36ffb-ffc3-43ac-b71b-83525beacdf5','cheap studio','Phnom Penh',NULL,NULL,300,NULL,'2026-04-10 06:35:38'),
  ('e29c69d0-d483-4894-bb5b-5d1080d62858','3e629edf-bfd0-44e4-9aa3-af4641407f97','near university','Phnom Penh','Toul Kork',NULL,500,NULL,'2026-04-13 06:35:38'),
  ('61deec6c-5e7c-4a03-8a7b-8f0a1816728c','554b4c7f-71b9-4047-ad37-b4c2ca8aa5cb','student room','Phnom Penh','Mean Chey',80,300,'1BR','2026-04-26 06:35:38'),
  ('6b585bbe-deb2-46a0-98bf-d689bee548e7','c4e65f46-2165-4300-8569-1e507c25cc31','room near CADT','Phnom Penh',NULL,NULL,200,'1BR','2026-04-25 06:35:38'),
  ('ae0e6379-5d71-4a18-bb5e-1610bf897d71','a5635d95-feab-4304-be41-23cabb2be648',NULL,'Phnom Penh','Chamkar Mon',150,200,NULL,'2026-05-14 06:35:38'),
  ('e9a30692-47e7-4f9f-919e-b55a5d8f5566','24ab7eb8-c05b-44f8-9c2d-3567fa026e39','near university','Phnom Penh','Sen Sok',NULL,200,NULL,'2026-04-28 06:35:38'),
  ('25224b6a-adff-4ef7-8b3f-716e3a58630e','a85e5df6-d0df-4343-951a-d1f18aad9d77',NULL,'Phnom Penh','Chbar Ampov',80,400,'SHARED','2026-04-28 06:35:38'),
  ('37c0eccf-65e3-49c4-b67a-8da68bdc05d7','11d0587f-50f8-4fb0-bab1-7c0317ea98f1','student room','Phnom Penh','Russei Keo',NULL,300,'SHARED','2026-05-10 06:35:38'),
  ('79f9674e-6789-491a-bf22-a752442216dd','593f8338-a05e-4274-84df-3d1cfaf0affd','affordable rent Phnom Penh','Phnom Penh','Toul Kork',NULL,500,'SHARED','2026-04-10 06:35:38'),
  ('79b01765-37c8-4320-a09f-5703840fe7d1','9eb76276-0693-4766-8047-7bac73a2d2fd','near university','Phnom Penh',NULL,100,NULL,NULL,'2026-04-14 06:35:38'),
  ('4b1efc75-c6e1-4e93-9c41-59bee0530bcd','8d73bfca-01d2-4bee-95a1-8f7e6f5cd041',NULL,'Phnom Penh','Chamkar Mon',80,500,NULL,'2026-03-31 06:35:38'),
  ('7776539e-ed7b-4959-aca9-2f8b5e4e2372','c4e65f46-2165-4300-8569-1e507c25cc31','affordable rent Phnom Penh','Phnom Penh','Toul Kork',NULL,NULL,NULL,'2026-04-21 06:35:38'),
  ('a7a060c3-85e6-4cd4-acec-c1c83ecc0221','6d511d3a-8802-4249-a9ff-a680b0e044e9',NULL,'Phnom Penh',NULL,100,300,NULL,'2026-06-24 06:35:38'),
  ('de9eff6f-9173-4273-bb2a-fe5030ca9a05','b8e0f3b8-875e-4108-a434-61c55a75ed5b','cheap studio','Phnom Penh',NULL,80,500,'STUDIO','2026-06-16 06:35:38'),
  ('5754206e-7452-4c29-b0d6-a335a29dfc00','d0cc1727-eb5f-4ac8-8af7-b1d291bee5b8','student room','Phnom Penh',NULL,80,NULL,'2BR','2026-05-21 06:35:38'),
  ('b2e36802-eb95-453e-9c83-baa31094397c','492d9542-dc49-4e7e-9191-ae6dd442aa4d','cheap studio','Phnom Penh','Boeung Keng Kang',150,300,NULL,'2026-06-18 06:35:38'),
  ('9354b787-8b84-40fe-8408-082738e5c436','3e629edf-bfd0-44e4-9aa3-af4641407f97','room near CADT','Phnom Penh',NULL,100,NULL,NULL,'2026-05-25 06:35:38'),
  ('a417b496-1510-4ca5-84c8-a8752d64041f','c4e65f46-2165-4300-8569-1e507c25cc31',NULL,'Phnom Penh',NULL,80,500,NULL,'2026-04-06 06:35:38'),
  ('e731c2f4-7086-4a4c-b43b-13b497d4ff02','bbc36ffb-ffc3-43ac-b71b-83525beacdf5','cheap studio','Phnom Penh',NULL,150,200,'STUDIO','2026-05-02 06:35:38'),
  ('9d06d246-21e9-4a3d-b408-7f1f8789f142','12e7f61f-5362-4448-9c51-15e078b836f7','near university','Phnom Penh',NULL,NULL,NULL,'2BR','2026-05-01 06:35:38'),
  ('c92e6f75-cab2-4248-a017-9799d25325fa','57f765f9-2717-490a-a764-d46657a7baf4',NULL,'Phnom Penh',NULL,NULL,NULL,'2BR','2026-06-08 06:35:38'),
  ('ac836518-eee3-4c92-95f7-2e7b51b86732','3e257aab-7716-46fb-83a2-e31acf79dfcf','affordable rent Phnom Penh','Phnom Penh','Pur Senchey',NULL,500,'SHARED','2026-04-27 06:35:38'),
  ('2daed99d-8f7c-40c1-910d-0b86a82cc22b','f84b914e-9c61-4e4f-b8b8-0662cabf915a',NULL,'Phnom Penh','Sen Sok',80,NULL,NULL,'2026-03-31 06:35:38'),
  ('1d25a445-8807-4840-8cd5-e3f5f1290402','a67ca264-5699-4056-87c6-bcc806014190',NULL,'Phnom Penh',NULL,100,300,'SHARED','2026-06-20 06:35:38'),
  ('6a614ac8-8737-44d5-8c46-9e7401ac0816','97540b66-1c7f-46b9-adfc-814d0f857fd2','cheap studio','Phnom Penh',NULL,100,NULL,'2BR','2026-04-06 06:35:38'),
  ('28e36a58-646d-4c2a-ac5c-a39d7ac96b3f','179309ac-4569-438b-8926-72baaf5fb4b2','student room','Phnom Penh','Russei Keo',80,300,'STUDIO','2026-04-08 06:35:38'),
  ('83ca16de-ee3f-47ba-bcda-3fc63a01b35b','3e257aab-7716-46fb-83a2-e31acf79dfcf','affordable rent Phnom Penh','Phnom Penh','7 Makara',80,200,NULL,'2026-06-24 06:35:38'),
  ('2ee3bc56-5432-42bc-a369-076643f222e4','c14aebfb-8143-473e-b515-9d80c6e66a48','1BR Toul Kork','Phnom Penh','Sen Sok',100,400,'SHARED','2026-06-25 06:35:38'),
  ('2b4d0776-adaa-4dca-ac28-18a51894b986','3f0028a3-1cd2-4337-9ae0-c07e709f827b','affordable rent Phnom Penh','Phnom Penh',NULL,NULL,400,NULL,'2026-04-05 06:35:38'),
  ('ae7eb077-068b-49a3-bdf5-dfeba4a6dbdf','f0f82ee5-63ec-42f1-8b4a-36c65cd46dd5',NULL,'Phnom Penh','Chbar Ampov',80,500,NULL,'2026-06-18 06:35:38');

SET FOREIGN_KEY_CHECKS=1;

-- Done! Summary:
-- 92 USERS (2 admin, 30 owners, 60 renters)
-- 15 AMENITIES, 8 UNIVERSITIES
-- 100 ROOMS, 100 ROOM_IMAGES sets, 100 SAVED_ROOMS
-- 100 VIEWING_REQUESTS, 50 CONVERSATIONS, 100 MESSAGES
-- 100 REVIEWS, 100 NOTIFICATIONS, 100 SEARCH_HISTORY